id,collected_at,target_at,forecast_timestamp,forecast_time_str,temp_c,real_feel,real_feel_shade,wind_speed,air_quality,max_uv,precip_probability,extra_details
1,2026-07-08T18:09:45.473923+09:00,2026-07-08T19:00:00+09:00,1783504800,2026-07-08T10:00:00+00:00,27,32,32,남서 11km/h,나쁨,N/A,20%,"{""max_uv"": ""0.1 (낮음)"", ""humidity"": ""83%"", ""dew_point"": ""24° C"", ""real_feel"": 32, ""visibility"": ""11km"", ""wind_gusts"": ""28km/h"", ""cloud_cover"": ""70%"", ""cloud_ceiling"": ""500m"", ""precip_probability"": ""20%"", ""acculumen_brightness"": ""1 (어둡게)""}"
78,2026-07-08T19:04:37.918117+09:00,2026-07-08T20:00:00+09:00,1783508400,2026-07-08T11:00:00+00:00,26,31,,남남서 9km/h,보통,N/A,20%,"{""humidity"": ""87%"", ""dew_point"": ""24° C"", ""real_feel"": 31, ""visibility"": ""10km"", ""cloud_cover"": ""82%"", ""cloud_ceiling"": ""500m"", ""precip_probability"": ""20%"", ""acculumen_brightness"": ""0 (어둡게)""}"
154,2026-07-08T20:05:46.327920+09:00,2026-07-08T21:00:00+09:00,1783512000,2026-07-08T12:00:00+00:00,25,30,,남남동 7km/h,보통,N/A,20%,"{""dew_point"": ""24° C"", ""real_feel"": 30, ""visibility"": ""10km"", ""cloud_cover"": ""98%"", ""cloud_ceiling"": ""500m"", ""precip_probability"": ""20%"", ""acculumen_brightness"": ""0 (어둡게)""}"
229,2026-07-08T21:04:04.611752+09:00,2026-07-08T22:00:00+09:00,1783515600,2026-07-08T13:00:00+00:00,24,28,,남남동 7km/h,보통,N/A,20%,"{""dew_point"": ""23° C"", ""real_feel"": 28, ""visibility"": ""10km"", ""cloud_cover"": ""99%"", ""cloud_ceiling"": ""500m"", ""precip_probability"": ""20%"", ""acculumen_brightness"": ""0 (어둡게)""}"
303,2026-07-08T22:05:11.635517+09:00,2026-07-08T23:00:00+09:00,1783519200,2026-07-08T14:00:00+00:00,24,28,,남남동 7km/h,보통,N/A,20%,"{""dew_point"": ""24° C"", ""real_feel"": 28, ""visibility"": ""8km"", ""cloud_cover"": ""99%"", ""cloud_ceiling"": ""500m"", ""precip_probability"": ""20%"", ""acculumen_brightness"": ""0 (어둡게)""}"
376,2026-07-08T23:06:49.383356+09:00,2026-07-09T00:00:00+09:00,1783522800,2026-07-08T15:00:00+00:00,24,29,,남남동 7km/h,보통,N/A,25%,"{""dew_point"": ""24° C"", ""real_feel"": 29, ""visibility"": ""8km"", ""cloud_cover"": ""100%"", ""cloud_ceiling"": ""500m"", ""precip_probability"": ""25%"", ""acculumen_brightness"": ""0 (어둡게)""}"
472,2026-07-09T00:02:41.693619+09:00,2026-07-09T01:00:00+09:00,1783526400,2026-07-08T16:00:00+00:00,24,29,,남 7km/h,보통,N/A,49%,"{""dew_point"": ""24° C"", ""real_feel"": 29, ""visibility"": ""8km"", ""cloud_cover"": ""100%"", ""cloud_ceiling"": ""500m"", ""precip_probability"": ""49%"", ""acculumen_brightness"": ""0 (어둡게)""}"
567,2026-07-09T01:02:34.816414+09:00,2026-07-09T02:00:00+09:00,1783530000,2026-07-08T17:00:00+00:00,24,28,,남 7km/h,보통,N/A,49%,"{""비"": ""0.1mm"", ""dew_point"": ""24° C"", ""real_feel"": 28, ""visibility"": ""6km"", ""cloud_cover"": ""100%"", ""cloud_ceiling"": ""500m"", ""precip_probability"": ""49%"", ""acculumen_brightness"": ""0 (어둡게)""}"
661,2026-07-09T02:04:52.115864+09:00,2026-07-09T03:00:00+09:00,1783533600,2026-07-08T18:00:00+00:00,24,28,,남 7km/h,보통,N/A,57%,"{""비"": ""0.2mm"", ""dew_point"": ""24° C"", ""real_feel"": 28, ""visibility"": ""6km"", ""cloud_cover"": ""100%"", ""cloud_ceiling"": ""500m"", ""precip_probability"": ""57%"", ""acculumen_brightness"": ""0 (어둡게)""}"
754,2026-07-09T03:02:16.592495+09:00,2026-07-09T04:00:00+09:00,1783537200,2026-07-08T19:00:00+00:00,24,29,,남 7km/h,보통,N/A,33%,"{""dew_point"": ""24° C"", ""real_feel"": 29, ""visibility"": ""8km"", ""cloud_cover"": ""100%"", ""cloud_ceiling"": ""500m"", ""precip_probability"": ""33%"", ""acculumen_brightness"": ""0 (어둡게)""}"
846,2026-07-09T04:04:40.872513+09:00,2026-07-09T05:00:00+09:00,1783540800,2026-07-08T20:00:00+00:00,24,28,,남 7km/h,보통,N/A,54%,"{""비"": ""0.1mm"", ""dew_point"": ""24° C"", ""real_feel"": 28, ""visibility"": ""8km"", ""cloud_cover"": ""100%"", ""cloud_ceiling"": ""500m"", ""precip_probability"": ""54%"", ""acculumen_brightness"": ""0 (어둡게)""}"
937,2026-07-09T05:03:38.442875+09:00,2026-07-09T06:00:00+09:00,1783544400,2026-07-08T21:00:00+00:00,24,28,28,남 7km/h,보통,0,56%,"{""비"": ""0.1mm"", ""humidity"": ""100%"", ""dew_point"": ""24° C"", ""real_feel"": 28, ""visibility"": ""8km"", ""wind_gusts"": ""19km/h"", ""cloud_cover"": ""100%"", ""cloud_ceiling"": ""500m"", ""precip_probability"": ""56%"", ""acculumen_brightness"": ""1 (어둡게)""}"
1027,2026-07-09T06:06:36.273901+09:00,2026-07-09T07:00:00+09:00,1783548000,2026-07-08T22:00:00+00:00,24,29,29,남남동 7km/h,보통,0,60%,"{""비"": ""0.1mm"", ""humidity"": ""99%"", ""dew_point"": ""24° C"", ""real_feel"": 29, ""visibility"": ""8km"", ""wind_gusts"": ""20km/h"", ""cloud_cover"": ""100%"", ""cloud_ceiling"": ""500m"", ""precip_probability"": ""60%"", ""acculumen_brightness"": ""1 (어둡게)""}"
1116,2026-07-09T07:06:40.090897+09:00,2026-07-09T08:00:00+09:00,1783551600,2026-07-08T23:00:00+00:00,24,30,30,남동 9km/h,보통,0,49%,"{""humidity"": ""98%"", ""dew_point"": ""24° C"", ""real_feel"": 30, ""visibility"": ""8km"", ""wind_gusts"": ""22km/h"", ""cloud_cover"": ""100%"", ""cloud_ceiling"": ""500m"", ""precip_probability"": ""49%"", ""acculumen_brightness"": ""1 (어둡게)""}"
1204,2026-07-09T08:05:54.699009+09:00,2026-07-09T09:00:00+09:00,1783555200,2026-07-09T00:00:00+00:00,24,30,28,남동 9km/h,보통,1,49%,"{""humidity"": ""97%"", ""dew_point"": ""24° C"", ""real_feel"": 30, ""visibility"": ""8km"", ""wind_gusts"": ""24km/h"", ""cloud_cover"": ""100%"", ""cloud_ceiling"": ""500m"", ""precip_probability"": ""49%"", ""acculumen_brightness"": ""1 (어둡게)""}"
1291,2026-07-09T09:05:42.218512+09:00,2026-07-09T10:00:00+09:00,1783558800,2026-07-09T01:00:00+00:00,25,29,28,남남동 11km/h,보통,1,52%,"{""비"": ""0.1mm"", ""humidity"": ""96%"", ""dew_point"": ""24° C"", ""real_feel"": 29, ""visibility"": ""5km"", ""wind_gusts"": ""26km/h"", ""cloud_cover"": ""100%"", ""cloud_ceiling"": ""500m"", ""precip_probability"": ""52%"", ""acculumen_brightness"": ""1 (어둡게)""}"
1377,2026-07-09T10:05:53.367740+09:00,2026-07-09T11:00:00+09:00,1783562400,2026-07-09T02:00:00+00:00,25,27,26,남 11km/h,보통,1,66%,"{""비"": ""8.6mm"", ""humidity"": ""93%"", ""dew_point"": ""24° C"", ""real_feel"": 27, ""visibility"": ""3km"", ""wind_gusts"": ""30km/h"", ""cloud_cover"": ""100%"", ""cloud_ceiling"": ""500m"", ""precip_probability"": ""66%"", ""acculumen_brightness"": ""1 (어둡게)""}"
1462,2026-07-09T11:03:23.862885+09:00,2026-07-09T12:00:00+09:00,1783566000,2026-07-09T03:00:00+00:00,25,30,28,남 13km/h,보통,2,49%,"{""humidity"": ""91%"", ""dew_point"": ""23° C"", ""real_feel"": 30, ""visibility"": ""8km"", ""wind_gusts"": ""33km/h"", ""cloud_cover"": ""100%"", ""cloud_ceiling"": ""500m"", ""precip_probability"": ""49%"", ""acculumen_brightness"": ""1 (어둡게)""}"
1546,2026-07-09T12:07:12.182787+09:00,2026-07-09T13:00:00+09:00,1783569600,2026-07-09T04:00:00+00:00,25,28,27,남남서 13km/h,나쁨,1,52%,"{""비"": ""2.2mm"", ""humidity"": ""91%"", ""dew_point"": ""23° C"", ""real_feel"": 28, ""visibility"": ""5km"", ""wind_gusts"": ""35km/h"", ""cloud_cover"": ""99%"", ""cloud_ceiling"": ""500m"", ""precip_probability"": ""52%"", ""acculumen_brightness"": ""1 (어둡게)""}"
1629,2026-07-09T13:04:56.306991+09:00,2026-07-09T14:00:00+09:00,1783573200,2026-07-09T05:00:00+00:00,26,28,27,남남서 15km/h,나쁨,N/A,55%,"{""비"": ""3.2mm"", ""max_uv"": ""1.4 (낮음)"", ""humidity"": ""89%"", ""dew_point"": ""24° C"", ""real_feel"": 28, ""visibility"": ""6km"", ""wind_gusts"": ""37km/h"", ""cloud_cover"": ""99%"", ""cloud_ceiling"": ""500m"", ""precip_probability"": ""55%"", ""acculumen_brightness"": ""1 (어둡게)""}"
1711,2026-07-09T14:07:49.854561+09:00,2026-07-09T15:00:00+09:00,1783576800,2026-07-09T06:00:00+00:00,27,31,30,남남서 15km/h,나쁨,N/A,70%,"{""max_uv"": ""1.0 (낮음)"", ""humidity"": ""84%"", ""dew_point"": ""24° C"", ""real_feel"": 31, ""visibility"": ""8km"", ""wind_gusts"": ""37km/h"", ""cloud_cover"": ""99%"", ""cloud_ceiling"": ""500m"", ""precip_probability"": ""70%"", ""acculumen_brightness"": ""1 (어둡게)""}"
1792,2026-07-09T15:06:44.214847+09:00,2026-07-09T16:00:00+09:00,1783580400,2026-07-09T07:00:00+00:00,25,29,29,남 13km/h,나쁨,0,57%,"{""humidity"": ""93%"", ""dew_point"": ""24° C"", ""real_feel"": 29, ""visibility"": ""8km"", ""wind_gusts"": ""33km/h"", ""cloud_cover"": ""97%"", ""cloud_ceiling"": ""500m"", ""precip_probability"": ""57%"", ""acculumen_brightness"": ""1 (어둡게)""}"
1872,2026-07-09T16:08:03.565754+09:00,2026-07-09T17:00:00+09:00,1783584000,2026-07-09T08:00:00+00:00,25,29,29,남 11km/h,나쁨,0,47%,"{""humidity"": ""92%"", ""dew_point"": ""24° C"", ""real_feel"": 29, ""visibility"": ""8km"", ""wind_gusts"": ""28km/h"", ""cloud_cover"": ""95%"", ""cloud_ceiling"": ""500m"", ""precip_probability"": ""47%"", ""acculumen_brightness"": ""1 (어둡게)""}"
1951,2026-07-09T17:05:43.188756+09:00,2026-07-09T18:00:00+09:00,1783587600,2026-07-09T09:00:00+00:00,25,29,29,남남서 11km/h,나쁨,0,39%,"{""humidity"": ""92%"", ""dew_point"": ""24° C"", ""real_feel"": 29, ""visibility"": ""8km"", ""wind_gusts"": ""30km/h"", ""cloud_cover"": ""92%"", ""cloud_ceiling"": ""500m"", ""precip_probability"": ""39%"", ""acculumen_brightness"": ""2 (어둡게)""}"
2029,2026-07-09T18:07:09.538595+09:00,2026-07-09T19:00:00+09:00,1783591200,2026-07-09T10:00:00+00:00,26,29,29,남 11km/h,보통,N/A,40%,"{""비"": ""0.2mm"", ""max_uv"": ""0.0 (낮음)"", ""humidity"": ""85%"", ""dew_point"": ""23° C"", ""real_feel"": 29, ""visibility"": ""8km"", ""wind_gusts"": ""26km/h"", ""cloud_cover"": ""99%"", ""cloud_ceiling"": ""500m"", ""precip_probability"": ""40%"", ""acculumen_brightness"": ""0 (어둡게)""}"
2106,2026-07-09T19:07:15.595842+09:00,2026-07-09T20:00:00+09:00,1783594800,2026-07-09T11:00:00+00:00,26,28,,남 9km/h,보통,N/A,54%,"{""비"": ""1.3mm"", ""humidity"": ""85%"", ""dew_point"": ""23° C"", ""real_feel"": 28, ""visibility"": ""8km"", ""cloud_cover"": ""100%"", ""cloud_ceiling"": ""500m"", ""precip_probability"": ""54%"", ""acculumen_brightness"": ""0 (어둡게)""}"
2182,2026-07-09T20:07:06.369092+09:00,2026-07-09T21:00:00+09:00,1783598400,2026-07-09T12:00:00+00:00,26,29,,남남동 9km/h,보통,N/A,48%,"{""비"": ""0.1mm"", ""dew_point"": ""23° C"", ""real_feel"": 29, ""visibility"": ""8km"", ""cloud_cover"": ""100%"", ""cloud_ceiling"": ""500m"", ""precip_probability"": ""48%"", ""acculumen_brightness"": ""0 (어둡게)""}"
2257,2026-07-09T21:06:02.554299+09:00,2026-07-09T22:00:00+09:00,1783602000,2026-07-09T13:00:00+00:00,25,28,,남남동 7km/h,보통,N/A,51%,"{""dew_point"": ""23° C"", ""real_feel"": 28, ""visibility"": ""8km"", ""cloud_cover"": ""100%"", ""cloud_ceiling"": ""500m"", ""precip_probability"": ""51%"", ""acculumen_brightness"": ""0 (어둡게)""}"
2331,2026-07-09T22:05:49.678326+09:00,2026-07-09T23:00:00+09:00,1783605600,2026-07-09T14:00:00+00:00,24,28,,남남동 7km/h,보통,N/A,44%,"{""dew_point"": ""23° C"", ""real_feel"": 28, ""visibility"": ""8km"", ""cloud_cover"": ""100%"", ""cloud_ceiling"": ""500m"", ""precip_probability"": ""44%"", ""acculumen_brightness"": ""0 (어둡게)""}"
2404,2026-07-09T23:02:49.077698+09:00,2026-07-10T00:00:00+09:00,1783609200,2026-07-09T15:00:00+00:00,25,29,,남남동 7km/h,보통,N/A,49%,"{""dew_point"": ""23° C"", ""real_feel"": 29, ""visibility"": ""8km"", ""cloud_cover"": ""100%"", ""cloud_ceiling"": ""500m"", ""precip_probability"": ""49%"", ""acculumen_brightness"": ""0 (어둡게)""}"
2500,2026-07-10T00:06:34.376381+09:00,2026-07-10T01:00:00+09:00,1783612800,2026-07-09T16:00:00+00:00,24,28,,남동 7km/h,보통,N/A,53%,"{""비"": ""0.1mm"", ""dew_point"": ""23° C"", ""real_feel"": 28, ""visibility"": ""8km"", ""cloud_cover"": ""100%"", ""cloud_ceiling"": ""500m"", ""precip_probability"": ""53%"", ""acculumen_brightness"": ""0 (어둡게)""}"
2595,2026-07-10T01:04:22.661521+09:00,2026-07-10T02:00:00+09:00,1783616400,2026-07-09T17:00:00+00:00,24,26,,남동 7km/h,나쁨,N/A,70%,"{""비"": ""0.8mm"", ""dew_point"": ""23° C"", ""real_feel"": 26, ""visibility"": ""8km"", ""cloud_cover"": ""100%"", ""cloud_ceiling"": ""500m"", ""precip_probability"": ""70%"", ""acculumen_brightness"": ""0 (어둡게)""}"
2689,2026-07-10T02:04:25.569965+09:00,2026-07-10T03:00:00+09:00,1783620000,2026-07-09T18:00:00+00:00,24,27,,동남동 7km/h,보통,N/A,69%,"{""dew_point"": ""23° C"", ""real_feel"": 27, ""visibility"": ""8km"", ""cloud_cover"": ""100%"", ""cloud_ceiling"": ""500m"", ""precip_probability"": ""69%"", ""acculumen_brightness"": ""0 (어둡게)""}"
2782,2026-07-10T03:04:10.729627+09:00,2026-07-10T04:00:00+09:00,1783623600,2026-07-09T19:00:00+00:00,23,25,,동남동 7km/h,보통,N/A,65%,"{""비"": ""2.5mm"", ""dew_point"": ""23° C"", ""real_feel"": 25, ""visibility"": ""5km"", ""cloud_cover"": ""100%"", ""cloud_ceiling"": ""500m"", ""precip_probability"": ""65%"", ""acculumen_brightness"": ""0 (어둡게)""}"
2874,2026-07-10T04:07:27.315517+09:00,2026-07-10T05:00:00+09:00,1783627200,2026-07-09T20:00:00+00:00,23,26,,동남동 7km/h,나쁨,N/A,57%,"{""비"": ""0.1mm"", ""dew_point"": ""23° C"", ""real_feel"": 26, ""visibility"": ""5km"", ""cloud_cover"": ""100%"", ""cloud_ceiling"": ""500m"", ""precip_probability"": ""57%"", ""acculumen_brightness"": ""0 (어둡게)""}"
2965,2026-07-10T05:07:46.375449+09:00,2026-07-10T06:00:00+09:00,1783630800,2026-07-09T21:00:00+00:00,23,28,28,남동 7km/h,보통,0,49%,"{""humidity"": ""100%"", ""dew_point"": ""23° C"", ""real_feel"": 28, ""visibility"": ""8km"", ""wind_gusts"": ""19km/h"", ""cloud_cover"": ""100%"", ""cloud_ceiling"": ""500m"", ""precip_probability"": ""49%"", ""acculumen_brightness"": ""1 (어둡게)""}"
3055,2026-07-10T06:05:20.054750+09:00,2026-07-10T07:00:00+09:00,1783634400,2026-07-09T22:00:00+00:00,24,28,28,동남동 7km/h,보통,0,57%,"{""비"": ""0.6mm"", ""humidity"": ""99%"", ""dew_point"": ""24° C"", ""real_feel"": 28, ""visibility"": ""6km"", ""wind_gusts"": ""19km/h"", ""cloud_cover"": ""99%"", ""cloud_ceiling"": ""500m"", ""precip_probability"": ""57%"", ""acculumen_brightness"": ""1 (어둡게)""}"
3144,2026-07-10T07:03:47.224750+09:00,2026-07-10T08:00:00+09:00,1783638000,2026-07-09T23:00:00+00:00,26,31,31,동 7km/h,완벽함,0,54%,"{""비"": ""0.1mm"", ""humidity"": ""93%"", ""dew_point"": ""24° C"", ""real_feel"": 31, ""visibility"": ""3km"", ""wind_gusts"": ""19km/h"", ""cloud_cover"": ""99%"", ""cloud_ceiling"": ""500m"", ""precip_probability"": ""54%"", ""acculumen_brightness"": ""1 (어둡게)""}"
3232,2026-07-10T08:03:27.088839+09:00,2026-07-10T09:00:00+09:00,1783641600,2026-07-10T00:00:00+00:00,27,33,31,동 9km/h,보통,N/A,47%,"{""max_uv"": ""1.1 (낮음)"", ""humidity"": ""90%"", ""dew_point"": ""25° C"", ""real_feel"": 33, ""visibility"": ""8km"", ""wind_gusts"": ""20km/h"", ""cloud_cover"": ""99%"", ""cloud_ceiling"": ""500m"", ""precip_probability"": ""47%"", ""acculumen_brightness"": ""1 (어둡게)""}"
3319,2026-07-10T09:03:10.492387+09:00,2026-07-10T10:00:00+09:00,1783645200,2026-07-10T01:00:00+00:00,27,34,31,동 9km/h,보통,N/A,40%,"{""비"": ""0.1mm"", ""max_uv"": ""1.6 (낮음)"", ""humidity"": ""88%"", ""dew_point"": ""25° C"", ""real_feel"": 34, ""visibility"": ""8km"", ""wind_gusts"": ""24km/h"", ""cloud_cover"": ""99%"", ""cloud_ceiling"": ""500m"", ""precip_probability"": ""40%"", ""acculumen_brightness"": ""1 (어둡게)""}"
3405,2026-07-10T10:04:03.852255+09:00,2026-07-10T11:00:00+09:00,1783648800,2026-07-10T02:00:00+00:00,28,35,32,동남동 11km/h,보통,N/A,37%,"{""max_uv"": ""2.4 (낮음)"", ""humidity"": ""87%"", ""dew_point"": ""25° C"", ""real_feel"": 35, ""visibility"": ""8km"", ""wind_gusts"": ""26km/h"", ""cloud_cover"": ""99%"", ""cloud_ceiling"": ""500m"", ""precip_probability"": ""37%"", ""acculumen_brightness"": ""1 (어둡게)""}"
3490,2026-07-10T11:04:30.011244+09:00,2026-07-10T12:00:00+09:00,1783652400,2026-07-10T03:00:00+00:00,28,36,33,남동 11km/h,보통,N/A,29%,"{""max_uv"": ""2.6 (보통)"", ""humidity"": ""85%"", ""dew_point"": ""25° C"", ""real_feel"": 36, ""visibility"": ""8km"", ""wind_gusts"": ""28km/h"", ""cloud_cover"": ""99%"", ""cloud_ceiling"": ""500m"", ""precip_probability"": ""29%"", ""acculumen_brightness"": ""1 (어둡게)""}"
3574,2026-07-10T12:05:33.928641+09:00,2026-07-10T13:00:00+09:00,1783656000,2026-07-10T04:00:00+00:00,29,36,33,남동 11km/h,보통,N/A,20%,"{""max_uv"": ""3.2 (보통)"", ""humidity"": ""82%"", ""dew_point"": ""25° C"", ""real_feel"": 36, ""visibility"": ""8km"", ""wind_gusts"": ""28km/h"", ""cloud_cover"": ""98%"", ""cloud_ceiling"": ""3100m"", ""precip_probability"": ""20%"", ""acculumen_brightness"": ""1 (어둡게)""}"
3657,2026-07-10T13:03:11.257937+09:00,2026-07-10T14:00:00+09:00,1783659600,2026-07-10T05:00:00+00:00,28,35,33,남남동 11km/h,보통,N/A,20%,"{""max_uv"": ""2.4 (낮음)"", ""humidity"": ""83%"", ""dew_point"": ""25° C"", ""real_feel"": 35, ""visibility"": ""10km"", ""wind_gusts"": ""28km/h"", ""cloud_cover"": ""98%"", ""cloud_ceiling"": ""3100m"", ""precip_probability"": ""20%"", ""acculumen_brightness"": ""1 (어둡게)""}"
3739,2026-07-10T14:06:21.025165+09:00,2026-07-10T15:00:00+09:00,1783663200,2026-07-10T06:00:00+00:00,28,34,32,남 11km/h,보통,N/A,62%,"{""비"": ""0.3mm"", ""max_uv"": ""1.8 (낮음)"", ""humidity"": ""84%"", ""dew_point"": ""25° C"", ""real_feel"": 34, ""visibility"": ""10km"", ""wind_gusts"": ""26km/h"", ""cloud_cover"": ""100%"", ""cloud_ceiling"": ""7600m"", ""precip_probability"": ""62%"", ""acculumen_brightness"": ""1 (어둡게)""}"
3820,2026-07-10T15:07:17.107443+09:00,2026-07-10T16:00:00+09:00,1783666800,2026-07-10T07:00:00+00:00,27,33,31,남 11km/h,보통,N/A,51%,"{""max_uv"": ""1.4 (낮음)"", ""humidity"": ""90%"", ""dew_point"": ""25° C"", ""real_feel"": 33, ""visibility"": ""10km"", ""wind_gusts"": ""26km/h"", ""cloud_cover"": ""99%"", ""cloud_ceiling"": ""9100m"", ""precip_probability"": ""51%"", ""acculumen_brightness"": ""1 (어둡게)""}"
3900,2026-07-10T16:02:09.631466+09:00,2026-07-10T17:00:00+09:00,1783670400,2026-07-10T08:00:00+00:00,26,33,31,남 9km/h,완벽함,N/A,41%,"{""max_uv"": ""1.0 (낮음)"", ""humidity"": ""91%"", ""dew_point"": ""25° C"", ""real_feel"": 33, ""visibility"": ""11km"", ""wind_gusts"": ""26km/h"", ""cloud_cover"": ""97%"", ""cloud_ceiling"": ""9100m"", ""precip_probability"": ""41%"", ""acculumen_brightness"": ""1 (어둡게)""}"
3979,2026-07-10T17:05:02.204461+09:00,2026-07-10T18:00:00+09:00,1783674000,2026-07-10T09:00:00+00:00,26,32,32,남 9km/h,완벽함,N/A,47%,"{""max_uv"": ""0.6 (낮음)"", ""humidity"": ""91%"", ""dew_point"": ""25° C"", ""real_feel"": 32, ""visibility"": ""11km"", ""wind_gusts"": ""24km/h"", ""cloud_cover"": ""97%"", ""cloud_ceiling"": ""9100m"", ""precip_probability"": ""47%"", ""acculumen_brightness"": ""1 (어둡게)""}"
4057,2026-07-10T18:07:44.179394+09:00,2026-07-10T19:00:00+09:00,1783677600,2026-07-10T10:00:00+00:00,27,33,33,남서 7km/h,완벽함,N/A,40%,"{""비"": ""0.1mm"", ""max_uv"": ""0.1 (낮음)"", ""humidity"": ""90%"", ""dew_point"": ""25° C"", ""real_feel"": 33, ""visibility"": ""10km"", ""wind_gusts"": ""19km/h"", ""cloud_cover"": ""94%"", ""cloud_ceiling"": ""9100m"", ""precip_probability"": ""40%"", ""acculumen_brightness"": ""0 (어둡게)""}"
4134,2026-07-10T19:07:19.843138+09:00,2026-07-10T20:00:00+09:00,1783681200,2026-07-10T11:00:00+00:00,27,34,,서남서 7km/h,완벽함,N/A,37%,"{""humidity"": ""89%"", ""dew_point"": ""25° C"", ""real_feel"": 34, ""visibility"": ""10km"", ""cloud_cover"": ""83%"", ""cloud_ceiling"": ""5900m"", ""precip_probability"": ""37%"", ""acculumen_brightness"": ""0 (어둡게)""}"
4210,2026-07-10T20:06:15.022494+09:00,2026-07-10T21:00:00+09:00,1783684800,2026-07-10T12:00:00+00:00,26,33,,서남서 6km/h,보통,N/A,32%,"{""humidity"": ""92%"", ""dew_point"": ""25° C"", ""real_feel"": 33, ""visibility"": ""8km"", ""cloud_cover"": ""49%"", ""cloud_ceiling"": ""9100m"", ""precip_probability"": ""32%"", ""acculumen_brightness"": ""0 (어둡게)""}"
4285,2026-07-10T21:06:36.940780+09:00,2026-07-10T22:00:00+09:00,1783688400,2026-07-10T13:00:00+00:00,26,32,,남남서 6km/h,보통,N/A,28%,"{""dew_point"": ""25° C"", ""real_feel"": 32, ""visibility"": ""8km"", ""cloud_cover"": ""44%"", ""cloud_ceiling"": ""9100m"", ""precip_probability"": ""28%"", ""acculumen_brightness"": ""0 (어둡게)""}"
4359,2026-07-10T22:08:02.114370+09:00,2026-07-10T23:00:00+09:00,1783692000,2026-07-10T14:00:00+00:00,25,31,,동남동 6km/h,보통,N/A,28%,"{""dew_point"": ""25° C"", ""real_feel"": 31, ""visibility"": ""8km"", ""cloud_cover"": ""38%"", ""cloud_ceiling"": ""9100m"", ""precip_probability"": ""28%"", ""acculumen_brightness"": ""0 (어둡게)""}"
4432,2026-07-10T23:05:29.592538+09:00,2026-07-11T00:00:00+09:00,1783695600,2026-07-10T15:00:00+00:00,25,31,,동남동 6km/h,보통,N/A,34%,"{""dew_point"": ""25° C"", ""real_feel"": 31, ""visibility"": ""8km"", ""cloud_cover"": ""32%"", ""cloud_ceiling"": ""9100m"", ""precip_probability"": ""34%"", ""acculumen_brightness"": ""0 (어둡게)""}"
4528,2026-07-11T00:06:42.124170+09:00,2026-07-11T01:00:00+09:00,1783699200,2026-07-10T16:00:00+00:00,25,31,,동남동 6km/h,보통,N/A,49%,"{""dew_point"": ""24° C"", ""real_feel"": 31, ""visibility"": ""8km"", ""cloud_cover"": ""43%"", ""cloud_ceiling"": ""9100m"", ""precip_probability"": ""49%"", ""acculumen_brightness"": ""0 (어둡게)""}"
4623,2026-07-11T01:05:11.129058+09:00,2026-07-11T02:00:00+09:00,1783702800,2026-07-10T17:00:00+00:00,25,29,,동남동 6km/h,보통,N/A,54%,"{""비"": ""0.5mm"", ""dew_point"": ""24° C"", ""real_feel"": 29, ""visibility"": ""8km"", ""cloud_cover"": ""76%"", ""cloud_ceiling"": ""2100m"", ""precip_probability"": ""54%"", ""acculumen_brightness"": ""0 (어둡게)""}"
4717,2026-07-11T02:06:01.728727+09:00,2026-07-11T03:00:00+09:00,1783706400,2026-07-10T18:00:00+00:00,24,28,,동남동 6km/h,보통,N/A,55%,"{""비"": ""0.5mm"", ""dew_point"": ""24° C"", ""real_feel"": 28, ""visibility"": ""10km"", ""cloud_cover"": ""65%"", ""cloud_ceiling"": ""500m"", ""precip_probability"": ""55%"", ""acculumen_brightness"": ""0 (어둡게)""}"
4810,2026-07-11T03:06:58.148868+09:00,2026-07-11T04:00:00+09:00,1783710000,2026-07-10T19:00:00+00:00,24,30,,동 6km/h,보통,N/A,40%,"{""dew_point"": ""24° C"", ""real_feel"": 30, ""visibility"": ""10km"", ""cloud_cover"": ""83%"", ""cloud_ceiling"": ""9100m"", ""precip_probability"": ""40%"", ""acculumen_brightness"": ""0 (어둡게)""}"
4902,2026-07-11T04:03:54.297235+09:00,2026-07-11T05:00:00+09:00,1783713600,2026-07-10T20:00:00+00:00,24,29,,동북동 6km/h,보통,N/A,34%,"{""dew_point"": ""24° C"", ""real_feel"": 29, ""visibility"": ""10km"", ""cloud_cover"": ""87%"", ""cloud_ceiling"": ""9100m"", ""precip_probability"": ""34%"", ""acculumen_brightness"": ""0 (어둡게)""}"
4993,2026-07-11T05:03:09.927103+09:00,2026-07-11T06:00:00+09:00,1783717200,2026-07-10T21:00:00+00:00,24,30,30,동북동 6km/h,보통,0,23%,"{""humidity"": ""99%"", ""dew_point"": ""24° C"", ""real_feel"": 30, ""visibility"": ""10km"", ""wind_gusts"": ""13km/h"", ""cloud_cover"": ""99%"", ""cloud_ceiling"": ""9100m"", ""precip_probability"": ""23%"", ""acculumen_brightness"": ""1 (어둡게)""}"
5083,2026-07-11T06:05:34.815888+09:00,2026-07-11T07:00:00+09:00,1783720800,2026-07-10T22:00:00+00:00,25,33,30,동 6km/h,보통,1,2%,"{""humidity"": ""98%"", ""dew_point"": ""25° C"", ""real_feel"": 33, ""visibility"": ""11km"", ""wind_gusts"": ""15km/h"", ""cloud_cover"": ""97%"", ""cloud_ceiling"": ""9100m"", ""precip_probability"": ""2%"", ""acculumen_brightness"": ""1 (어둡게)""}"
5172,2026-07-11T07:02:14.276031+09:00,2026-07-11T08:00:00+09:00,1783724400,2026-07-10T23:00:00+00:00,27,35,32,동남동 7km/h,보통,N/A,2%,"{""max_uv"": ""1.8 (낮음)"", ""humidity"": ""91%"", ""dew_point"": ""25° C"", ""real_feel"": 35, ""visibility"": ""16km"", ""wind_gusts"": ""17km/h"", ""cloud_cover"": ""94%"", ""cloud_ceiling"": ""9100m"", ""precip_probability"": ""2%"", ""acculumen_brightness"": ""2 (어둡게)""}"
5260,2026-07-11T08:05:11.830187+09:00,2026-07-11T09:00:00+09:00,1783728000,2026-07-11T00:00:00+00:00,28,37,34,남동 7km/h,보통,N/A,2%,"{""max_uv"": ""2.8 (보통)"", ""humidity"": ""84%"", ""dew_point"": ""25° C"", ""real_feel"": 37, ""visibility"": ""16km"", ""wind_gusts"": ""19km/h"", ""cloud_cover"": ""92%"", ""cloud_ceiling"": ""9100m"", ""precip_probability"": ""2%"", ""acculumen_brightness"": ""2 (어둡게)""}"
5347,2026-07-11T09:03:48.682340+09:00,2026-07-11T10:00:00+09:00,1783731600,2026-07-11T01:00:00+00:00,30,39,35,남남동 7km/h,보통,N/A,2%,"{""max_uv"": ""4.8 (보통)"", ""humidity"": ""77%"", ""dew_point"": ""25° C"", ""real_feel"": 39, ""visibility"": ""16km"", ""wind_gusts"": ""20km/h"", ""cloud_cover"": ""87%"", ""cloud_ceiling"": ""9100m"", ""precip_probability"": ""2%"", ""acculumen_brightness"": ""3 (칙칙함)""}"
5433,2026-07-11T10:02:44.421720+09:00,2026-07-11T11:00:00+09:00,1783735200,2026-07-11T02:00:00+00:00,31,41,36,남남서 9km/h,보통,N/A,2%,"{""max_uv"": ""7.1 (높음)"", ""humidity"": ""71%"", ""dew_point"": ""25° C"", ""real_feel"": 41, ""visibility"": ""16km"", ""wind_gusts"": ""22km/h"", ""cloud_cover"": ""81%"", ""cloud_ceiling"": ""9100m"", ""precip_probability"": ""2%"", ""acculumen_brightness"": ""4 (칙칙함)""}"
5518,2026-07-11T11:07:43.323346+09:00,2026-07-11T12:00:00+09:00,1783738800,2026-07-11T03:00:00+00:00,32,42,37,남서 9km/h,보통,N/A,1%,"{""max_uv"": ""8.6 (매우 높음)"", ""humidity"": ""66%"", ""dew_point"": ""25° C"", ""real_feel"": 42, ""visibility"": ""16km"", ""wind_gusts"": ""22km/h"", ""cloud_cover"": ""76%"", ""cloud_ceiling"": ""9100m"", ""precip_probability"": ""1%"", ""acculumen_brightness"": ""5 (중간)""}"
5602,2026-07-11T12:04:00.131081+09:00,2026-07-11T13:00:00+09:00,1783742400,2026-07-11T04:00:00+00:00,33,42,37,남서 9km/h,보통,N/A,0%,"{""max_uv"": ""6.7 (높음)"", ""humidity"": ""63%"", ""dew_point"": ""25° C"", ""real_feel"": 42, ""visibility"": ""16km"", ""wind_gusts"": ""22km/h"", ""cloud_cover"": ""84%"", ""cloud_ceiling"": ""9100m"", ""precip_probability"": ""0%"", ""acculumen_brightness"": ""4 (칙칙함)""}"
5685,2026-07-11T13:07:41.445725+09:00,2026-07-11T14:00:00+09:00,1783746000,2026-07-11T05:00:00+00:00,33,41,37,서남서 11km/h,보통,N/A,0%,"{""max_uv"": ""4.3 (보통)"", ""humidity"": ""61%"", ""dew_point"": ""25° C"", ""real_feel"": 41, ""visibility"": ""16km"", ""wind_gusts"": ""24km/h"", ""cloud_cover"": ""92%"", ""cloud_ceiling"": ""9100m"", ""precip_probability"": ""0%"", ""acculumen_brightness"": ""2 (어둡게)""}"
5767,2026-07-11T14:03:56.718928+09:00,2026-07-11T15:00:00+09:00,1783749600,2026-07-11T06:00:00+00:00,33,40,38,서남서 11km/h,보통,N/A,0%,"{""max_uv"": ""2.2 (낮음)"", ""humidity"": ""59%"", ""dew_point"": ""25° C"", ""real_feel"": 40, ""visibility"": ""16km"", ""wind_gusts"": ""24km/h"", ""cloud_cover"": ""100%"", ""cloud_ceiling"": ""9100m"", ""precip_probability"": ""0%"", ""acculumen_brightness"": ""1 (어둡게)""}"
5848,2026-07-11T15:05:18.574856+09:00,2026-07-11T16:00:00+09:00,1783753200,2026-07-11T07:00:00+00:00,34,40,38,서 11km/h,나쁨,N/A,0%,"{""max_uv"": ""1.5 (낮음)"", ""humidity"": ""56%"", ""dew_point"": ""24° C"", ""real_feel"": 40, ""visibility"": ""16km"", ""wind_gusts"": ""24km/h"", ""cloud_cover"": ""100%"", ""cloud_ceiling"": ""9100m"", ""precip_probability"": ""0%"", ""acculumen_brightness"": ""1 (어둡게)""}"
5928,2026-07-11T16:07:42.776760+09:00,2026-07-11T17:00:00+09:00,1783756800,2026-07-11T08:00:00+00:00,34,39,39,서 11km/h,나쁨,N/A,0%,"{""max_uv"": ""1.0 (낮음)"", ""humidity"": ""58%"", ""dew_point"": ""24° C"", ""real_feel"": 39, ""visibility"": ""16km"", ""wind_gusts"": ""22km/h"", ""cloud_cover"": ""100%"", ""cloud_ceiling"": ""9100m"", ""precip_probability"": ""0%"", ""acculumen_brightness"": ""1 (어둡게)""}"
6007,2026-07-11T17:04:35.169981+09:00,2026-07-11T18:00:00+09:00,1783760400,2026-07-11T09:00:00+00:00,33,38,38,서북서 11km/h,나쁨,N/A,0%,"{""max_uv"": ""0.5 (낮음)"", ""humidity"": ""60%"", ""dew_point"": ""24° C"", ""real_feel"": 38, ""visibility"": ""11km"", ""wind_gusts"": ""19km/h"", ""cloud_cover"": ""100%"", ""cloud_ceiling"": ""9100m"", ""precip_probability"": ""0%"", ""acculumen_brightness"": ""1 (어둡게)""}"
6085,2026-07-11T18:05:55.127033+09:00,2026-07-11T19:00:00+09:00,1783764000,2026-07-11T10:00:00+00:00,32,36,36,서 9km/h,나쁨,N/A,0%,"{""max_uv"": ""0.1 (낮음)"", ""humidity"": ""65%"", ""dew_point"": ""24° C"", ""real_feel"": 36, ""visibility"": ""16km"", ""wind_gusts"": ""17km/h"", ""cloud_cover"": ""98%"", ""cloud_ceiling"": ""9100m"", ""precip_probability"": ""0%"", ""acculumen_brightness"": ""0 (어둡게)""}"
6162,2026-07-11T19:05:57.605123+09:00,2026-07-11T20:00:00+09:00,1783767600,2026-07-11T11:00:00+00:00,30,35,,서북서 7km/h,나쁨,N/A,0%,"{""humidity"": ""70%"", ""dew_point"": ""24° C"", ""real_feel"": 35, ""visibility"": ""11km"", ""cloud_cover"": ""97%"", ""cloud_ceiling"": ""9100m"", ""precip_probability"": ""0%"", ""acculumen_brightness"": ""0 (어둡게)""}"
6238,2026-07-11T20:02:48.044431+09:00,2026-07-11T21:00:00+09:00,1783771200,2026-07-11T12:00:00+00:00,29,35,,북서 6km/h,보통,N/A,0%,"{""humidity"": ""74%"", ""dew_point"": ""24° C"", ""real_feel"": 35, ""visibility"": ""11km"", ""cloud_cover"": ""95%"", ""cloud_ceiling"": ""9100m"", ""precip_probability"": ""0%"", ""acculumen_brightness"": ""0 (어둡게)""}"
6313,2026-07-11T21:07:02.178083+09:00,2026-07-11T22:00:00+09:00,1783774800,2026-07-11T13:00:00+00:00,28,33,,서북서 6km/h,보통,N/A,0%,"{""humidity"": ""79%"", ""dew_point"": ""24° C"", ""real_feel"": 33, ""visibility"": ""11km"", ""cloud_cover"": ""96%"", ""cloud_ceiling"": ""9100m"", ""precip_probability"": ""0%"", ""acculumen_brightness"": ""0 (어둡게)""}"
6387,2026-07-11T22:02:44.883746+09:00,2026-07-11T23:00:00+09:00,1783778400,2026-07-11T14:00:00+00:00,27,32,,서북서 6km/h,보통,N/A,0%,"{""humidity"": ""83%"", ""dew_point"": ""24° C"", ""real_feel"": 32, ""visibility"": ""11km"", ""cloud_cover"": ""96%"", ""cloud_ceiling"": ""9100m"", ""precip_probability"": ""0%"", ""acculumen_brightness"": ""0 (어둡게)""}"
6460,2026-07-11T23:07:59.451982+09:00,2026-07-12T00:00:00+09:00,1783782000,2026-07-11T15:00:00+00:00,26,31,,서북서 6km/h,나쁨,N/A,0%,"{""humidity"": ""87%"", ""dew_point"": ""24° C"", ""real_feel"": 31, ""visibility"": ""11km"", ""cloud_cover"": ""97%"", ""cloud_ceiling"": ""9100m"", ""precip_probability"": ""0%"", ""acculumen_brightness"": ""0 (어둡게)""}"
6556,2026-07-12T00:06:41.268732+09:00,2026-07-12T01:00:00+09:00,1783785600,2026-07-11T16:00:00+00:00,25,30,,북서 6km/h,나쁨,N/A,1%,"{""dew_point"": ""24° C"", ""real_feel"": 30, ""visibility"": ""11km"", ""cloud_cover"": ""95%"", ""cloud_ceiling"": ""9100m"", ""precip_probability"": ""1%"", ""acculumen_brightness"": ""0 (어둡게)""}"
6651,2026-07-12T01:06:56.978966+09:00,2026-07-12T02:00:00+09:00,1783789200,2026-07-11T17:00:00+00:00,24,29,,동북동 6km/h,나쁨,N/A,1%,"{""dew_point"": ""24° C"", ""real_feel"": 29, ""visibility"": ""11km"", ""cloud_cover"": ""94%"", ""cloud_ceiling"": ""9100m"", ""precip_probability"": ""1%"", ""acculumen_brightness"": ""0 (어둡게)""}"
6745,2026-07-12T02:04:51.872659+09:00,2026-07-12T03:00:00+09:00,1783792800,2026-07-11T18:00:00+00:00,25,30,,동 6km/h,보통,N/A,2%,"{""dew_point"": ""24° C"", ""real_feel"": 30, ""visibility"": ""11km"", ""cloud_cover"": ""92%"", ""cloud_ceiling"": ""9100m"", ""precip_probability"": ""2%"", ""acculumen_brightness"": ""0 (어둡게)""}"
6838,2026-07-12T03:05:43.084231+09:00,2026-07-12T04:00:00+09:00,1783796400,2026-07-11T19:00:00+00:00,25,29,,동북동 6km/h,보통,N/A,4%,"{""dew_point"": ""23° C"", ""real_feel"": 29, ""visibility"": ""11km"", ""cloud_cover"": ""94%"", ""cloud_ceiling"": ""9100m"", ""precip_probability"": ""4%"", ""acculumen_brightness"": ""0 (어둡게)""}"
6930,2026-07-12T04:03:15.032591+09:00,2026-07-12T05:00:00+09:00,1783800000,2026-07-11T20:00:00+00:00,24,29,,동북동 6km/h,보통,N/A,4%,"{""dew_point"": ""24° C"", ""real_feel"": 29, ""visibility"": ""11km"", ""cloud_cover"": ""96%"", ""cloud_ceiling"": ""9100m"", ""precip_probability"": ""4%"", ""acculumen_brightness"": ""0 (어둡게)""}"
7021,2026-07-12T05:02:18.887395+09:00,2026-07-12T06:00:00+09:00,1783803600,2026-07-11T21:00:00+00:00,25,30,30,동북동 7km/h,보통,0,5%,"{""humidity"": ""94%"", ""dew_point"": ""24° C"", ""real_feel"": 30, ""visibility"": ""11km"", ""wind_gusts"": ""11km/h"", ""cloud_cover"": ""98%"", ""cloud_ceiling"": ""9100m"", ""precip_probability"": ""5%"", ""acculumen_brightness"": ""1 (어둡게)""}"
7111,2026-07-12T06:04:16.946952+09:00,2026-07-12T07:00:00+09:00,1783807200,2026-07-11T22:00:00+00:00,26,32,30,동북동 7km/h,보통,N/A,7%,"{""max_uv"": ""1.1 (낮음)"", ""humidity"": ""88%"", ""dew_point"": ""24° C"", ""real_feel"": 32, ""visibility"": ""11km"", ""wind_gusts"": ""13km/h"", ""cloud_cover"": ""96%"", ""cloud_ceiling"": ""9100m"", ""precip_probability"": ""7%"", ""acculumen_brightness"": ""1 (어둡게)""}"
7200,2026-07-12T07:02:46.517310+09:00,2026-07-12T08:00:00+09:00,1783810800,2026-07-11T23:00:00+00:00,29,37,34,동 6km/h,보통,N/A,7%,"{""max_uv"": ""1.8 (낮음)"", ""humidity"": ""76%"", ""dew_point"": ""25° C"", ""real_feel"": 37, ""visibility"": ""16km"", ""wind_gusts"": ""13km/h"", ""cloud_cover"": ""94%"", ""cloud_ceiling"": ""9100m"", ""precip_probability"": ""7%"", ""acculumen_brightness"": ""2 (어둡게)""}"
7288,2026-07-12T08:07:57.244806+09:00,2026-07-12T09:00:00+09:00,1783814400,2026-07-12T00:00:00+00:00,31,39,36,동남동 7km/h,보통,N/A,7%,"{""max_uv"": ""2.7 (보통)"", ""humidity"": ""70%"", ""dew_point"": ""25° C"", ""real_feel"": 39, ""visibility"": ""16km"", ""wind_gusts"": ""15km/h"", ""cloud_cover"": ""93%"", ""cloud_ceiling"": ""9100m"", ""precip_probability"": ""7%"", ""acculumen_brightness"": ""2 (어둡게)""}"
7375,2026-07-12T09:07:31.938702+09:00,2026-07-12T10:00:00+09:00,1783818000,2026-07-12T01:00:00+00:00,33,41,37,남남동 9km/h,보통,N/A,7%,"{""max_uv"": ""5.4 (보통)"", ""humidity"": ""64%"", ""dew_point"": ""25° C"", ""real_feel"": 41, ""visibility"": ""16km"", ""wind_gusts"": ""19km/h"", ""cloud_cover"": ""80%"", ""cloud_ceiling"": ""9100m"", ""precip_probability"": ""7%"", ""acculumen_brightness"": ""4 (칙칙함)""}"
7461,2026-07-12T10:06:04.866915+09:00,2026-07-12T11:00:00+09:00,1783821600,2026-07-12T02:00:00+00:00,34,43,38,남 11km/h,보통,N/A,7%,"{""max_uv"": ""8.8 (매우 높음)"", ""humidity"": ""57%"", ""dew_point"": ""25° C"", ""real_feel"": 43, ""visibility"": ""16km"", ""wind_gusts"": ""22km/h"", ""cloud_cover"": ""68%"", ""cloud_ceiling"": ""9100m"", ""precip_probability"": ""7%"", ""acculumen_brightness"": ""6 (중간)""}"
7546,2026-07-12T11:04:42.808784+09:00,2026-07-12T12:00:00+09:00,1783825200,2026-07-12T03:00:00+00:00,35,44,39,남남서 11km/h,보통,N/A,10%,"{""max_uv"": ""10.9 (극심함)"", ""humidity"": ""55%"", ""dew_point"": ""25° C"", ""real_feel"": 44, ""visibility"": ""16km"", ""wind_gusts"": ""26km/h"", ""cloud_cover"": ""55%"", ""cloud_ceiling"": ""9100m"", ""precip_probability"": ""10%"", ""acculumen_brightness"": ""7 (밝음)""}"
7630,2026-07-12T12:06:06.457618+09:00,2026-07-12T13:00:00+09:00,1783828800,2026-07-12T04:00:00+00:00,36,45,40,남남서 11km/h,보통,N/A,43%,"{""max_uv"": ""9.5 (매우 높음)"", ""humidity"": ""52%"", ""dew_point"": ""25° C"", ""real_feel"": 45, ""visibility"": ""16km"", ""wind_gusts"": ""28km/h"", ""cloud_cover"": ""63%"", ""cloud_ceiling"": ""9100m"", ""precip_probability"": ""43%"", ""acculumen_brightness"": ""7 (밝음)""}"
7713,2026-07-12T13:02:44.258725+09:00,2026-07-12T14:00:00+09:00,1783832400,2026-07-12T05:00:00+00:00,36,43,40,남남서 13km/h,보통,N/A,47%,"{""max_uv"": ""3.7 (보통)"", ""humidity"": ""51%"", ""dew_point"": ""25° C"", ""real_feel"": 43, ""visibility"": ""10km"", ""wind_gusts"": ""30km/h"", ""cloud_cover"": ""71%"", ""cloud_ceiling"": ""2100m"", ""precip_probability"": ""47%"", ""acculumen_brightness"": ""6 (중간)""}"
7795,2026-07-12T14:04:19.518474+09:00,2026-07-12T15:00:00+09:00,1783836000,2026-07-12T06:00:00+00:00,37,42,40,남남서 13km/h,보통,N/A,51%,"{""비"": ""0.5mm"", ""max_uv"": ""1.7 (낮음)"", ""humidity"": ""49%"", ""dew_point"": ""25° C"", ""real_feel"": 42, ""visibility"": ""10km"", ""wind_gusts"": ""32km/h"", ""cloud_cover"": ""79%"", ""cloud_ceiling"": ""1200m"", ""precip_probability"": ""51%"", ""acculumen_brightness"": ""4 (칙칙함)""}"
7876,2026-07-12T15:03:40.719921+09:00,2026-07-12T16:00:00+09:00,1783839600,2026-07-12T07:00:00+00:00,36,41,40,남남서 13km/h,나쁨,N/A,51%,"{""비"": ""0.5mm"", ""max_uv"": ""1.1 (낮음)"", ""humidity"": ""53%"", ""dew_point"": ""25° C"", ""real_feel"": 41, ""visibility"": ""10km"", ""wind_gusts"": ""30km/h"", ""cloud_cover"": ""89%"", ""cloud_ceiling"": ""2100m"", ""precip_probability"": ""51%"", ""acculumen_brightness"": ""3 (칙칙함)""}"
7956,2026-07-12T16:03:29.695770+09:00,2026-07-12T17:00:00+09:00,1783843200,2026-07-12T08:00:00+00:00,35,42,40,남서 13km/h,나쁨,N/A,47%,"{""max_uv"": ""1.7 (낮음)"", ""humidity"": ""56%"", ""dew_point"": ""25° C"", ""real_feel"": 42, ""visibility"": ""16km"", ""wind_gusts"": ""26km/h"", ""cloud_cover"": ""74%"", ""cloud_ceiling"": ""9100m"", ""precip_probability"": ""47%"", ""acculumen_brightness"": ""5 (중간)""}"
8035,2026-07-12T17:06:42.279489+09:00,2026-07-12T18:00:00+09:00,1783846800,2026-07-12T09:00:00+00:00,34,41,41,서남서 13km/h,보통,N/A,31%,"{""max_uv"": ""0.9 (낮음)"", ""humidity"": ""60%"", ""dew_point"": ""25° C"", ""real_feel"": 41, ""visibility"": ""16km"", ""wind_gusts"": ""24km/h"", ""cloud_cover"": ""71%"", ""cloud_ceiling"": ""9100m"", ""precip_probability"": ""31%"", ""acculumen_brightness"": ""4 (칙칙함)""}"
8113,2026-07-12T18:04:08.603561+09:00,2026-07-12T19:00:00+09:00,1783850400,2026-07-12T10:00:00+00:00,33,39,39,서 11km/h,보통,N/A,6%,"{""max_uv"": ""0.2 (낮음)"", ""humidity"": ""66%"", ""dew_point"": ""25° C"", ""real_feel"": 39, ""visibility"": ""16km"", ""wind_gusts"": ""26km/h"", ""cloud_cover"": ""36%"", ""cloud_ceiling"": ""9100m"", ""precip_probability"": ""6%"", ""acculumen_brightness"": ""1 (어둡게)""}"
8190,2026-07-12T19:05:38.955203+09:00,2026-07-12T20:00:00+09:00,1783854000,2026-07-12T11:00:00+00:00,32,38,,서 9km/h,보통,N/A,6%,"{""humidity"": ""70%"", ""dew_point"": ""26° C"", ""real_feel"": 38, ""visibility"": ""16km"", ""cloud_cover"": ""50%"", ""cloud_ceiling"": ""9100m"", ""precip_probability"": ""6%"", ""acculumen_brightness"": ""0 (어둡게)""}"
8266,2026-07-12T20:05:09.526246+09:00,2026-07-12T21:00:00+09:00,1783857600,2026-07-12T12:00:00+00:00,30,37,,서 7km/h,보통,N/A,6%,"{""humidity"": ""76%"", ""dew_point"": ""26° C"", ""real_feel"": 37, ""visibility"": ""16km"", ""cloud_cover"": ""65%"", ""cloud_ceiling"": ""9100m"", ""precip_probability"": ""6%"", ""acculumen_brightness"": ""0 (어둡게)""}"
8341,2026-07-12T21:05:58.336205+09:00,2026-07-12T22:00:00+09:00,1783861200,2026-07-12T13:00:00+00:00,29,36,,서북서 7km/h,나쁨,N/A,6%,"{""humidity"": ""83%"", ""dew_point"": ""26° C"", ""real_feel"": 36, ""visibility"": ""16km"", ""cloud_cover"": ""49%"", ""cloud_ceiling"": ""9100m"", ""precip_probability"": ""6%"", ""acculumen_brightness"": ""0 (어둡게)""}"
8415,2026-07-12T22:06:11.922048+09:00,2026-07-12T23:00:00+09:00,1783864800,2026-07-12T14:00:00+00:00,28,35,,서북서 6km/h,나쁨,N/A,6%,"{""humidity"": ""88%"", ""dew_point"": ""26° C"", ""real_feel"": 35, ""visibility"": ""16km"", ""cloud_cover"": ""33%"", ""cloud_ceiling"": ""9100m"", ""precip_probability"": ""6%"", ""acculumen_brightness"": ""0 (어둡게)""}"
8488,2026-07-12T23:05:23.743692+09:00,2026-07-13T00:00:00+09:00,1783868400,2026-07-12T15:00:00+00:00,27,34,,서북서 4km/h,나쁨,N/A,5%,"{""humidity"": ""91%"", ""dew_point"": ""25° C"", ""real_feel"": 34, ""visibility"": ""16km"", ""cloud_cover"": ""17%"", ""cloud_ceiling"": ""9100m"", ""precip_probability"": ""5%"", ""acculumen_brightness"": ""0 (어둡게)""}"
8584,2026-07-13T00:05:30.265065+09:00,2026-07-13T01:00:00+09:00,1783872000,2026-07-12T16:00:00+00:00,27,34,,북서 4km/h,나쁨,N/A,3%,"{""humidity"": ""92%"", ""dew_point"": ""25° C"", ""real_feel"": 34, ""visibility"": ""16km"", ""cloud_cover"": ""12%"", ""cloud_ceiling"": ""9100m"", ""precip_probability"": ""3%"", ""acculumen_brightness"": ""0 (어둡게)""}"
8679,2026-07-13T01:04:52.834987+09:00,2026-07-13T02:00:00+09:00,1783875600,2026-07-12T17:00:00+00:00,26,34,,북북서 2km/h,나쁨,N/A,3%,"{""humidity"": ""93%"", ""dew_point"": ""25° C"", ""real_feel"": 34, ""visibility"": ""16km"", ""cloud_cover"": ""6%"", ""cloud_ceiling"": ""9100m"", ""precip_probability"": ""3%"", ""acculumen_brightness"": ""0 (어둡게)""}"
8773,2026-07-13T02:03:24.774274+09:00,2026-07-13T03:00:00+09:00,1783879200,2026-07-12T18:00:00+00:00,26,33,,북 4km/h,나쁨,N/A,3%,"{""humidity"": ""94%"", ""dew_point"": ""25° C"", ""real_feel"": 33, ""visibility"": ""11km"", ""cloud_cover"": ""0%"", ""cloud_ceiling"": ""9100m"", ""precip_probability"": ""3%"", ""acculumen_brightness"": ""0 (어둡게)""}"
8866,2026-07-13T03:03:58.505473+09:00,2026-07-13T04:00:00+09:00,1783882800,2026-07-12T19:00:00+00:00,26,32,,동북동 4km/h,나쁨,N/A,3%,"{""humidity"": ""97%"", ""dew_point"": ""25° C"", ""real_feel"": 32, ""visibility"": ""11km"", ""cloud_cover"": ""3%"", ""cloud_ceiling"": ""9100m"", ""precip_probability"": ""3%"", ""acculumen_brightness"": ""0 (어둡게)""}"
8958,2026-07-13T04:02:35.942157+09:00,2026-07-13T05:00:00+09:00,1783886400,2026-07-12T20:00:00+00:00,25,31,,동 6km/h,나쁨,N/A,3%,"{""dew_point"": ""25° C"", ""real_feel"": 31, ""visibility"": ""11km"", ""cloud_cover"": ""7%"", ""cloud_ceiling"": ""9100m"", ""precip_probability"": ""3%"", ""acculumen_brightness"": ""1 (어둡게)""}"
9049,2026-07-13T05:04:45.107523+09:00,2026-07-13T06:00:00+09:00,1783890000,2026-07-12T21:00:00+00:00,25,33,30,동남동 6km/h,나쁨,1,6%,"{""humidity"": ""98%"", ""dew_point"": ""25° C"", ""real_feel"": 33, ""visibility"": ""11km"", ""wind_gusts"": ""15km/h"", ""cloud_cover"": ""10%"", ""cloud_ceiling"": ""9100m"", ""precip_probability"": ""6%"", ""acculumen_brightness"": ""7 (밝음)""}"
9139,2026-07-13T06:06:41.644767+09:00,2026-07-13T07:00:00+09:00,1783893600,2026-07-12T22:00:00+00:00,27,35,32,남동 7km/h,나쁨,N/A,43%,"{""max_uv"": ""2.0 (낮음)"", ""humidity"": ""87%"", ""dew_point"": ""25° C"", ""real_feel"": 35, ""visibility"": ""11km"", ""wind_gusts"": ""19km/h"", ""cloud_cover"": ""23%"", ""cloud_ceiling"": ""9100m"", ""precip_probability"": ""43%"", ""acculumen_brightness"": ""9 (매우 밝음)""}"
9228,2026-07-13T07:07:04.475250+09:00,2026-07-13T08:00:00+09:00,1783897200,2026-07-12T23:00:00+00:00,29,37,34,남 9km/h,보통,N/A,47%,"{""max_uv"": ""3.3 (보통)"", ""humidity"": ""80%"", ""dew_point"": ""25° C"", ""real_feel"": 37, ""visibility"": ""16km"", ""wind_gusts"": ""20km/h"", ""cloud_cover"": ""37%"", ""cloud_ceiling"": ""9100m"", ""precip_probability"": ""47%"", ""acculumen_brightness"": ""9 (매우 밝음)""}"
9316,2026-07-13T08:02:26.956771+09:00,2026-07-13T09:00:00+09:00,1783900800,2026-07-13T00:00:00+00:00,30,37,35,남남서 9km/h,보통,N/A,51%,"{""비"": ""0.4mm"", ""max_uv"": ""2.2 (낮음)"", ""humidity"": ""73%"", ""dew_point"": ""25° C"", ""real_feel"": 37, ""visibility"": ""10km"", ""wind_gusts"": ""22km/h"", ""cloud_cover"": ""70%"", ""cloud_ceiling"": ""2100m"", ""precip_probability"": ""51%"", ""acculumen_brightness"": ""6 (중간)""}"
9403,2026-07-13T09:05:06.860687+09:00,2026-07-13T10:00:00+09:00,1783904400,2026-07-13T01:00:00+00:00,32,41,36,남남서 9km/h,보통,N/A,51%,"{""비"": ""0.7mm"", ""max_uv"": ""7.4 (높음)"", ""humidity"": ""68%"", ""dew_point"": ""25° C"", ""real_feel"": 41, ""visibility"": ""10km"", ""wind_gusts"": ""24km/h"", ""cloud_cover"": ""42%"", ""cloud_ceiling"": ""9100m"", ""precip_probability"": ""51%"", ""acculumen_brightness"": ""8 (밝음)""}"
9489,2026-07-13T10:06:23.978192+09:00,2026-07-13T11:00:00+09:00,1783908000,2026-07-13T02:00:00+00:00,33,42,37,남남서 11km/h,보통,N/A,47%,"{""max_uv"": ""9.9 (매우 높음)"", ""humidity"": ""64%"", ""dew_point"": ""25° C"", ""real_feel"": 42, ""visibility"": ""16km"", ""wind_gusts"": ""28km/h"", ""cloud_cover"": ""30%"", ""cloud_ceiling"": ""9100m"", ""precip_probability"": ""47%"", ""acculumen_brightness"": ""9 (매우 밝음)""}"
9574,2026-07-13T11:06:31.282349+09:00,2026-07-13T12:00:00+09:00,1783911600,2026-07-13T03:00:00+00:00,33,43,37,남남서 11km/h,보통,N/A,40%,"{""max_uv"": ""10.9 (극심함)"", ""humidity"": ""61%"", ""dew_point"": ""25° C"", ""real_feel"": 43, ""visibility"": ""16km"", ""wind_gusts"": ""30km/h"", ""cloud_cover"": ""19%"", ""cloud_ceiling"": ""9100m"", ""precip_probability"": ""40%"", ""acculumen_brightness"": ""9 (매우 밝음)""}"
9658,2026-07-13T12:07:20.070468+09:00,2026-07-13T13:00:00+09:00,1783915200,2026-07-13T04:00:00+00:00,34,43,38,남서 13km/h,보통,N/A,34%,"{""max_uv"": ""8.5 (매우 높음)"", ""humidity"": ""59%"", ""dew_point"": ""25° C"", ""real_feel"": 43, ""visibility"": ""10km"", ""wind_gusts"": ""32km/h"", ""cloud_cover"": ""70%"", ""cloud_ceiling"": ""9100m"", ""precip_probability"": ""34%"", ""acculumen_brightness"": ""6 (중간)""}"
9741,2026-07-13T13:05:04.289689+09:00,2026-07-13T14:00:00+09:00,1783918800,2026-07-13T05:00:00+00:00,34,42,38,남서 15km/h,보통,N/A,34%,"{""max_uv"": ""7.4 (높음)"", ""humidity"": ""57%"", ""dew_point"": ""25° C"", ""real_feel"": 42, ""visibility"": ""16km"", ""wind_gusts"": ""32km/h"", ""cloud_cover"": ""21%"", ""cloud_ceiling"": ""9100m"", ""precip_probability"": ""34%"", ""acculumen_brightness"": ""9 (매우 밝음)""}"
9823,2026-07-13T14:05:13.766287+09:00,2026-07-13T15:00:00+09:00,1783922400,2026-07-13T06:00:00+00:00,35,42,39,서남서 17km/h,보통,N/A,49%,"{""max_uv"": ""4.8 (보통)"", ""humidity"": ""55%"", ""dew_point"": ""25° C"", ""real_feel"": 42, ""visibility"": ""16km"", ""wind_gusts"": ""33km/h"", ""cloud_cover"": ""25%"", ""cloud_ceiling"": ""9100m"", ""precip_probability"": ""49%"", ""acculumen_brightness"": ""9 (매우 밝음)""}"
9904,2026-07-13T15:02:27.376076+09:00,2026-07-13T16:00:00+09:00,1783926000,2026-07-13T07:00:00+00:00,34,38,38,서남서 17km/h,보통,N/A,51%,"{""비"": ""0.1mm"", ""max_uv"": ""0.9 (낮음)"", ""humidity"": ""58%"", ""dew_point"": ""25° C"", ""real_feel"": 38, ""visibility"": ""10km"", ""wind_gusts"": ""32km/h"", ""cloud_cover"": ""95%"", ""cloud_ceiling"": ""2100m"", ""precip_probability"": ""51%"", ""acculumen_brightness"": ""1 (어둡게)""}"
9984,2026-07-13T16:07:59.564851+09:00,2026-07-13T17:00:00+09:00,1783929600,2026-07-13T08:00:00+00:00,33,39,37,서남서 15km/h,보통,N/A,48%,"{""max_uv"": ""2.0 (낮음)"", ""humidity"": ""61%"", ""dew_point"": ""25° C"", ""real_feel"": 39, ""visibility"": ""16km"", ""wind_gusts"": ""30km/h"", ""cloud_cover"": ""19%"", ""cloud_ceiling"": ""9100m"", ""precip_probability"": ""48%"", ""acculumen_brightness"": ""9 (매우 밝음)""}"
10063,2026-07-13T17:05:09.125817+09:00,2026-07-13T18:00:00+09:00,1783933200,2026-07-13T09:00:00+00:00,33,37,37,남서 13km/h,보통,N/A,55%,"{""max_uv"": ""0.6 (낮음)"", ""humidity"": ""63%"", ""dew_point"": ""25° C"", ""real_feel"": 37, ""visibility"": ""16km"", ""wind_gusts"": ""30km/h"", ""cloud_cover"": ""68%"", ""cloud_ceiling"": ""3000m"", ""precip_probability"": ""55%"", ""acculumen_brightness"": ""4 (칙칙함)""}"
10141,2026-07-13T18:03:29.073202+09:00,2026-07-13T19:00:00+09:00,1783936800,2026-07-13T10:00:00+00:00,32,38,38,남서 11km/h,보통,N/A,25%,"{""max_uv"": ""0.2 (낮음)"", ""humidity"": ""67%"", ""dew_point"": ""25° C"", ""real_feel"": 38, ""visibility"": ""16km"", ""wind_gusts"": ""28km/h"", ""cloud_cover"": ""23%"", ""cloud_ceiling"": ""9100m"", ""precip_probability"": ""25%"", ""acculumen_brightness"": ""1 (어둡게)""}"
10218,2026-07-13T19:06:49.643791+09:00,2026-07-13T20:00:00+09:00,1783940400,2026-07-13T11:00:00+00:00,31,37,,남서 9km/h,보통,N/A,20%,"{""humidity"": ""73%"", ""dew_point"": ""25° C"", ""real_feel"": 37, ""visibility"": ""10km"", ""cloud_cover"": ""70%"", ""cloud_ceiling"": ""2100m"", ""precip_probability"": ""20%"", ""acculumen_brightness"": ""0 (어둡게)""}"
10294,2026-07-13T20:07:24.406030+09:00,2026-07-13T21:00:00+09:00,1783944000,2026-07-13T12:00:00+00:00,30,36,,서남서 9km/h,보통,N/A,20%,"{""humidity"": ""78%"", ""dew_point"": ""25° C"", ""real_feel"": 36, ""visibility"": ""11km"", ""cloud_cover"": ""70%"", ""cloud_ceiling"": ""9100m"", ""precip_probability"": ""20%"", ""acculumen_brightness"": ""0 (어둡게)""}"
10369,2026-07-13T21:04:28.400223+09:00,2026-07-13T22:00:00+09:00,1783947600,2026-07-13T13:00:00+00:00,28,35,,남서 7km/h,보통,N/A,20%,"{""humidity"": ""84%"", ""dew_point"": ""25° C"", ""real_feel"": 35, ""visibility"": ""11km"", ""cloud_cover"": ""69%"", ""cloud_ceiling"": ""9100m"", ""precip_probability"": ""20%"", ""acculumen_brightness"": ""0 (어둡게)""}"
10443,2026-07-13T22:07:11.478763+09:00,2026-07-13T23:00:00+09:00,1783951200,2026-07-13T14:00:00+00:00,28,35,,남서 6km/h,나쁨,N/A,20%,"{""humidity"": ""86%"", ""dew_point"": ""25° C"", ""real_feel"": 35, ""visibility"": ""11km"", ""cloud_cover"": ""70%"", ""cloud_ceiling"": ""2100m"", ""precip_probability"": ""20%"", ""acculumen_brightness"": ""0 (어둡게)""}"
10516,2026-07-13T23:04:49.348124+09:00,2026-07-14T00:00:00+09:00,1783954800,2026-07-13T15:00:00+00:00,28,34,,남남서 6km/h,나쁨,N/A,19%,"{""humidity"": ""87%"", ""dew_point"": ""25° C"", ""real_feel"": 34, ""visibility"": ""11km"", ""cloud_cover"": ""67%"", ""cloud_ceiling"": ""9100m"", ""precip_probability"": ""19%"", ""acculumen_brightness"": ""0 (어둡게)""}"
10612,2026-07-14T00:06:47.340073+09:00,2026-07-14T01:00:00+09:00,1783958400,2026-07-13T16:00:00+00:00,28,34,,남 7km/h,나쁨,N/A,17%,"{""humidity"": ""87%"", ""dew_point"": ""25° C"", ""real_feel"": 34, ""visibility"": ""11km"", ""cloud_cover"": ""78%"", ""cloud_ceiling"": ""9100m"", ""precip_probability"": ""17%"", ""acculumen_brightness"": ""0 (어둡게)""}"
10707,2026-07-14T01:03:22.550304+09:00,2026-07-14T02:00:00+09:00,1783962000,2026-07-13T17:00:00+00:00,28,34,,남남동 7km/h,나쁨,N/A,17%,"{""humidity"": ""87%"", ""dew_point"": ""25° C"", ""real_feel"": 34, ""visibility"": ""11km"", ""cloud_cover"": ""88%"", ""cloud_ceiling"": ""9100m"", ""precip_probability"": ""17%"", ""acculumen_brightness"": ""0 (어둡게)""}"
10801,2026-07-14T02:07:00.040262+09:00,2026-07-14T03:00:00+09:00,1783965600,2026-07-13T18:00:00+00:00,27,34,,남남동 7km/h,보통,N/A,22%,"{""humidity"": ""86%"", ""dew_point"": ""25° C"", ""real_feel"": 34, ""visibility"": ""10km"", ""cloud_cover"": ""98%"", ""cloud_ceiling"": ""9100m"", ""precip_probability"": ""22%"", ""acculumen_brightness"": ""0 (어둡게)""}"
10894,2026-07-14T03:02:25.860879+09:00,2026-07-14T04:00:00+09:00,1783969200,2026-07-13T19:00:00+00:00,27,33,,남동 7km/h,보통,N/A,43%,"{""humidity"": ""90%"", ""dew_point"": ""25° C"", ""real_feel"": 33, ""visibility"": ""10km"", ""cloud_cover"": ""99%"", ""cloud_ceiling"": ""500m"", ""precip_probability"": ""43%"", ""acculumen_brightness"": ""0 (어둡게)""}"
10986,2026-07-14T04:05:08.182739+09:00,2026-07-14T05:00:00+09:00,1783972800,2026-07-13T20:00:00+00:00,26,32,,남동 7km/h,보통,N/A,47%,"{""humidity"": ""92%"", ""dew_point"": ""25° C"", ""real_feel"": 32, ""visibility"": ""10km"", ""cloud_cover"": ""99%"", ""cloud_ceiling"": ""500m"", ""precip_probability"": ""47%"", ""acculumen_brightness"": ""0 (어둡게)""}"
11077,2026-07-14T05:03:05.699525+09:00,2026-07-14T06:00:00+09:00,1783976400,2026-07-13T21:00:00+00:00,27,32,32,남동 7km/h,보통,N/A,49%,"{""비"": ""0.3mm"", ""max_uv"": ""0.2 (낮음)"", ""humidity"": ""87%"", ""dew_point"": ""25° C"", ""real_feel"": 32, ""visibility"": ""10km"", ""wind_gusts"": ""19km/h"", ""cloud_cover"": ""100%"", ""cloud_ceiling"": ""500m"", ""precip_probability"": ""49%"", ""acculumen_brightness"": ""1 (어둡게)""}"
11167,2026-07-14T06:05:05.409450+09:00,2026-07-14T07:00:00+09:00,1783980000,2026-07-13T22:00:00+00:00,28,34,34,남남동 9km/h,보통,N/A,49%,"{""max_uv"": ""0.6 (낮음)"", ""humidity"": ""84%"", ""dew_point"": ""25° C"", ""real_feel"": 34, ""visibility"": ""10km"", ""wind_gusts"": ""22km/h"", ""cloud_cover"": ""94%"", ""cloud_ceiling"": ""500m"", ""precip_probability"": ""49%"", ""acculumen_brightness"": ""2 (어둡게)""}"
11256,2026-07-14T07:02:55.200773+09:00,2026-07-14T08:00:00+09:00,1783983600,2026-07-13T23:00:00+00:00,28,35,33,남 11km/h,보통,N/A,49%,"{""max_uv"": ""1.0 (낮음)"", ""humidity"": ""81%"", ""dew_point"": ""25° C"", ""real_feel"": 35, ""visibility"": ""11km"", ""wind_gusts"": ""28km/h"", ""cloud_cover"": ""89%"", ""cloud_ceiling"": ""500m"", ""precip_probability"": ""49%"", ""acculumen_brightness"": ""3 (칙칙함)""}"
11344,2026-07-14T08:06:50.910444+09:00,2026-07-14T09:00:00+09:00,1783987200,2026-07-14T00:00:00+00:00,29,34,33,남 13km/h,완벽함,N/A,64%,"{""비"": ""1.8mm"", ""max_uv"": ""1.3 (낮음)"", ""humidity"": ""81%"", ""dew_point"": ""26° C"", ""real_feel"": 34, ""visibility"": ""8km"", ""wind_gusts"": ""33km/h"", ""cloud_cover"": ""83%"", ""cloud_ceiling"": ""500m"", ""precip_probability"": ""64%"", ""acculumen_brightness"": ""4 (칙칙함)""}"
11431,2026-07-14T09:03:22.160920+09:00,2026-07-14T10:00:00+09:00,1783990800,2026-07-14T01:00:00+00:00,30,35,33,남 15km/h,완벽함,N/A,79%,"{""비"": ""1.8mm"", ""max_uv"": ""2.2 (낮음)"", ""humidity"": ""78%"", ""dew_point"": ""26° C"", ""real_feel"": 35, ""visibility"": ""8km"", ""wind_gusts"": ""37km/h"", ""cloud_cover"": ""84%"", ""cloud_ceiling"": ""1200m"", ""precip_probability"": ""79%"", ""acculumen_brightness"": ""4 (칙칙함)""}"
11517,2026-07-14T10:04:46.940191+09:00,2026-07-14T11:00:00+09:00,1783994400,2026-07-14T02:00:00+00:00,31,36,34,남 15km/h,완벽함,N/A,79%,"{""비"": ""1.8mm"", ""max_uv"": ""2.6 (보통)"", ""humidity"": ""75%"", ""dew_point"": ""26° C"", ""real_feel"": 36, ""visibility"": ""5km"", ""wind_gusts"": ""39km/h"", ""cloud_cover"": ""85%"", ""cloud_ceiling"": ""600m"", ""precip_probability"": ""79%"", ""acculumen_brightness"": ""3 (칙칙함)""}"
11602,2026-07-14T11:07:10.289868+09:00,2026-07-14T12:00:00+09:00,1783998000,2026-07-14T03:00:00+00:00,32,38,36,남 17km/h,완벽함,N/A,79%,"{""비"": ""1.8mm"", ""max_uv"": ""3.0 (보통)"", ""humidity"": ""68%"", ""dew_point"": ""26° C"", ""real_feel"": 38, ""visibility"": ""8km"", ""wind_gusts"": ""43km/h"", ""cloud_cover"": ""87%"", ""cloud_ceiling"": ""1200m"", ""precip_probability"": ""79%"", ""acculumen_brightness"": ""3 (칙칙함)""}"
11686,2026-07-14T12:05:42.868842+09:00,2026-07-14T13:00:00+09:00,1784001600,2026-07-14T04:00:00+00:00,32,37,36,남 19km/h,보통,N/A,66%,"{""비"": ""3.4mm"", ""max_uv"": ""2.3 (낮음)"", ""humidity"": ""72%"", ""dew_point"": ""26° C"", ""real_feel"": 37, ""visibility"": ""6km"", ""wind_gusts"": ""48km/h"", ""cloud_cover"": ""91%"", ""cloud_ceiling"": ""600m"", ""precip_probability"": ""66%"", ""acculumen_brightness"": ""2 (어둡게)""}"
11769,2026-07-14T13:04:29.709575+09:00,2026-07-14T14:00:00+09:00,1784005200,2026-07-14T05:00:00+00:00,32,38,35,남남서 22km/h,보통,N/A,49%,"{""max_uv"": ""3.9 (보통)"", ""humidity"": ""67%"", ""dew_point"": ""25° C"", ""real_feel"": 38, ""visibility"": ""10km"", ""wind_gusts"": ""54km/h"", ""cloud_cover"": ""95%"", ""cloud_ceiling"": ""9100m"", ""precip_probability"": ""49%"", ""acculumen_brightness"": ""1 (어둡게)""}"
11851,2026-07-14T14:07:11.439128+09:00,2026-07-14T15:00:00+09:00,1784008800,2026-07-14T06:00:00+00:00,34,38,37,남남서 24km/h,보통,N/A,49%,"{""max_uv"": ""2.2 (낮음)"", ""humidity"": ""60%"", ""dew_point"": ""25° C"", ""real_feel"": 38, ""visibility"": ""8km"", ""wind_gusts"": ""59km/h"", ""cloud_cover"": ""100%"", ""cloud_ceiling"": ""9100m"", ""precip_probability"": ""49%"", ""acculumen_brightness"": ""1 (어둡게)""}"
11932,2026-07-14T15:05:15.144562+09:00,2026-07-14T16:00:00+09:00,1784012400,2026-07-14T07:00:00+00:00,31,35,35,남남서 22km/h,보통,N/A,85%,"{""비"": ""3.4mm"", ""max_uv"": ""0.6 (낮음)"", ""humidity"": ""75%"", ""dew_point"": ""26° C"", ""real_feel"": 35, ""visibility"": ""6km"", ""wind_gusts"": ""57km/h"", ""cloud_cover"": ""100%"", ""cloud_ceiling"": ""500m"", ""precip_probability"": ""85%"", ""acculumen_brightness"": ""1 (어둡게)""}"
12012,2026-07-14T16:02:29.376518+09:00,2026-07-14T17:00:00+09:00,1784016000,2026-07-14T08:00:00+00:00,30,33,33,남남서 22km/h,보통,N/A,85%,"{""비"": ""3.4mm"", ""max_uv"": ""0.4 (낮음)"", ""humidity"": ""79%"", ""dew_point"": ""26° C"", ""real_feel"": 33, ""visibility"": ""6km"", ""wind_gusts"": ""54km/h"", ""cloud_cover"": ""100%"", ""cloud_ceiling"": ""400m"", ""precip_probability"": ""85%"", ""acculumen_brightness"": ""1 (어둡게)""}"
12091,2026-07-14T17:02:29.315885+09:00,2026-07-14T18:00:00+09:00,1784019600,2026-07-14T09:00:00+00:00,28,32,32,남남서 20km/h,보통,N/A,83%,"{""비"": ""3.4mm"", ""max_uv"": ""0.2 (낮음)"", ""humidity"": ""87%"", ""dew_point"": ""26° C"", ""real_feel"": 32, ""visibility"": ""5km"", ""wind_gusts"": ""52km/h"", ""cloud_cover"": ""100%"", ""cloud_ceiling"": ""400m"", ""precip_probability"": ""83%"", ""acculumen_brightness"": ""1 (어둡게)""}"
12169,2026-07-14T18:02:20.480257+09:00,2026-07-14T19:00:00+09:00,1784023200,2026-07-14T10:00:00+00:00,29,32,32,남남서 19km/h,완벽함,N/A,80%,"{""비"": ""1.1mm"", ""max_uv"": ""0.0 (낮음)"", ""humidity"": ""83%"", ""dew_point"": ""26° C"", ""real_feel"": 32, ""visibility"": ""5km"", ""wind_gusts"": ""46km/h"", ""cloud_cover"": ""100%"", ""cloud_ceiling"": ""500m"", ""precip_probability"": ""80%"", ""acculumen_brightness"": ""0 (어둡게)""}"
12246,2026-07-14T19:04:38.186724+09:00,2026-07-14T20:00:00+09:00,1784026800,2026-07-14T11:00:00+00:00,28,31,,남 17km/h,완벽함,N/A,82%,"{""비"": ""2.6mm"", ""humidity"": ""85%"", ""dew_point"": ""26° C"", ""real_feel"": 31, ""visibility"": ""5km"", ""cloud_cover"": ""100%"", ""cloud_ceiling"": ""400m"", ""precip_probability"": ""82%"", ""acculumen_brightness"": ""0 (어둡게)""}"
12322,2026-07-14T20:07:47.809338+09:00,2026-07-14T21:00:00+09:00,1784030400,2026-07-14T12:00:00+00:00,27,30,,남 17km/h,완벽함,N/A,88%,"{""비"": ""4.6mm"", ""humidity"": ""91%"", ""dew_point"": ""25° C"", ""real_feel"": 30, ""visibility"": ""3km"", ""cloud_cover"": ""100%"", ""cloud_ceiling"": ""400m"", ""precip_probability"": ""88%"", ""acculumen_brightness"": ""0 (어둡게)""}"
12397,2026-07-14T21:05:35.214668+09:00,2026-07-14T22:00:00+09:00,1784034000,2026-07-14T13:00:00+00:00,27,29,,남 17km/h,보통,N/A,84%,"{""비"": ""11.4mm"", ""humidity"": ""93%"", ""dew_point"": ""25° C"", ""real_feel"": 29, ""visibility"": ""3km"", ""cloud_cover"": ""100%"", ""cloud_ceiling"": ""400m"", ""precip_probability"": ""84%"", ""acculumen_brightness"": ""0 (어둡게)""}"
12471,2026-07-14T22:03:34.161282+09:00,2026-07-14T23:00:00+09:00,1784037600,2026-07-14T14:00:00+00:00,26,31,,남남서 19km/h,보통,N/A,69%,"{""비"": ""0.1mm"", ""humidity"": ""94%"", ""dew_point"": ""25° C"", ""real_feel"": 31, ""visibility"": ""3km"", ""cloud_cover"": ""100%"", ""cloud_ceiling"": ""400m"", ""precip_probability"": ""69%"", ""acculumen_brightness"": ""0 (어둡게)""}"
12544,2026-07-14T23:02:31.596839+09:00,2026-07-15T00:00:00+09:00,1784041200,2026-07-14T15:00:00+00:00,26,30,,남서 20km/h,보통,N/A,74%,"{""비"": ""0.4mm"", ""humidity"": ""94%"", ""dew_point"": ""25° C"", ""real_feel"": 30, ""visibility"": ""5km"", ""cloud_cover"": ""100%"", ""cloud_ceiling"": ""400m"", ""precip_probability"": ""74%"", ""acculumen_brightness"": ""0 (어둡게)""}"
12640,2026-07-15T00:04:31.412688+09:00,2026-07-15T01:00:00+09:00,1784044800,2026-07-14T16:00:00+00:00,26,30,,남서 19km/h,보통,N/A,60%,"{""비"": ""0.2mm"", ""humidity"": ""94%"", ""dew_point"": ""25° C"", ""real_feel"": 30, ""visibility"": ""5km"", ""cloud_cover"": ""100%"", ""cloud_ceiling"": ""400m"", ""precip_probability"": ""60%"", ""acculumen_brightness"": ""0 (어둡게)""}"
12735,2026-07-15T01:07:01.462630+09:00,2026-07-15T02:00:00+09:00,1784048400,2026-07-14T17:00:00+00:00,26,30,,남서 17km/h,보통,N/A,51%,"{""humidity"": ""94%"", ""dew_point"": ""25° C"", ""real_feel"": 30, ""visibility"": ""5km"", ""cloud_cover"": ""100%"", ""cloud_ceiling"": ""400m"", ""precip_probability"": ""51%"", ""acculumen_brightness"": ""0 (어둡게)""}"
12829,2026-07-15T02:03:21.032518+09:00,2026-07-15T03:00:00+09:00,1784052000,2026-07-14T18:00:00+00:00,26,30,,남서 15km/h,보통,N/A,52%,"{""비"": ""0.1mm"", ""humidity"": ""94%"", ""dew_point"": ""25° C"", ""real_feel"": 30, ""visibility"": ""6km"", ""cloud_cover"": ""100%"", ""cloud_ceiling"": ""400m"", ""precip_probability"": ""52%"", ""acculumen_brightness"": ""0 (어둡게)""}"
12922,2026-07-15T03:05:55.263388+09:00,2026-07-15T04:00:00+09:00,1784055600,2026-07-14T19:00:00+00:00,26,30,,남서 13km/h,나쁨,N/A,44%,"{""humidity"": ""94%"", ""dew_point"": ""25° C"", ""real_feel"": 30, ""visibility"": ""8km"", ""cloud_cover"": ""100%"", ""cloud_ceiling"": ""400m"", ""precip_probability"": ""44%"", ""acculumen_brightness"": ""0 (어둡게)""}"
13014,2026-07-15T04:02:42.764588+09:00,2026-07-15T05:00:00+09:00,1784059200,2026-07-14T20:00:00+00:00,26,30,,서남서 11km/h,나쁨,N/A,51%,"{""비"": ""0.2mm"", ""dew_point"": ""25° C"", ""real_feel"": 30, ""visibility"": ""6km"", ""cloud_cover"": ""100%"", ""cloud_ceiling"": ""400m"", ""precip_probability"": ""51%"", ""acculumen_brightness"": ""0 (어둡게)""}"
13105,2026-07-15T05:05:22.087486+09:00,2026-07-15T06:00:00+09:00,1784062800,2026-07-14T21:00:00+00:00,25,31,31,서남서 11km/h,보통,0,42%,"{""humidity"": ""97%"", ""dew_point"": ""25° C"", ""real_feel"": 31, ""visibility"": ""8km"", ""wind_gusts"": ""26km/h"", ""cloud_cover"": ""100%"", ""cloud_ceiling"": ""400m"", ""precip_probability"": ""42%"", ""acculumen_brightness"": ""1 (어둡게)""}"
13195,2026-07-15T06:06:33.577798+09:00,2026-07-15T07:00:00+09:00,1784066400,2026-07-14T22:00:00+00:00,25,30,30,서남서 11km/h,보통,0,51%,"{""humidity"": ""96%"", ""dew_point"": ""25° C"", ""real_feel"": 30, ""visibility"": ""8km"", ""wind_gusts"": ""26km/h"", ""cloud_cover"": ""100%"", ""cloud_ceiling"": ""400m"", ""precip_probability"": ""51%"", ""acculumen_brightness"": ""1 (어둡게)""}"
13284,2026-07-15T07:02:24.612083+09:00,2026-07-15T08:00:00+09:00,1784070000,2026-07-14T23:00:00+00:00,25,30,30,서남서 11km/h,보통,0,56%,"{""비"": ""0.4mm"", ""humidity"": ""96%"", ""dew_point"": ""25° C"", ""real_feel"": 30, ""visibility"": ""8km"", ""wind_gusts"": ""28km/h"", ""cloud_cover"": ""100%"", ""cloud_ceiling"": ""400m"", ""precip_probability"": ""56%"", ""acculumen_brightness"": ""1 (어둡게)""}"
13372,2026-07-15T08:04:42.505433+09:00,2026-07-15T09:00:00+09:00,1784073600,2026-07-15T00:00:00+00:00,25,30,30,서남서 11km/h,보통,1,52%,"{""humidity"": ""95%"", ""dew_point"": ""24° C"", ""real_feel"": 30, ""visibility"": ""10km"", ""wind_gusts"": ""28km/h"", ""cloud_cover"": ""100%"", ""cloud_ceiling"": ""500m"", ""precip_probability"": ""52%"", ""acculumen_brightness"": ""1 (어둡게)""}"
13459,2026-07-15T09:03:05.154102+09:00,2026-07-15T10:00:00+09:00,1784077200,2026-07-15T01:00:00+00:00,26,31,29,서남서 13km/h,보통,N/A,47%,"{""비"": ""0.1mm"", ""max_uv"": ""1.5 (낮음)"", ""humidity"": ""92%"", ""dew_point"": ""24° C"", ""real_feel"": 31, ""visibility"": ""10km"", ""wind_gusts"": ""32km/h"", ""cloud_cover"": ""100%"", ""cloud_ceiling"": ""500m"", ""precip_probability"": ""47%"", ""acculumen_brightness"": ""1 (어둡게)""}"
13545,2026-07-15T10:07:29.055903+09:00,2026-07-15T11:00:00+09:00,1784080800,2026-07-15T02:00:00+00:00,26,33,30,서남서 13km/h,보통,N/A,43%,"{""max_uv"": ""2.6 (보통)"", ""humidity"": ""88%"", ""dew_point"": ""24° C"", ""real_feel"": 33, ""visibility"": ""11km"", ""wind_gusts"": ""33km/h"", ""cloud_cover"": ""94%"", ""cloud_ceiling"": ""500m"", ""precip_probability"": ""43%"", ""acculumen_brightness"": ""2 (어둡게)""}"
13630,2026-07-15T11:04:08.999768+09:00,2026-07-15T12:00:00+09:00,1784084400,2026-07-15T03:00:00+00:00,27,33,31,서남서 13km/h,완벽함,N/A,26%,"{""max_uv"": ""3.2 (보통)"", ""humidity"": ""84%"", ""dew_point"": ""24° C"", ""real_feel"": 33, ""visibility"": ""16km"", ""wind_gusts"": ""35km/h"", ""cloud_cover"": ""91%"", ""cloud_ceiling"": ""500m"", ""precip_probability"": ""26%"", ""acculumen_brightness"": ""2 (어둡게)""}"
13714,2026-07-15T12:04:25.924420+09:00,2026-07-15T13:00:00+09:00,1784088000,2026-07-15T04:00:00+00:00,28,34,31,서남서 13km/h,보통,N/A,0%,"{""max_uv"": ""3.1 (보통)"", ""humidity"": ""80%"", ""dew_point"": ""24° C"", ""real_feel"": 34, ""visibility"": ""16km"", ""wind_gusts"": ""35km/h"", ""cloud_cover"": ""87%"", ""cloud_ceiling"": ""500m"", ""precip_probability"": ""0%"", ""acculumen_brightness"": ""3 (칙칙함)""}"
13797,2026-07-15T13:05:45.606510+09:00,2026-07-15T14:00:00+09:00,1784091600,2026-07-15T05:00:00+00:00,28,35,32,서남서 13km/h,나쁨,N/A,0%,"{""max_uv"": ""5.2 (보통)"", ""humidity"": ""77%"", ""dew_point"": ""24° C"", ""real_feel"": 35, ""visibility"": ""16km"", ""wind_gusts"": ""35km/h"", ""cloud_cover"": ""82%"", ""cloud_ceiling"": ""9100m"", ""precip_probability"": ""0%"", ""acculumen_brightness"": ""4 (칙칙함)""}"
13879,2026-07-15T14:04:04.272004+09:00,2026-07-15T15:00:00+09:00,1784095200,2026-07-15T06:00:00+00:00,29,35,32,서남서 13km/h,나쁨,N/A,0%,"{""max_uv"": ""3.7 (보통)"", ""humidity"": ""75%"", ""dew_point"": ""24° C"", ""real_feel"": 35, ""visibility"": ""16km"", ""wind_gusts"": ""33km/h"", ""cloud_cover"": ""77%"", ""cloud_ceiling"": ""9100m"", ""precip_probability"": ""0%"", ""acculumen_brightness"": ""5 (중간)""}"
13960,2026-07-15T15:04:09.709882+09:00,2026-07-15T16:00:00+09:00,1784098800,2026-07-15T07:00:00+00:00,29,35,33,서남서 13km/h,나쁨,N/A,0%,"{""max_uv"": ""2.2 (낮음)"", ""humidity"": ""72%"", ""dew_point"": ""24° C"", ""real_feel"": 35, ""visibility"": ""16km"", ""wind_gusts"": ""32km/h"", ""cloud_cover"": ""84%"", ""cloud_ceiling"": ""9100m"", ""precip_probability"": ""0%"", ""acculumen_brightness"": ""4 (칙칙함)""}"
14040,2026-07-15T16:04:26.569030+09:00,2026-07-15T17:00:00+09:00,1784102400,2026-07-15T08:00:00+00:00,29,33,32,서 11km/h,보통,N/A,0%,"{""max_uv"": ""1.2 (낮음)"", ""humidity"": ""75%"", ""dew_point"": ""24° C"", ""real_feel"": 33, ""visibility"": ""16km"", ""wind_gusts"": ""30km/h"", ""cloud_cover"": ""92%"", ""cloud_ceiling"": ""9100m"", ""precip_probability"": ""0%"", ""acculumen_brightness"": ""2 (어둡게)""}"
14119,2026-07-15T17:02:29.402286+09:00,2026-07-15T18:00:00+09:00,1784106000,2026-07-15T09:00:00+00:00,28,32,32,서남서 13km/h,나쁨,N/A,0%,"{""max_uv"": ""0.5 (낮음)"", ""humidity"": ""76%"", ""dew_point"": ""24° C"", ""real_feel"": 32, ""visibility"": ""16km"", ""wind_gusts"": ""33km/h"", ""cloud_cover"": ""100%"", ""cloud_ceiling"": ""9100m"", ""precip_probability"": ""0%"", ""acculumen_brightness"": ""1 (어둡게)""}"
14197,2026-07-15T18:06:35.408841+09:00,2026-07-15T19:00:00+09:00,1784109600,2026-07-15T10:00:00+00:00,29,32,32,서남서 11km/h,나쁨,N/A,0%,"{""max_uv"": ""0.1 (낮음)"", ""humidity"": ""72%"", ""dew_point"": ""23° C"", ""real_feel"": 32, ""visibility"": ""16km"", ""wind_gusts"": ""30km/h"", ""cloud_cover"": ""99%"", ""cloud_ceiling"": ""9100m"", ""precip_probability"": ""0%"", ""acculumen_brightness"": ""0 (어둡게)""}"
14274,2026-07-15T19:02:38.109599+09:00,2026-07-15T20:00:00+09:00,1784113200,2026-07-15T11:00:00+00:00,27,31,,서남서 11km/h,보통,N/A,0%,"{""humidity"": ""77%"", ""dew_point"": ""23° C"", ""real_feel"": 31, ""visibility"": ""16km"", ""cloud_cover"": ""99%"", ""cloud_ceiling"": ""9100m"", ""precip_probability"": ""0%"", ""acculumen_brightness"": ""0 (어둡게)""}"
14350,2026-07-15T20:06:23.264617+09:00,2026-07-15T21:00:00+09:00,1784116800,2026-07-15T12:00:00+00:00,26,29,,서남서 9km/h,보통,N/A,0%,"{""humidity"": ""80%"", ""dew_point"": ""23° C"", ""real_feel"": 29, ""visibility"": ""16km"", ""cloud_cover"": ""99%"", ""cloud_ceiling"": ""9100m"", ""precip_probability"": ""0%"", ""acculumen_brightness"": ""0 (어둡게)""}"
14425,2026-07-15T21:07:28.304477+09:00,2026-07-15T22:00:00+09:00,1784120400,2026-07-15T13:00:00+00:00,25,28,,남서 7km/h,보통,N/A,0%,"{""dew_point"": ""22° C"", ""real_feel"": 28, ""visibility"": ""16km"", ""cloud_cover"": ""67%"", ""cloud_ceiling"": ""9100m"", ""precip_probability"": ""0%"", ""acculumen_brightness"": ""0 (어둡게)""}"
14499,2026-07-15T22:04:27.965624+09:00,2026-07-15T23:00:00+09:00,1784124000,2026-07-15T14:00:00+00:00,25,27,,남남서 7km/h,보통,N/A,0%,"{""dew_point"": ""22° C"", ""real_feel"": 27, ""visibility"": ""16km"", ""cloud_cover"": ""35%"", ""cloud_ceiling"": ""9100m"", ""precip_probability"": ""0%"", ""acculumen_brightness"": ""0 (어둡게)""}"
14572,2026-07-15T23:02:52.077568+09:00,2026-07-16T00:00:00+09:00,1784127600,2026-07-15T15:00:00+00:00,24,27,,남 7km/h,보통,N/A,0%,"{""dew_point"": ""22° C"", ""real_feel"": 27, ""visibility"": ""16km"", ""cloud_cover"": ""2%"", ""cloud_ceiling"": ""9100m"", ""precip_probability"": ""0%"", ""acculumen_brightness"": ""0 (어둡게)""}"
14668,2026-07-16T00:05:50.220884+09:00,2026-07-16T01:00:00+09:00,1784131200,2026-07-15T16:00:00+00:00,23,26,,남 6km/h,나쁨,N/A,0%,"{""dew_point"": ""22° C"", ""real_feel"": 26, ""visibility"": ""16km"", ""cloud_cover"": ""6%"", ""cloud_ceiling"": ""9100m"", ""precip_probability"": ""0%"", ""acculumen_brightness"": ""0 (어둡게)""}"
14763,2026-07-16T01:04:30.309478+09:00,2026-07-16T02:00:00+09:00,1784134800,2026-07-15T17:00:00+00:00,23,26,,남 6km/h,나쁨,N/A,0%,"{""dew_point"": ""22° C"", ""real_feel"": 26, ""visibility"": ""16km"", ""cloud_cover"": ""10%"", ""cloud_ceiling"": ""9100m"", ""precip_probability"": ""0%"", ""acculumen_brightness"": ""0 (어둡게)""}"
14857,2026-07-16T02:02:31.611633+09:00,2026-07-16T03:00:00+09:00,1784138400,2026-07-15T18:00:00+00:00,23,25,,남 6km/h,나쁨,N/A,0%,"{""dew_point"": ""22° C"", ""real_feel"": 25, ""visibility"": ""11km"", ""cloud_cover"": ""14%"", ""cloud_ceiling"": ""9100m"", ""precip_probability"": ""0%"", ""acculumen_brightness"": ""0 (어둡게)""}"
14950,2026-07-16T03:02:43.561877+09:00,2026-07-16T04:00:00+09:00,1784142000,2026-07-15T19:00:00+00:00,22,25,,남 6km/h,나쁨,N/A,0%,"{""dew_point"": ""22° C"", ""real_feel"": 25, ""visibility"": ""11km"", ""cloud_cover"": ""41%"", ""cloud_ceiling"": ""9100m"", ""precip_probability"": ""0%"", ""acculumen_brightness"": ""0 (어둡게)""}"
15042,2026-07-16T04:04:41.632319+09:00,2026-07-16T05:00:00+09:00,1784145600,2026-07-15T20:00:00+00:00,22,25,,남 6km/h,나쁨,N/A,0%,"{""dew_point"": ""22° C"", ""real_feel"": 25, ""visibility"": ""11km"", ""cloud_cover"": ""69%"", ""cloud_ceiling"": ""500m"", ""precip_probability"": ""0%"", ""acculumen_brightness"": ""0 (어둡게)""}"
15133,2026-07-16T05:04:03.173091+09:00,2026-07-16T06:00:00+09:00,1784149200,2026-07-15T21:00:00+00:00,23,25,25,남 7km/h,나쁨,0,0%,"{""humidity"": ""92%"", ""dew_point"": ""21° C"", ""real_feel"": 25, ""visibility"": ""11km"", ""wind_gusts"": ""13km/h"", ""cloud_cover"": ""96%"", ""cloud_ceiling"": ""500m"", ""precip_probability"": ""0%"", ""acculumen_brightness"": ""1 (어둡게)""}"
15223,2026-07-16T06:03:21.131015+09:00,2026-07-16T07:00:00+09:00,1784152800,2026-07-15T22:00:00+00:00,24,27,27,남 7km/h,나쁨,0,7%,"{""humidity"": ""90%"", ""dew_point"": ""22° C"", ""real_feel"": 27, ""visibility"": ""11km"", ""wind_gusts"": ""13km/h"", ""cloud_cover"": ""97%"", ""cloud_ceiling"": ""500m"", ""precip_probability"": ""7%"", ""acculumen_brightness"": ""1 (어둡게)""}"
15312,2026-07-16T07:06:29.780608+09:00,2026-07-16T08:00:00+09:00,1784156400,2026-07-15T23:00:00+00:00,25,30,30,남남서 7km/h,나쁨,0,7%,"{""humidity"": ""87%"", ""dew_point"": ""23° C"", ""real_feel"": 30, ""visibility"": ""16km"", ""wind_gusts"": ""15km/h"", ""cloud_cover"": ""99%"", ""cloud_ceiling"": ""500m"", ""precip_probability"": ""7%"", ""acculumen_brightness"": ""1 (어둡게)""}"
15400,2026-07-16T08:07:18.752217+09:00,2026-07-16T09:00:00+09:00,1784160000,2026-07-16T00:00:00+00:00,27,32,31,남서 7km/h,나쁨,N/A,7%,"{""max_uv"": ""1.1 (낮음)"", ""humidity"": ""83%"", ""dew_point"": ""24° C"", ""real_feel"": 32, ""visibility"": ""16km"", ""wind_gusts"": ""15km/h"", ""cloud_cover"": ""100%"", ""cloud_ceiling"": ""500m"", ""precip_probability"": ""7%"", ""acculumen_brightness"": ""1 (어둡게)""}"
15487,2026-07-16T09:07:57.918150+09:00,2026-07-16T10:00:00+09:00,1784163600,2026-07-16T01:00:00+00:00,28,34,32,서남서 9km/h,나쁨,N/A,7%,"{""max_uv"": ""1.8 (낮음)"", ""humidity"": ""78%"", ""dew_point"": ""24° C"", ""real_feel"": 34, ""visibility"": ""16km"", ""wind_gusts"": ""17km/h"", ""cloud_cover"": ""98%"", ""cloud_ceiling"": ""500m"", ""precip_probability"": ""7%"", ""acculumen_brightness"": ""1 (어둡게)""}"
15573,2026-07-16T10:03:22.336917+09:00,2026-07-16T11:00:00+09:00,1784167200,2026-07-16T02:00:00+00:00,29,36,33,서 11km/h,나쁨,N/A,7%,"{""max_uv"": ""2.5 (보통)"", ""humidity"": ""74%"", ""dew_point"": ""24° C"", ""real_feel"": 36, ""visibility"": ""16km"", ""wind_gusts"": ""19km/h"", ""cloud_cover"": ""96%"", ""cloud_ceiling"": ""500m"", ""precip_probability"": ""7%"", ""acculumen_brightness"": ""1 (어둡게)""}"
15658,2026-07-16T11:06:08.316807+09:00,2026-07-16T12:00:00+09:00,1784170800,2026-07-16T03:00:00+00:00,30,38,34,서 11km/h,나쁨,N/A,5%,"{""max_uv"": ""6.0 (높음)"", ""humidity"": ""70%"", ""dew_point"": ""24° C"", ""real_feel"": 38, ""visibility"": ""16km"", ""wind_gusts"": ""19km/h"", ""cloud_cover"": ""94%"", ""cloud_ceiling"": ""9100m"", ""precip_probability"": ""5%"", ""acculumen_brightness"": ""2 (어둡게)""}"
15742,2026-07-16T12:06:10.198019+09:00,2026-07-16T13:00:00+09:00,1784174400,2026-07-16T04:00:00+00:00,31,38,35,서 13km/h,나쁨,N/A,0%,"{""max_uv"": ""5.1 (보통)"", ""humidity"": ""68%"", ""dew_point"": ""24° C"", ""real_feel"": 38, ""visibility"": ""16km"", ""wind_gusts"": ""20km/h"", ""cloud_cover"": ""96%"", ""cloud_ceiling"": ""9100m"", ""precip_probability"": ""0%"", ""acculumen_brightness"": ""1 (어둡게)""}"
15825,2026-07-16T13:02:38.643975+09:00,2026-07-16T14:00:00+09:00,1784178000,2026-07-16T05:00:00+00:00,31,37,35,서 13km/h,나쁨,N/A,0%,"{""max_uv"": ""3.6 (보통)"", ""humidity"": ""64%"", ""dew_point"": ""24° C"", ""real_feel"": 37, ""visibility"": ""16km"", ""wind_gusts"": ""22km/h"", ""cloud_cover"": ""98%"", ""cloud_ceiling"": ""9100m"", ""precip_probability"": ""0%"", ""acculumen_brightness"": ""1 (어둡게)""}"
15907,2026-07-16T14:05:58.976827+09:00,2026-07-16T15:00:00+09:00,1784181600,2026-07-16T06:00:00+00:00,31,36,34,서 13km/h,나쁨,N/A,0%,"{""max_uv"": ""2.2 (낮음)"", ""humidity"": ""65%"", ""dew_point"": ""23° C"", ""real_feel"": 36, ""visibility"": ""16km"", ""wind_gusts"": ""26km/h"", ""cloud_cover"": ""100%"", ""cloud_ceiling"": ""9100m"", ""precip_probability"": ""0%"", ""acculumen_brightness"": ""1 (어둡게)""}"
15988,2026-07-16T15:07:58.512912+09:00,2026-07-16T16:00:00+09:00,1784185200,2026-07-16T07:00:00+00:00,30,35,33,서 13km/h,나쁨,N/A,0%,"{""max_uv"": ""1.8 (낮음)"", ""humidity"": ""66%"", ""dew_point"": ""23° C"", ""real_feel"": 35, ""visibility"": ""16km"", ""wind_gusts"": ""28km/h"", ""cloud_cover"": ""93%"", ""cloud_ceiling"": ""9100m"", ""precip_probability"": ""0%"", ""acculumen_brightness"": ""2 (어둡게)""}"
16068,2026-07-16T16:04:24.110840+09:00,2026-07-16T17:00:00+09:00,1784188800,2026-07-16T08:00:00+00:00,29,33,32,서 11km/h,건강에 해로움,N/A,0%,"{""max_uv"": ""1.4 (낮음)"", ""humidity"": ""69%"", ""dew_point"": ""23° C"", ""real_feel"": 33, ""visibility"": ""16km"", ""wind_gusts"": ""26km/h"", ""cloud_cover"": ""85%"", ""cloud_ceiling"": ""9100m"", ""precip_probability"": ""0%"", ""acculumen_brightness"": ""3 (칙칙함)""}"
16147,2026-07-16T17:07:51.790876+09:00,2026-07-16T18:00:00+09:00,1784192400,2026-07-16T09:00:00+00:00,28,31,31,서 11km/h,건강에 해로움,N/A,0%,"{""max_uv"": ""0.8 (낮음)"", ""humidity"": ""74%"", ""dew_point"": ""23° C"", ""real_feel"": 31, ""visibility"": ""16km"", ""wind_gusts"": ""24km/h"", ""cloud_cover"": ""78%"", ""cloud_ceiling"": ""9100m"", ""precip_probability"": ""0%"", ""acculumen_brightness"": ""3 (칙칙함)""}"
16225,2026-07-16T18:05:31.000807+09:00,2026-07-16T19:00:00+09:00,1784196000,2026-07-16T10:00:00+00:00,29,32,32,서북서 9km/h,건강에 해로움,N/A,0%,"{""max_uv"": ""0.1 (낮음)"", ""humidity"": ""71%"", ""dew_point"": ""23° C"", ""real_feel"": 32, ""visibility"": ""11km"", ""wind_gusts"": ""20km/h"", ""cloud_cover"": ""91%"", ""cloud_ceiling"": ""7600m"", ""precip_probability"": ""0%"", ""acculumen_brightness"": ""0 (어둡게)""}"
16302,2026-07-16T19:03:19.446795+09:00,2026-07-16T20:00:00+09:00,1784199600,2026-07-16T11:00:00+00:00,28,31,,서 9km/h,건강에 해로움,N/A,0%,"{""humidity"": ""75%"", ""dew_point"": ""23° C"", ""real_feel"": 31, ""visibility"": ""11km"", ""cloud_cover"": ""88%"", ""cloud_ceiling"": ""7600m"", ""precip_probability"": ""0%"", ""acculumen_brightness"": ""0 (어둡게)""}"
16378,2026-07-16T20:06:16.476278+09:00,2026-07-16T21:00:00+09:00,1784203200,2026-07-16T12:00:00+00:00,26,30,,서남서 7km/h,나쁨,N/A,0%,"{""humidity"": ""81%"", ""dew_point"": ""23° C"", ""real_feel"": 30, ""visibility"": ""11km"", ""cloud_cover"": ""86%"", ""cloud_ceiling"": ""7600m"", ""precip_probability"": ""0%"", ""acculumen_brightness"": ""0 (어둡게)""}"
16453,2026-07-16T21:04:00.928527+09:00,2026-07-16T22:00:00+09:00,1784206800,2026-07-16T13:00:00+00:00,26,29,,서남서 7km/h,나쁨,N/A,0%,"{""dew_point"": ""23° C"", ""real_feel"": 29, ""visibility"": ""10km"", ""cloud_cover"": ""76%"", ""cloud_ceiling"": ""7600m"", ""precip_probability"": ""0%"", ""acculumen_brightness"": ""0 (어둡게)""}"
16527,2026-07-16T22:06:42.108742+09:00,2026-07-16T23:00:00+09:00,1784210400,2026-07-16T14:00:00+00:00,25,29,,남서 6km/h,나쁨,N/A,0%,"{""dew_point"": ""23° C"", ""real_feel"": 29, ""visibility"": ""10km"", ""cloud_cover"": ""66%"", ""cloud_ceiling"": ""7600m"", ""precip_probability"": ""0%"", ""acculumen_brightness"": ""0 (어둡게)""}"
16600,2026-07-16T23:06:36.599797+09:00,2026-07-17T00:00:00+09:00,1784214000,2026-07-16T15:00:00+00:00,25,28,,남남서 6km/h,나쁨,N/A,0%,"{""dew_point"": ""23° C"", ""real_feel"": 28, ""visibility"": ""8km"", ""cloud_cover"": ""57%"", ""cloud_ceiling"": ""9100m"", ""precip_probability"": ""0%"", ""acculumen_brightness"": ""0 (어둡게)""}"
16696,2026-07-17T00:04:22.797881+09:00,2026-07-17T01:00:00+09:00,1784217600,2026-07-16T16:00:00+00:00,24,28,,남남서 6km/h,나쁨,N/A,0%,"{""dew_point"": ""23° C"", ""real_feel"": 28, ""visibility"": ""10km"", ""cloud_cover"": ""63%"", ""cloud_ceiling"": ""7600m"", ""precip_probability"": ""0%"", ""acculumen_brightness"": ""0 (어둡게)""}"
16791,2026-07-17T01:03:14.052987+09:00,2026-07-17T02:00:00+09:00,1784221200,2026-07-16T17:00:00+00:00,24,28,,남남서 4km/h,나쁨,N/A,0%,"{""dew_point"": ""23° C"", ""real_feel"": 28, ""visibility"": ""10km"", ""cloud_cover"": ""70%"", ""cloud_ceiling"": ""7600m"", ""precip_probability"": ""0%"", ""acculumen_brightness"": ""0 (어둡게)""}"
16885,2026-07-17T02:06:37.023455+09:00,2026-07-17T03:00:00+09:00,1784224800,2026-07-16T18:00:00+00:00,24,27,,남 4km/h,나쁨,N/A,0%,"{""dew_point"": ""22° C"", ""real_feel"": 27, ""visibility"": ""10km"", ""cloud_cover"": ""76%"", ""cloud_ceiling"": ""7600m"", ""precip_probability"": ""0%"", ""acculumen_brightness"": ""0 (어둡게)""}"
16978,2026-07-17T03:02:57.812927+09:00,2026-07-17T04:00:00+09:00,1784228400,2026-07-16T19:00:00+00:00,23,27,,남남동 4km/h,나쁨,N/A,0%,"{""dew_point"": ""22° C"", ""real_feel"": 27, ""visibility"": ""10km"", ""cloud_cover"": ""65%"", ""cloud_ceiling"": ""7600m"", ""precip_probability"": ""0%"", ""acculumen_brightness"": ""0 (어둡게)""}"
17070,2026-07-17T04:06:26.805223+09:00,2026-07-17T05:00:00+09:00,1784232000,2026-07-16T20:00:00+00:00,23,26,,동남동 4km/h,나쁨,N/A,0%,"{""dew_point"": ""22° C"", ""real_feel"": 26, ""visibility"": ""11km"", ""cloud_cover"": ""53%"", ""cloud_ceiling"": ""9100m"", ""precip_probability"": ""0%"", ""acculumen_brightness"": ""0 (어둡게)""}"
17161,2026-07-17T05:05:43.419052+09:00,2026-07-17T06:00:00+09:00,1784235600,2026-07-16T21:00:00+00:00,23,28,27,동 6km/h,나쁨,1,0%,"{""humidity"": ""95%"", ""dew_point"": ""22° C"", ""real_feel"": 28, ""visibility"": ""8km"", ""wind_gusts"": ""11km/h"", ""cloud_cover"": ""41%"", ""cloud_ceiling"": ""9100m"", ""precip_probability"": ""0%"", ""acculumen_brightness"": ""6 (중간)""}"
17251,2026-07-17T06:05:57.965779+09:00,2026-07-17T07:00:00+09:00,1784239200,2026-07-16T22:00:00+00:00,25,31,28,동 6km/h,보통,2,0%,"{""humidity"": ""89%"", ""dew_point"": ""23° C"", ""real_feel"": 31, ""visibility"": ""8km"", ""wind_gusts"": ""11km/h"", ""cloud_cover"": ""57%"", ""cloud_ceiling"": ""9100m"", ""precip_probability"": ""0%"", ""acculumen_brightness"": ""7 (밝음)""}"
17340,2026-07-17T07:02:18.193926+09:00,2026-07-17T08:00:00+09:00,1784242800,2026-07-16T23:00:00+00:00,26,33,30,동남동 6km/h,나쁨,N/A,0%,"{""max_uv"": ""2.2 (낮음)"", ""humidity"": ""83%"", ""dew_point"": ""23° C"", ""real_feel"": 33, ""visibility"": ""8km"", ""wind_gusts"": ""13km/h"", ""cloud_cover"": ""72%"", ""cloud_ceiling"": ""5800m"", ""precip_probability"": ""0%"", ""acculumen_brightness"": ""5 (중간)""}"
17428,2026-07-17T08:02:08.658536+09:00,2026-07-17T09:00:00+09:00,1784246400,2026-07-17T00:00:00+00:00,28,34,32,동남동 7km/h,나쁨,N/A,0%,"{""max_uv"": ""2.4 (낮음)"", ""humidity"": ""78%"", ""dew_point"": ""24° C"", ""real_feel"": 34, ""visibility"": ""8km"", ""wind_gusts"": ""13km/h"", ""cloud_cover"": ""88%"", ""cloud_ceiling"": ""5800m"", ""precip_probability"": ""0%"", ""acculumen_brightness"": ""3 (칙칙함)""}"
17515,2026-07-17T09:06:10.197853+09:00,2026-07-17T10:00:00+09:00,1784250000,2026-07-17T01:00:00+00:00,29,37,33,동남동 7km/h,나쁨,N/A,0%,"{""max_uv"": ""3.6 (보통)"", ""humidity"": ""73%"", ""dew_point"": ""24° C"", ""real_feel"": 37, ""visibility"": ""8km"", ""wind_gusts"": ""15km/h"", ""cloud_cover"": ""89%"", ""cloud_ceiling"": ""5800m"", ""precip_probability"": ""0%"", ""acculumen_brightness"": ""3 (칙칙함)""}"
17601,2026-07-17T10:05:35.398040+09:00,2026-07-17T11:00:00+09:00,1784253600,2026-07-17T02:00:00+00:00,30,39,34,동 7km/h,보통,N/A,0%,"{""max_uv"": ""4.8 (보통)"", ""humidity"": ""67%"", ""dew_point"": ""24° C"", ""real_feel"": 39, ""visibility"": ""8km"", ""wind_gusts"": ""15km/h"", ""cloud_cover"": ""89%"", ""cloud_ceiling"": ""5800m"", ""precip_probability"": ""0%"", ""acculumen_brightness"": ""3 (칙칙함)""}"
17686,2026-07-17T11:05:54.386300+09:00,2026-07-17T12:00:00+09:00,1784257200,2026-07-17T03:00:00+00:00,31,39,35,동 7km/h,나쁨,N/A,0%,"{""max_uv"": ""5.2 (보통)"", ""humidity"": ""63%"", ""dew_point"": ""24° C"", ""real_feel"": 39, ""visibility"": ""8km"", ""wind_gusts"": ""17km/h"", ""cloud_cover"": ""90%"", ""cloud_ceiling"": ""5800m"", ""precip_probability"": ""0%"", ""acculumen_brightness"": ""2 (어둡게)""}"
17770,2026-07-17T12:06:05.924016+09:00,2026-07-17T13:00:00+09:00,1784260800,2026-07-17T04:00:00+00:00,32,39,35,남동 9km/h,나쁨,N/A,0%,"{""max_uv"": ""4.3 (보통)"", ""humidity"": ""61%"", ""dew_point"": ""24° C"", ""real_feel"": 39, ""visibility"": ""8km"", ""wind_gusts"": ""17km/h"", ""cloud_cover"": ""94%"", ""cloud_ceiling"": ""5800m"", ""precip_probability"": ""0%"", ""acculumen_brightness"": ""2 (어둡게)""}"
17853,2026-07-17T13:04:08.192462+09:00,2026-07-17T14:00:00+09:00,1784264400,2026-07-17T05:00:00+00:00,32,38,36,남남서 11km/h,보통,N/A,0%,"{""max_uv"": ""3.0 (보통)"", ""humidity"": ""58%"", ""dew_point"": ""23° C"", ""real_feel"": 38, ""visibility"": ""16km"", ""wind_gusts"": ""17km/h"", ""cloud_cover"": ""97%"", ""cloud_ceiling"": ""5800m"", ""precip_probability"": ""0%"", ""acculumen_brightness"": ""1 (어둡게)""}"
17935,2026-07-17T14:07:04.306640+09:00,2026-07-17T15:00:00+09:00,1784268000,2026-07-17T06:00:00+00:00,32,36,35,남남서 11km/h,나쁨,N/A,0%,"{""max_uv"": ""1.8 (낮음)"", ""humidity"": ""58%"", ""dew_point"": ""23° C"", ""real_feel"": 36, ""visibility"": ""16km"", ""wind_gusts"": ""19km/h"", ""cloud_cover"": ""100%"", ""cloud_ceiling"": ""5800m"", ""precip_probability"": ""0%"", ""acculumen_brightness"": ""1 (어둡게)""}"
18016,2026-07-17T15:07:37.880375+09:00,2026-07-17T16:00:00+09:00,1784271600,2026-07-17T07:00:00+00:00,31,35,34,남서 11km/h,건강에 해로움,N/A,0%,"{""max_uv"": ""1.2 (낮음)"", ""humidity"": ""64%"", ""dew_point"": ""23° C"", ""real_feel"": 35, ""visibility"": ""16km"", ""wind_gusts"": ""19km/h"", ""cloud_cover"": ""100%"", ""cloud_ceiling"": ""5800m"", ""precip_probability"": ""0%"", ""acculumen_brightness"": ""1 (어둡게)""}"
18096,2026-07-17T16:02:48.363563+09:00,2026-07-17T17:00:00+09:00,1784275200,2026-07-17T08:00:00+00:00,29,34,34,서 9km/h,나쁨,N/A,0%,"{""max_uv"": ""0.8 (낮음)"", ""humidity"": ""71%"", ""dew_point"": ""24° C"", ""real_feel"": 34, ""visibility"": ""16km"", ""wind_gusts"": ""19km/h"", ""cloud_cover"": ""100%"", ""cloud_ceiling"": ""5800m"", ""precip_probability"": ""0%"", ""acculumen_brightness"": ""1 (어둡게)""}"
18175,2026-07-17T17:04:47.842463+09:00,2026-07-17T18:00:00+09:00,1784278800,2026-07-17T09:00:00+00:00,28,33,33,서북서 9km/h,건강에 해로움,N/A,3%,"{""max_uv"": ""0.3 (낮음)"", ""humidity"": ""78%"", ""dew_point"": ""24° C"", ""real_feel"": 33, ""visibility"": ""11km"", ""wind_gusts"": ""19km/h"", ""cloud_cover"": ""100%"", ""cloud_ceiling"": ""4400m"", ""precip_probability"": ""3%"", ""acculumen_brightness"": ""1 (어둡게)""}"
18253,2026-07-17T18:03:54.454267+09:00,2026-07-17T19:00:00+09:00,1784282400,2026-07-17T10:00:00+00:00,30,34,34,서남서 11km/h,나쁨,N/A,30%,"{""max_uv"": ""0.0 (낮음)"", ""humidity"": ""71%"", ""dew_point"": ""24° C"", ""real_feel"": 34, ""visibility"": ""10km"", ""wind_gusts"": ""15km/h"", ""cloud_cover"": ""100%"", ""cloud_ceiling"": ""4400m"", ""precip_probability"": ""30%"", ""acculumen_brightness"": ""0 (어둡게)""}"
18330,2026-07-17T19:05:40.671697+09:00,2026-07-17T20:00:00+09:00,1784286000,2026-07-17T11:00:00+00:00,29,35,,남서 7km/h,나쁨,N/A,33%,"{""humidity"": ""75%"", ""dew_point"": ""24° C"", ""real_feel"": 35, ""visibility"": ""8km"", ""cloud_cover"": ""100%"", ""cloud_ceiling"": ""4400m"", ""precip_probability"": ""33%"", ""acculumen_brightness"": ""0 (어둡게)""}"
18406,2026-07-17T20:02:14.332093+09:00,2026-07-17T21:00:00+09:00,1784289600,2026-07-17T12:00:00+00:00,28,32,,남남동 6km/h,나쁨,N/A,79%,"{""비"": ""1.3mm"", ""humidity"": ""80%"", ""dew_point"": ""24° C"", ""real_feel"": 32, ""visibility"": ""8km"", ""cloud_cover"": ""100%"", ""cloud_ceiling"": ""600m"", ""precip_probability"": ""79%"", ""acculumen_brightness"": ""0 (어둡게)""}"
18481,2026-07-17T21:08:01.078594+09:00,2026-07-17T22:00:00+09:00,1784293200,2026-07-17T13:00:00+00:00,27,31,,동남동 7km/h,나쁨,N/A,67%,"{""비"": ""2.4mm"", ""humidity"": ""85%"", ""dew_point"": ""24° C"", ""real_feel"": 31, ""visibility"": ""5km"", ""cloud_cover"": ""100%"", ""cloud_ceiling"": ""600m"", ""precip_probability"": ""67%"", ""acculumen_brightness"": ""0 (어둡게)""}"
18555,2026-07-17T22:06:47.711021+09:00,2026-07-17T23:00:00+09:00,1784296800,2026-07-17T14:00:00+00:00,26,29,,동북동 9km/h,나쁨,N/A,66%,"{""비"": ""3.4mm"", ""humidity"": ""90%"", ""dew_point"": ""25° C"", ""real_feel"": 29, ""visibility"": ""6km"", ""cloud_cover"": ""100%"", ""cloud_ceiling"": ""500m"", ""precip_probability"": ""66%"", ""acculumen_brightness"": ""0 (어둡게)""}"
18628,2026-07-17T23:06:26.850159+09:00,2026-07-18T00:00:00+09:00,1784300400,2026-07-17T15:00:00+00:00,26,30,,동북동 7km/h,나쁨,N/A,71%,"{""비"": ""1.0mm"", ""humidity"": ""91%"", ""dew_point"": ""25° C"", ""real_feel"": 30, ""visibility"": ""8km"", ""cloud_cover"": ""100%"", ""cloud_ceiling"": ""500m"", ""precip_probability"": ""71%"", ""acculumen_brightness"": ""0 (어둡게)""}"
18724,2026-07-18T00:03:49.869538+09:00,2026-07-18T01:00:00+09:00,1784304000,2026-07-17T16:00:00+00:00,25,30,,동 7km/h,나쁨,N/A,63%,"{""dew_point"": ""25° C"", ""real_feel"": 30, ""visibility"": ""8km"", ""cloud_cover"": ""100%"", ""cloud_ceiling"": ""500m"", ""precip_probability"": ""63%"", ""acculumen_brightness"": ""0 (어둡게)""}"
18819,2026-07-18T01:02:35.144509+09:00,2026-07-18T02:00:00+09:00,1784307600,2026-07-17T17:00:00+00:00,25,30,,동남동 7km/h,나쁨,N/A,65%,"{""비"": ""0.1mm"", ""dew_point"": ""25° C"", ""real_feel"": 30, ""visibility"": ""8km"", ""cloud_cover"": ""100%"", ""cloud_ceiling"": ""500m"", ""precip_probability"": ""65%"", ""acculumen_brightness"": ""0 (어둡게)""}"
18913,2026-07-18T02:02:45.643659+09:00,2026-07-18T03:00:00+09:00,1784311200,2026-07-17T18:00:00+00:00,25,31,,남동 9km/h,나쁨,N/A,65%,"{""비"": ""0.1mm"", ""dew_point"": ""25° C"", ""real_feel"": 31, ""visibility"": ""5km"", ""cloud_cover"": ""100%"", ""cloud_ceiling"": ""500m"", ""precip_probability"": ""65%"", ""acculumen_brightness"": ""0 (어둡게)""}"
19006,2026-07-18T03:03:29.056763+09:00,2026-07-18T04:00:00+09:00,1784314800,2026-07-17T19:00:00+00:00,25,29,,남 9km/h,나쁨,N/A,65%,"{""비"": ""4.1mm"", ""dew_point"": ""25° C"", ""real_feel"": 29, ""visibility"": ""3km"", ""cloud_cover"": ""100%"", ""cloud_ceiling"": ""400m"", ""precip_probability"": ""65%"", ""acculumen_brightness"": ""0 (어둡게)""}"
19098,2026-07-18T04:06:36.017297+09:00,2026-07-18T05:00:00+09:00,1784318400,2026-07-17T20:00:00+00:00,25,26,,남남서 9km/h,나쁨,N/A,59%,"{""비"": ""4.0mm"", ""dew_point"": ""23° C"", ""real_feel"": 26, ""visibility"": ""8km"", ""cloud_cover"": ""100%"", ""cloud_ceiling"": ""400m"", ""precip_probability"": ""59%"", ""acculumen_brightness"": ""0 (어둡게)""}"
19189,2026-07-18T05:04:29.759598+09:00,2026-07-18T06:00:00+09:00,1784322000,2026-07-17T21:00:00+00:00,24,25,25,남남서 11km/h,나쁨,0,75%,"{""비"": ""12.7mm"", ""humidity"": ""91%"", ""dew_point"": ""23° C"", ""real_feel"": 25, ""visibility"": ""8km"", ""wind_gusts"": ""28km/h"", ""cloud_cover"": ""100%"", ""cloud_ceiling"": ""400m"", ""precip_probability"": ""75%"", ""acculumen_brightness"": ""1 (어둡게)""}"
19279,2026-07-18T06:06:01.611696+09:00,2026-07-18T07:00:00+09:00,1784325600,2026-07-17T22:00:00+00:00,24,25,25,남남서 11km/h,나쁨,0,51%,"{""비"": ""2.5mm"", ""humidity"": ""90%"", ""dew_point"": ""23° C"", ""real_feel"": 25, ""visibility"": ""8km"", ""wind_gusts"": ""26km/h"", ""cloud_cover"": ""100%"", ""cloud_ceiling"": ""400m"", ""precip_probability"": ""51%"", ""acculumen_brightness"": ""1 (어둡게)""}"
19368,2026-07-18T07:06:47.132699+09:00,2026-07-18T08:00:00+09:00,1784329200,2026-07-17T23:00:00+00:00,24,27,27,남동 9km/h,나쁨,0,45%,"{""humidity"": ""91%"", ""dew_point"": ""22° C"", ""real_feel"": 27, ""visibility"": ""8km"", ""wind_gusts"": ""26km/h"", ""cloud_cover"": ""100%"", ""cloud_ceiling"": ""400m"", ""precip_probability"": ""45%"", ""acculumen_brightness"": ""1 (어둡게)""}"
19456,2026-07-18T08:03:45.958558+09:00,2026-07-18T09:00:00+09:00,1784332800,2026-07-18T00:00:00+00:00,24,28,27,동 9km/h,보통,1,45%,"{""humidity"": ""90%"", ""dew_point"": ""23° C"", ""real_feel"": 28, ""visibility"": ""8km"", ""wind_gusts"": ""26km/h"", ""cloud_cover"": ""100%"", ""cloud_ceiling"": ""400m"", ""precip_probability"": ""45%"", ""acculumen_brightness"": ""1 (어둡게)""}"
19543,2026-07-18T09:02:11.722686+09:00,2026-07-18T10:00:00+09:00,1784336400,2026-07-18T01:00:00+00:00,24,27,26,동 11km/h,보통,1,48%,"{""비"": ""0.1mm"", ""humidity"": ""94%"", ""dew_point"": ""23° C"", ""real_feel"": 27, ""visibility"": ""8km"", ""wind_gusts"": ""28km/h"", ""cloud_cover"": ""100%"", ""cloud_ceiling"": ""400m"", ""precip_probability"": ""48%"", ""acculumen_brightness"": ""1 (어둡게)""}"
19629,2026-07-18T10:03:07.455597+09:00,2026-07-18T11:00:00+09:00,1784340000,2026-07-18T02:00:00+00:00,25,29,27,동 13km/h,보통,2,44%,"{""humidity"": ""91%"", ""dew_point"": ""23° C"", ""real_feel"": 29, ""visibility"": ""8km"", ""wind_gusts"": ""33km/h"", ""cloud_cover"": ""100%"", ""cloud_ceiling"": ""400m"", ""precip_probability"": ""44%"", ""acculumen_brightness"": ""1 (어둡게)""}"
19714,2026-07-18T11:04:02.829483+09:00,2026-07-18T12:00:00+09:00,1784343600,2026-07-18T03:00:00+00:00,25,30,28,동 13km/h,보통,2,43%,"{""humidity"": ""91%"", ""dew_point"": ""23° C"", ""real_feel"": 30, ""visibility"": ""8km"", ""wind_gusts"": ""33km/h"", ""cloud_cover"": ""100%"", ""cloud_ceiling"": ""400m"", ""precip_probability"": ""43%"", ""acculumen_brightness"": ""1 (어둡게)""}"
19798,2026-07-18T12:03:30.221633+09:00,2026-07-18T13:00:00+09:00,1784347200,2026-07-18T04:00:00+00:00,25,30,28,동북동 13km/h,보통,2,49%,"{""humidity"": ""90%"", ""dew_point"": ""23° C"", ""real_feel"": 30, ""visibility"": ""8km"", ""wind_gusts"": ""33km/h"", ""cloud_cover"": ""100%"", ""cloud_ceiling"": ""400m"", ""precip_probability"": ""49%"", ""acculumen_brightness"": ""1 (어둡게)""}"
19881,2026-07-18T13:05:05.827185+09:00,2026-07-18T14:00:00+09:00,1784350800,2026-07-18T05:00:00+00:00,25,27,26,동북동 13km/h,보통,1,66%,"{""비"": ""3.7mm"", ""humidity"": ""90%"", ""dew_point"": ""23° C"", ""real_feel"": 27, ""visibility"": ""6km"", ""wind_gusts"": ""32km/h"", ""cloud_cover"": ""100%"", ""cloud_ceiling"": ""400m"", ""precip_probability"": ""66%"", ""acculumen_brightness"": ""1 (어둡게)""}"
19963,2026-07-18T14:04:34.831641+09:00,2026-07-18T15:00:00+09:00,1784354400,2026-07-18T06:00:00+00:00,25,27,27,동북동 13km/h,나쁨,0,77%,"{""비"": ""43.3mm"", ""humidity"": ""90%"", ""dew_point"": ""24° C"", ""real_feel"": 27, ""visibility"": ""0.4km"", ""wind_gusts"": ""32km/h"", ""cloud_cover"": ""100%"", ""cloud_ceiling"": ""400m"", ""precip_probability"": ""77%"", ""acculumen_brightness"": ""1 (어둡게)""}"
20044,2026-07-18T15:07:53.783438+09:00,2026-07-18T16:00:00+09:00,1784358000,2026-07-18T07:00:00+00:00,26,28,28,동북동 13km/h,나쁨,0,72%,"{""비"": ""2.4mm"", ""humidity"": ""89%"", ""dew_point"": ""24° C"", ""real_feel"": 28, ""visibility"": ""6km"", ""wind_gusts"": ""28km/h"", ""cloud_cover"": ""99%"", ""cloud_ceiling"": ""400m"", ""precip_probability"": ""72%"", ""acculumen_brightness"": ""1 (어둡게)""}"
20124,2026-07-18T16:04:13.573065+09:00,2026-07-18T17:00:00+09:00,1784361600,2026-07-18T08:00:00+00:00,26,29,29,동북동 13km/h,나쁨,N/A,72%,"{""비"": ""2.4mm"", ""max_uv"": ""0.4 (낮음)"", ""humidity"": ""89%"", ""dew_point"": ""24° C"", ""real_feel"": 29, ""visibility"": ""6km"", ""wind_gusts"": ""26km/h"", ""cloud_cover"": ""99%"", ""cloud_ceiling"": ""400m"", ""precip_probability"": ""72%"", ""acculumen_brightness"": ""1 (어둡게)""}"
20203,2026-07-18T17:03:38.955311+09:00,2026-07-18T18:00:00+09:00,1784365200,2026-07-18T09:00:00+00:00,26,31,31,동북동 13km/h,보통,N/A,49%,"{""max_uv"": ""0.2 (낮음)"", ""humidity"": ""88%"", ""dew_point"": ""24° C"", ""real_feel"": 31, ""visibility"": ""8km"", ""wind_gusts"": ""24km/h"", ""cloud_cover"": ""99%"", ""cloud_ceiling"": ""400m"", ""precip_probability"": ""49%"", ""acculumen_brightness"": ""1 (어둡게)""}"
20281,2026-07-18T18:06:22.433277+09:00,2026-07-18T19:00:00+09:00,1784368800,2026-07-18T10:00:00+00:00,27,31,31,동 11km/h,보통,N/A,34%,"{""max_uv"": ""0.1 (낮음)"", ""humidity"": ""76%"", ""dew_point"": ""23° C"", ""real_feel"": 31, ""visibility"": ""8km"", ""wind_gusts"": ""19km/h"", ""cloud_cover"": ""69%"", ""cloud_ceiling"": ""500m"", ""precip_probability"": ""34%"", ""acculumen_brightness"": ""0 (어둡게)""}"
20358,2026-07-18T19:05:22.972107+09:00,2026-07-18T20:00:00+09:00,1784372400,2026-07-18T11:00:00+00:00,27,30,,동 9km/h,보통,N/A,34%,"{""humidity"": ""74%"", ""dew_point"": ""23° C"", ""real_feel"": 30, ""visibility"": ""8km"", ""cloud_cover"": ""74%"", ""cloud_ceiling"": ""500m"", ""precip_probability"": ""34%"", ""acculumen_brightness"": ""0 (어둡게)""}"
20434,2026-07-18T20:02:42.399684+09:00,2026-07-18T21:00:00+09:00,1784376000,2026-07-18T12:00:00+00:00,27,30,,동 9km/h,보통,N/A,40%,"{""humidity"": ""74%"", ""dew_point"": ""22° C"", ""real_feel"": 30, ""visibility"": ""8km"", ""cloud_cover"": ""78%"", ""cloud_ceiling"": ""500m"", ""precip_probability"": ""40%"", ""acculumen_brightness"": ""0 (어둡게)""}"
20509,2026-07-18T21:04:14.166188+09:00,2026-07-18T22:00:00+09:00,1784379600,2026-07-18T13:00:00+00:00,26,29,,동 9km/h,보통,N/A,61%,"{""humidity"": ""77%"", ""dew_point"": ""22° C"", ""real_feel"": 29, ""visibility"": ""6km"", ""cloud_cover"": ""96%"", ""cloud_ceiling"": ""500m"", ""precip_probability"": ""61%"", ""acculumen_brightness"": ""0 (어둡게)""}"
20583,2026-07-18T22:03:09.713843+09:00,2026-07-18T23:00:00+09:00,1784383200,2026-07-18T14:00:00+00:00,26,27,,동 7km/h,보통,N/A,61%,"{""비"": ""0.3mm"", ""dew_point"": ""22° C"", ""real_feel"": 27, ""visibility"": ""6km"", ""cloud_cover"": ""92%"", ""cloud_ceiling"": ""500m"", ""precip_probability"": ""61%"", ""acculumen_brightness"": ""0 (어둡게)""}"
20656,2026-07-18T23:05:44.413884+09:00,2026-07-19T00:00:00+09:00,1784386800,2026-07-18T15:00:00+00:00,26,26,,동 7km/h,보통,N/A,70%,"{""비"": ""3.0mm"", ""dew_point"": ""22° C"", ""real_feel"": 26, ""visibility"": ""6km"", ""cloud_cover"": ""99%"", ""cloud_ceiling"": ""500m"", ""precip_probability"": ""70%"", ""acculumen_brightness"": ""0 (어둡게)""}"
20752,2026-07-19T00:04:21.749150+09:00,2026-07-19T01:00:00+09:00,1784390400,2026-07-18T16:00:00+00:00,25,26,,동 7km/h,보통,N/A,85%,"{""비"": ""3.0mm"", ""dew_point"": ""22° C"", ""real_feel"": 26, ""visibility"": ""6km"", ""cloud_cover"": ""99%"", ""cloud_ceiling"": ""500m"", ""precip_probability"": ""85%"", ""acculumen_brightness"": ""0 (어둡게)""}"
20847,2026-07-19T01:07:22.790771+09:00,2026-07-19T02:00:00+09:00,1784394000,2026-07-18T17:00:00+00:00,25,26,,동북동 6km/h,보통,N/A,85%,"{""비"": ""3.0mm"", ""dew_point"": ""22° C"", ""real_feel"": 26, ""visibility"": ""6km"", ""cloud_cover"": ""99%"", ""cloud_ceiling"": ""500m"", ""precip_probability"": ""85%"", ""acculumen_brightness"": ""0 (어둡게)""}"
20941,2026-07-19T02:08:05.962861+09:00,2026-07-19T03:00:00+09:00,1784397600,2026-07-18T18:00:00+00:00,25,27,,동북동 6km/h,보통,N/A,70%,"{""dew_point"": ""22° C"", ""real_feel"": 27, ""visibility"": ""5km"", ""cloud_cover"": ""100%"", ""cloud_ceiling"": ""500m"", ""precip_probability"": ""70%"", ""acculumen_brightness"": ""0 (어둡게)""}"
21034,2026-07-19T03:02:15.943234+09:00,2026-07-19T04:00:00+09:00,1784401200,2026-07-18T19:00:00+00:00,25,27,,동북동 6km/h,보통,N/A,40%,"{""dew_point"": ""22° C"", ""real_feel"": 27, ""visibility"": ""8km"", ""cloud_cover"": ""93%"", ""cloud_ceiling"": ""500m"", ""precip_probability"": ""40%"", ""acculumen_brightness"": ""0 (어둡게)""}"
21126,2026-07-19T04:02:30.792391+09:00,2026-07-19T05:00:00+09:00,1784404800,2026-07-18T20:00:00+00:00,24,28,,동북동 7km/h,보통,N/A,34%,"{""dew_point"": ""23° C"", ""real_feel"": 28, ""visibility"": ""8km"", ""cloud_cover"": ""86%"", ""cloud_ceiling"": ""500m"", ""precip_probability"": ""34%"", ""acculumen_brightness"": ""0 (어둡게)""}"
21217,2026-07-19T05:04:33.468840+09:00,2026-07-19T06:00:00+09:00,1784408400,2026-07-18T21:00:00+00:00,24,28,28,동 7km/h,보통,0,33%,"{""humidity"": ""91%"", ""dew_point"": ""22° C"", ""real_feel"": 28, ""visibility"": ""8km"", ""wind_gusts"": ""17km/h"", ""cloud_cover"": ""80%"", ""cloud_ceiling"": ""9100m"", ""precip_probability"": ""33%"", ""acculumen_brightness"": ""3 (칙칙함)""}"
21307,2026-07-19T06:03:40.287994+09:00,2026-07-19T07:00:00+09:00,1784412000,2026-07-18T22:00:00+00:00,24,29,27,동 7km/h,나쁨,1,32%,"{""humidity"": ""96%"", ""dew_point"": ""23° C"", ""real_feel"": 29, ""visibility"": ""8km"", ""wind_gusts"": ""17km/h"", ""cloud_cover"": ""86%"", ""cloud_ceiling"": ""9100m"", ""precip_probability"": ""32%"", ""acculumen_brightness"": ""3 (칙칙함)""}"
21396,2026-07-19T07:02:52.748549+09:00,2026-07-19T08:00:00+09:00,1784415600,2026-07-18T23:00:00+00:00,24,29,29,동 7km/h,나쁨,0,32%,"{""humidity"": ""95%"", ""dew_point"": ""23° C"", ""real_feel"": 29, ""visibility"": ""8km"", ""wind_gusts"": ""17km/h"", ""cloud_cover"": ""92%"", ""cloud_ceiling"": ""500m"", ""precip_probability"": ""32%"", ""acculumen_brightness"": ""2 (어둡게)""}"
21484,2026-07-19T08:05:53.871712+09:00,2026-07-19T09:00:00+09:00,1784419200,2026-07-19T00:00:00+00:00,24,29,28,동 7km/h,나쁨,1,32%,"{""humidity"": ""93%"", ""dew_point"": ""23° C"", ""real_feel"": 29, ""visibility"": ""8km"", ""wind_gusts"": ""19km/h"", ""cloud_cover"": ""99%"", ""cloud_ceiling"": ""500m"", ""precip_probability"": ""32%"", ""acculumen_brightness"": ""1 (어둡게)""}"
21571,2026-07-19T09:05:15.060884+09:00,2026-07-19T10:00:00+09:00,1784422800,2026-07-19T01:00:00+00:00,25,31,28,동북동 7km/h,보통,1,34%,"{""humidity"": ""89%"", ""dew_point"": ""23° C"", ""real_feel"": 31, ""visibility"": ""10km"", ""wind_gusts"": ""17km/h"", ""cloud_cover"": ""97%"", ""cloud_ceiling"": ""500m"", ""precip_probability"": ""34%"", ""acculumen_brightness"": ""1 (어둡게)""}"
21657,2026-07-19T10:05:17.606682+09:00,2026-07-19T11:00:00+09:00,1784426400,2026-07-19T02:00:00+00:00,26,32,29,동북동 9km/h,나쁨,2,37%,"{""humidity"": ""86%"", ""dew_point"": ""23° C"", ""real_feel"": 32, ""visibility"": ""10km"", ""wind_gusts"": ""19km/h"", ""cloud_cover"": ""95%"", ""cloud_ceiling"": ""500m"", ""precip_probability"": ""37%"", ""acculumen_brightness"": ""1 (어둡게)""}"
21742,2026-07-19T11:03:24.096503+09:00,2026-07-19T12:00:00+09:00,1784430000,2026-07-19T03:00:00+00:00,26,32,29,동북동 9km/h,나쁨,N/A,40%,"{""비"": ""0.1mm"", ""max_uv"": ""2.6 (보통)"", ""humidity"": ""83%"", ""dew_point"": ""23° C"", ""real_feel"": 32, ""visibility"": ""11km"", ""wind_gusts"": ""20km/h"", ""cloud_cover"": ""94%"", ""cloud_ceiling"": ""500m"", ""precip_probability"": ""40%"", ""acculumen_brightness"": ""2 (어둡게)""}"
21826,2026-07-19T12:05:44.780598+09:00,2026-07-19T13:00:00+09:00,1784433600,2026-07-19T04:00:00+00:00,27,33,30,동북동 11km/h,보통,N/A,11%,"{""max_uv"": ""3.2 (보통)"", ""humidity"": ""79%"", ""dew_point"": ""23° C"", ""real_feel"": 33, ""visibility"": ""11km"", ""wind_gusts"": ""22km/h"", ""cloud_cover"": ""84%"", ""cloud_ceiling"": ""500m"", ""precip_probability"": ""11%"", ""acculumen_brightness"": ""4 (칙칙함)""}"
21909,2026-07-19T13:07:57.030090+09:00,2026-07-19T14:00:00+09:00,1784437200,2026-07-19T05:00:00+00:00,28,35,31,동북동 11km/h,보통,N/A,7%,"{""max_uv"": ""5.3 (보통)"", ""humidity"": ""75%"", ""dew_point"": ""23° C"", ""real_feel"": 35, ""visibility"": ""11km"", ""wind_gusts"": ""22km/h"", ""cloud_cover"": ""75%"", ""cloud_ceiling"": ""7600m"", ""precip_probability"": ""7%"", ""acculumen_brightness"": ""5 (중간)""}"
21991,2026-07-19T14:03:05.971152+09:00,2026-07-19T15:00:00+09:00,1784440800,2026-07-19T06:00:00+00:00,29,35,31,동북동 11km/h,보통,N/A,7%,"{""max_uv"": ""4.3 (보통)"", ""humidity"": ""71%"", ""dew_point"": ""23° C"", ""real_feel"": 35, ""visibility"": ""16km"", ""wind_gusts"": ""22km/h"", ""cloud_cover"": ""66%"", ""cloud_ceiling"": ""9100m"", ""precip_probability"": ""7%"", ""acculumen_brightness"": ""6 (중간)""}"
22072,2026-07-19T15:07:20.024198+09:00,2026-07-19T16:00:00+09:00,1784444400,2026-07-19T07:00:00+00:00,28,33,30,동북동 11km/h,나쁨,N/A,7%,"{""max_uv"": ""2.8 (보통)"", ""humidity"": ""72%"", ""dew_point"": ""23° C"", ""real_feel"": 33, ""visibility"": ""16km"", ""wind_gusts"": ""24km/h"", ""cloud_cover"": ""63%"", ""cloud_ceiling"": ""7600m"", ""precip_probability"": ""7%"", ""acculumen_brightness"": ""7 (밝음)""}"
22152,2026-07-19T16:07:11.666868+09:00,2026-07-19T17:00:00+09:00,1784448000,2026-07-19T08:00:00+00:00,27,31,29,동북동 11km/h,나쁨,N/A,7%,"{""max_uv"": ""1.8 (낮음)"", ""humidity"": ""76%"", ""dew_point"": ""22° C"", ""real_feel"": 31, ""visibility"": ""16km"", ""wind_gusts"": ""22km/h"", ""cloud_cover"": ""60%"", ""cloud_ceiling"": ""7600m"", ""precip_probability"": ""7%"", ""acculumen_brightness"": ""7 (밝음)""}"
22231,2026-07-19T17:06:59.279326+09:00,2026-07-19T18:00:00+09:00,1784451600,2026-07-19T09:00:00+00:00,26,29,29,서 11km/h,나쁨,1,6%,"{""humidity"": ""79%"", ""dew_point"": ""22° C"", ""real_feel"": 29, ""visibility"": ""16km"", ""wind_gusts"": ""19km/h"", ""cloud_cover"": ""57%"", ""cloud_ceiling"": ""7600m"", ""precip_probability"": ""6%"", ""acculumen_brightness"": ""5 (중간)""}"
22309,2026-07-19T18:05:09.913544+09:00,2026-07-19T19:00:00+09:00,1784455200,2026-07-19T10:00:00+00:00,28,31,31,서 9km/h,나쁨,N/A,3%,"{""max_uv"": ""0.1 (낮음)"", ""humidity"": ""76%"", ""dew_point"": ""23° C"", ""real_feel"": 31, ""visibility"": ""11km"", ""wind_gusts"": ""17km/h"", ""cloud_cover"": ""86%"", ""cloud_ceiling"": ""7600m"", ""precip_probability"": ""3%"", ""acculumen_brightness"": ""0 (어둡게)""}"
22386,2026-07-19T19:03:35.021167+09:00,2026-07-19T20:00:00+09:00,1784458800,2026-07-19T11:00:00+00:00,27,30,,서 7km/h,나쁨,N/A,3%,"{""humidity"": ""81%"", ""dew_point"": ""23° C"", ""real_feel"": 30, ""visibility"": ""11km"", ""cloud_cover"": ""77%"", ""cloud_ceiling"": ""7600m"", ""precip_probability"": ""3%"", ""acculumen_brightness"": ""0 (어둡게)""}"
22462,2026-07-19T20:03:53.274536+09:00,2026-07-19T21:00:00+09:00,1784462400,2026-07-19T12:00:00+00:00,25,29,,서북서 6km/h,나쁨,N/A,3%,"{""dew_point"": ""23° C"", ""real_feel"": 29, ""visibility"": ""11km"", ""cloud_cover"": ""67%"", ""cloud_ceiling"": ""7600m"", ""precip_probability"": ""3%"", ""acculumen_brightness"": ""0 (어둡게)""}"
22537,2026-07-19T21:05:04.189285+09:00,2026-07-19T22:00:00+09:00,1784466000,2026-07-19T13:00:00+00:00,24,28,,서북서 6km/h,나쁨,N/A,5%,"{""dew_point"": ""23° C"", ""real_feel"": 28, ""visibility"": ""10km"", ""cloud_cover"": ""75%"", ""cloud_ceiling"": ""9100m"", ""precip_probability"": ""5%"", ""acculumen_brightness"": ""0 (어둡게)""}"
22611,2026-07-19T22:05:26.140773+09:00,2026-07-19T23:00:00+09:00,1784469600,2026-07-19T14:00:00+00:00,23,27,,서 6km/h,보통,N/A,5%,"{""dew_point"": ""23° C"", ""real_feel"": 27, ""visibility"": ""10km"", ""cloud_cover"": ""82%"", ""cloud_ceiling"": ""9100m"", ""precip_probability"": ""5%"", ""acculumen_brightness"": ""0 (어둡게)""}"
22684,2026-07-19T23:06:52.157937+09:00,2026-07-20T00:00:00+09:00,1784473200,2026-07-19T15:00:00+00:00,23,27,,서남서 6km/h,나쁨,N/A,5%,"{""dew_point"": ""23° C"", ""real_feel"": 27, ""visibility"": ""8km"", ""cloud_cover"": ""89%"", ""cloud_ceiling"": ""9100m"", ""precip_probability"": ""5%"", ""acculumen_brightness"": ""0 (어둡게)""}"
22780,2026-07-20T00:05:09.524109+09:00,2026-07-20T01:00:00+09:00,1784476800,2026-07-19T16:00:00+00:00,24,28,,남서 4km/h,나쁨,N/A,7%,"{""dew_point"": ""23° C"", ""real_feel"": 28, ""visibility"": ""8km"", ""cloud_cover"": ""93%"", ""cloud_ceiling"": ""7600m"", ""precip_probability"": ""7%"", ""acculumen_brightness"": ""0 (어둡게)""}"
22875,2026-07-20T01:05:37.990005+09:00,2026-07-20T02:00:00+09:00,1784480400,2026-07-19T17:00:00+00:00,24,28,,남 4km/h,나쁨,N/A,7%,"{""dew_point"": ""23° C"", ""real_feel"": 28, ""visibility"": ""8km"", ""cloud_cover"": ""96%"", ""cloud_ceiling"": ""7600m"", ""precip_probability"": ""7%"", ""acculumen_brightness"": ""0 (어둡게)""}"
22969,2026-07-20T02:03:38.031826+09:00,2026-07-20T03:00:00+09:00,1784484000,2026-07-19T18:00:00+00:00,24,28,,동남동 4km/h,나쁨,N/A,7%,"{""dew_point"": ""23° C"", ""real_feel"": 28, ""visibility"": ""8km"", ""cloud_cover"": ""100%"", ""cloud_ceiling"": ""5900m"", ""precip_probability"": ""7%"", ""acculumen_brightness"": ""0 (어둡게)""}"
23062,2026-07-20T03:02:31.789479+09:00,2026-07-20T04:00:00+09:00,1784487600,2026-07-19T19:00:00+00:00,23,28,,북동 4km/h,나쁨,N/A,7%,"{""dew_point"": ""23° C"", ""real_feel"": 28, ""visibility"": ""8km"", ""cloud_cover"": ""100%"", ""cloud_ceiling"": ""4400m"", ""precip_probability"": ""7%"", ""acculumen_brightness"": ""0 (어둡게)""}"
23154,2026-07-20T04:03:59.838606+09:00,2026-07-20T05:00:00+09:00,1784491200,2026-07-19T20:00:00+00:00,23,26,,북서 6km/h,나쁨,N/A,7%,"{""dew_point"": ""22° C"", ""real_feel"": 26, ""visibility"": ""8km"", ""cloud_cover"": ""100%"", ""cloud_ceiling"": ""4400m"", ""precip_probability"": ""7%"", ""acculumen_brightness"": ""0 (어둡게)""}"
23245,2026-07-20T05:04:56.898585+09:00,2026-07-20T06:00:00+09:00,1784494800,2026-07-19T21:00:00+00:00,23,27,27,북북서 6km/h,나쁨,0,10%,"{""humidity"": ""94%"", ""dew_point"": ""22° C"", ""real_feel"": 27, ""visibility"": ""8km"", ""wind_gusts"": ""6km/h"", ""cloud_cover"": ""100%"", ""cloud_ceiling"": ""4400m"", ""precip_probability"": ""10%"", ""acculumen_brightness"": ""1 (어둡게)""}"
23335,2026-07-20T06:02:36.130111+09:00,2026-07-20T07:00:00+09:00,1784498400,2026-07-19T22:00:00+00:00,24,26,26,북북서 6km/h,나쁨,0,57%,"{""비"": ""4.7mm"", ""humidity"": ""92%"", ""dew_point"": ""22° C"", ""real_feel"": 26, ""visibility"": ""6km"", ""wind_gusts"": ""7km/h"", ""cloud_cover"": ""100%"", ""cloud_ceiling"": ""600m"", ""precip_probability"": ""57%"", ""acculumen_brightness"": ""1 (어둡게)""}"
23424,2026-07-20T07:06:59.767647+09:00,2026-07-20T08:00:00+09:00,1784502000,2026-07-19T23:00:00+00:00,24,29,29,북북서 6km/h,보통,1,49%,"{""humidity"": ""92%"", ""dew_point"": ""23° C"", ""real_feel"": 29, ""visibility"": ""8km"", ""wind_gusts"": ""7km/h"", ""cloud_cover"": ""100%"", ""cloud_ceiling"": ""3100m"", ""precip_probability"": ""49%"", ""acculumen_brightness"": ""1 (어둡게)""}"
23512,2026-07-20T08:02:40.802483+09:00,2026-07-20T09:00:00+09:00,1784505600,2026-07-20T00:00:00+00:00,25,28,27,북북서 6km/h,보통,1,87%,"{""비"": ""2.0mm"", ""humidity"": ""91%"", ""dew_point"": ""23° C"", ""real_feel"": 28, ""visibility"": ""8km"", ""wind_gusts"": ""9km/h"", ""cloud_cover"": ""100%"", ""cloud_ceiling"": ""3100m"", ""precip_probability"": ""87%"", ""acculumen_brightness"": ""1 (어둡게)""}"
23599,2026-07-20T09:02:10.489079+09:00,2026-07-20T10:00:00+09:00,1784509200,2026-07-20T01:00:00+00:00,25,28,26,북 7km/h,보통,1,70%,"{""비"": ""2.5mm"", ""humidity"": ""90%"", ""dew_point"": ""23° C"", ""real_feel"": 28, ""visibility"": ""8km"", ""wind_gusts"": ""9km/h"", ""cloud_cover"": ""100%"", ""cloud_ceiling"": ""3100m"", ""precip_probability"": ""70%"", ""acculumen_brightness"": ""1 (어둡게)""}"
23685,2026-07-20T10:03:14.340890+09:00,2026-07-20T11:00:00+09:00,1784512800,2026-07-20T02:00:00+00:00,25,28,26,북 9km/h,나쁨,2,64%,"{""비"": ""1.1mm"", ""humidity"": ""89%"", ""dew_point"": ""23° C"", ""real_feel"": 28, ""visibility"": ""6km"", ""wind_gusts"": ""11km/h"", ""cloud_cover"": ""100%"", ""cloud_ceiling"": ""500m"", ""precip_probability"": ""64%"", ""acculumen_brightness"": ""1 (어둡게)""}"
23770,2026-07-20T11:06:04.627456+09:00,2026-07-20T12:00:00+09:00,1784516400,2026-07-20T03:00:00+00:00,25,30,28,북 11km/h,나쁨,2,49%,"{""humidity"": ""89%"", ""dew_point"": ""23° C"", ""real_feel"": 30, ""visibility"": ""8km"", ""wind_gusts"": ""11km/h"", ""cloud_cover"": ""100%"", ""cloud_ceiling"": ""500m"", ""precip_probability"": ""49%"", ""acculumen_brightness"": ""1 (어둡게)""}"
23854,2026-07-20T12:03:10.491652+09:00,2026-07-20T13:00:00+09:00,1784520000,2026-07-20T04:00:00+00:00,25,28,27,북 9km/h,나쁨,2,55%,"{""비"": ""0.6mm"", ""humidity"": ""89%"", ""dew_point"": ""23° C"", ""real_feel"": 28, ""visibility"": ""8km"", ""wind_gusts"": ""15km/h"", ""cloud_cover"": ""99%"", ""cloud_ceiling"": ""500m"", ""precip_probability"": ""55%"", ""acculumen_brightness"": ""1 (어둡게)""}"
23937,2026-07-20T13:05:14.931894+09:00,2026-07-20T14:00:00+09:00,1784523600,2026-07-20T05:00:00+00:00,25,28,27,북북동 11km/h,나쁨,1,63%,"{""비"": ""5.0mm"", ""humidity"": ""89%"", ""dew_point"": ""23° C"", ""real_feel"": 28, ""visibility"": ""6km"", ""wind_gusts"": ""17km/h"", ""cloud_cover"": ""98%"", ""cloud_ceiling"": ""600m"", ""precip_probability"": ""63%"", ""acculumen_brightness"": ""1 (어둡게)""}"
24019,2026-07-20T14:05:08.538842+09:00,2026-07-20T15:00:00+09:00,1784527200,2026-07-20T06:00:00+00:00,26,30,28,북동 11km/h,나쁨,1,61%,"{""비"": ""0.4mm"", ""humidity"": ""89%"", ""dew_point"": ""24° C"", ""real_feel"": 30, ""visibility"": ""8km"", ""wind_gusts"": ""20km/h"", ""cloud_cover"": ""99%"", ""cloud_ceiling"": ""7600m"", ""precip_probability"": ""61%"", ""acculumen_brightness"": ""1 (어둡게)""}"
24100,2026-07-20T15:02:52.018880+09:00,2026-07-20T16:00:00+09:00,1784530800,2026-07-20T07:00:00+00:00,26,31,29,북북동 11km/h,보통,N/A,61%,"{""max_uv"": ""1.3 (낮음)"", ""humidity"": ""88%"", ""dew_point"": ""24° C"", ""real_feel"": 31, ""visibility"": ""8km"", ""wind_gusts"": ""20km/h"", ""cloud_cover"": ""98%"", ""cloud_ceiling"": ""7600m"", ""precip_probability"": ""61%"", ""acculumen_brightness"": ""1 (어둡게)""}"
24180,2026-07-20T16:07:34.740137+09:00,2026-07-20T17:00:00+09:00,1784534400,2026-07-20T08:00:00+00:00,26,31,31,북북동 11km/h,보통,N/A,49%,"{""max_uv"": ""0.9 (낮음)"", ""humidity"": ""88%"", ""dew_point"": ""24° C"", ""real_feel"": 31, ""visibility"": ""8km"", ""wind_gusts"": ""20km/h"", ""cloud_cover"": ""98%"", ""cloud_ceiling"": ""7600m"", ""precip_probability"": ""49%"", ""acculumen_brightness"": ""1 (어둡게)""}"
24259,2026-07-20T17:06:37.375756+09:00,2026-07-20T18:00:00+09:00,1784538000,2026-07-20T09:00:00+00:00,27,31,31,북북동 11km/h,나쁨,N/A,44%,"{""max_uv"": ""0.4 (낮음)"", ""humidity"": ""86%"", ""dew_point"": ""24° C"", ""real_feel"": 31, ""visibility"": ""8km"", ""wind_gusts"": ""20km/h"", ""cloud_cover"": ""99%"", ""cloud_ceiling"": ""7600m"", ""precip_probability"": ""44%"", ""acculumen_brightness"": ""1 (어둡게)""}"
24337,2026-07-20T18:07:57.859254+09:00,2026-07-20T19:00:00+09:00,1784541600,2026-07-20T10:00:00+00:00,27,31,31,동북동 9km/h,나쁨,N/A,76%,"{""비"": ""0.4mm"", ""max_uv"": ""0.0 (낮음)"", ""humidity"": ""89%"", ""dew_point"": ""25° C"", ""real_feel"": 31, ""visibility"": ""6km"", ""wind_gusts"": ""20km/h"", ""cloud_cover"": ""99%"", ""cloud_ceiling"": ""2000m"", ""precip_probability"": ""76%"", ""acculumen_brightness"": ""0 (어둡게)""}"
24414,2026-07-20T19:04:08.073092+09:00,2026-07-20T20:00:00+09:00,1784545200,2026-07-20T11:00:00+00:00,27,31,,동북동 9km/h,보통,N/A,62%,"{""비"": ""0.1mm"", ""humidity"": ""89%"", ""dew_point"": ""25° C"", ""real_feel"": 31, ""visibility"": ""6km"", ""cloud_cover"": ""99%"", ""cloud_ceiling"": ""500m"", ""precip_probability"": ""62%"", ""acculumen_brightness"": ""0 (어둡게)""}"
24490,2026-07-20T20:03:22.970359+09:00,2026-07-20T21:00:00+09:00,1784548800,2026-07-20T12:00:00+00:00,27,31,,동 7km/h,보통,N/A,49%,"{""비"": ""0.1mm"", ""humidity"": ""89%"", ""dew_point"": ""25° C"", ""real_feel"": 31, ""visibility"": ""5km"", ""cloud_cover"": ""100%"", ""cloud_ceiling"": ""500m"", ""precip_probability"": ""49%"", ""acculumen_brightness"": ""0 (어둡게)""}"
24565,2026-07-20T21:04:57.093043+09:00,2026-07-20T22:00:00+09:00,1784552400,2026-07-20T13:00:00+00:00,27,32,,동 7km/h,보통,N/A,40%,"{""humidity"": ""90%"", ""dew_point"": ""25° C"", ""real_feel"": 32, ""visibility"": ""8km"", ""cloud_cover"": ""99%"", ""cloud_ceiling"": ""500m"", ""precip_probability"": ""40%"", ""acculumen_brightness"": ""0 (어둡게)""}"
24639,2026-07-20T22:05:57.663145+09:00,2026-07-20T23:00:00+09:00,1784556000,2026-07-20T14:00:00+00:00,26,32,,동남동 7km/h,나쁨,N/A,43%,"{""humidity"": ""91%"", ""dew_point"": ""25° C"", ""real_feel"": 32, ""visibility"": ""8km"", ""cloud_cover"": ""99%"", ""cloud_ceiling"": ""500m"", ""precip_probability"": ""43%"", ""acculumen_brightness"": ""0 (어둡게)""}"
24712,2026-07-20T23:07:05.371631+09:00,2026-07-21T00:00:00+09:00,1784559600,2026-07-20T15:00:00+00:00,26,31,,남동 7km/h,나쁨,N/A,47%,"{""humidity"": ""93%"", ""dew_point"": ""25° C"", ""real_feel"": 31, ""visibility"": ""8km"", ""cloud_cover"": ""99%"", ""cloud_ceiling"": ""500m"", ""precip_probability"": ""47%"", ""acculumen_brightness"": ""0 (어둡게)""}"
24808,2026-07-21T00:03:27.821586+09:00,2026-07-21T01:00:00+09:00,1784563200,2026-07-20T16:00:00+00:00,25,30,,남동 7km/h,나쁨,N/A,61%,"{""비"": ""0.1mm"", ""dew_point"": ""25° C"", ""real_feel"": 30, ""visibility"": ""5km"", ""cloud_cover"": ""99%"", ""cloud_ceiling"": ""500m"", ""precip_probability"": ""61%"", ""acculumen_brightness"": ""0 (어둡게)""}"
24903,2026-07-21T01:03:52.143960+09:00,2026-07-21T02:00:00+09:00,1784566800,2026-07-20T17:00:00+00:00,25,30,,남동 7km/h,나쁨,N/A,65%,"{""비"": ""0.1mm"", ""dew_point"": ""25° C"", ""real_feel"": 30, ""visibility"": ""5km"", ""cloud_cover"": ""99%"", ""cloud_ceiling"": ""500m"", ""precip_probability"": ""65%"", ""acculumen_brightness"": ""0 (어둡게)""}"
24997,2026-07-21T02:03:04.565180+09:00,2026-07-21T03:00:00+09:00,1784570400,2026-07-20T18:00:00+00:00,25,29,,남동 7km/h,보통,N/A,77%,"{""비"": ""1.1mm"", ""dew_point"": ""25° C"", ""real_feel"": 29, ""visibility"": ""8km"", ""cloud_cover"": ""100%"", ""cloud_ceiling"": ""500m"", ""precip_probability"": ""77%"", ""acculumen_brightness"": ""0 (어둡게)""}"
25090,2026-07-21T03:08:06.363782+09:00,2026-07-21T04:00:00+09:00,1784574000,2026-07-20T19:00:00+00:00,25,30,,남동 7km/h,보통,N/A,67%,"{""비"": ""0.2mm"", ""dew_point"": ""25° C"", ""real_feel"": 30, ""visibility"": ""8km"", ""cloud_cover"": ""100%"", ""cloud_ceiling"": ""500m"", ""precip_probability"": ""67%"", ""acculumen_brightness"": ""0 (어둡게)""}"
25182,2026-07-21T04:03:52.586316+09:00,2026-07-21T05:00:00+09:00,1784577600,2026-07-20T20:00:00+00:00,25,30,,남동 7km/h,보통,N/A,67%,"{""비"": ""0.2mm"", ""dew_point"": ""25° C"", ""real_feel"": 30, ""visibility"": ""5km"", ""cloud_cover"": ""100%"", ""cloud_ceiling"": ""500m"", ""precip_probability"": ""67%"", ""acculumen_brightness"": ""0 (어둡게)""}"
25273,2026-07-21T05:06:12.494532+09:00,2026-07-21T06:00:00+09:00,1784581200,2026-07-20T21:00:00+00:00,25,29,29,남동 7km/h,보통,0,68%,"{""비"": ""0.6mm"", ""humidity"": ""98%"", ""dew_point"": ""25° C"", ""real_feel"": 29, ""visibility"": ""5km"", ""wind_gusts"": ""20km/h"", ""cloud_cover"": ""100%"", ""cloud_ceiling"": ""500m"", ""precip_probability"": ""68%"", ""acculumen_brightness"": ""1 (어둡게)""}"
25363,2026-07-21T06:04:20.505114+09:00,2026-07-21T07:00:00+09:00,1784584800,2026-07-20T22:00:00+00:00,25,29,29,남남동 9km/h,보통,0,68%,"{""비"": ""1.3mm"", ""humidity"": ""99%"", ""dew_point"": ""25° C"", ""real_feel"": 29, ""visibility"": ""8km"", ""wind_gusts"": ""22km/h"", ""cloud_cover"": ""100%"", ""cloud_ceiling"": ""500m"", ""precip_probability"": ""68%"", ""acculumen_brightness"": ""1 (어둡게)""}"
25452,2026-07-21T07:06:11.997462+09:00,2026-07-21T08:00:00+09:00,1784588400,2026-07-20T23:00:00+00:00,25,30,30,남 11km/h,완벽함,0,62%,"{""비"": ""0.4mm"", ""humidity"": ""100%"", ""dew_point"": ""25° C"", ""real_feel"": 30, ""visibility"": ""5km"", ""wind_gusts"": ""28km/h"", ""cloud_cover"": ""100%"", ""cloud_ceiling"": ""500m"", ""precip_probability"": ""62%"", ""acculumen_brightness"": ""1 (어둡게)""}"
25540,2026-07-21T08:04:03.187675+09:00,2026-07-21T09:00:00+09:00,1784592000,2026-07-21T00:00:00+00:00,25,31,31,남 13km/h,완벽함,1,57%,"{""humidity"": ""98%"", ""dew_point"": ""25° C"", ""real_feel"": 31, ""visibility"": ""5km"", ""wind_gusts"": ""32km/h"", ""cloud_cover"": ""100%"", ""cloud_ceiling"": ""500m"", ""precip_probability"": ""57%"", ""acculumen_brightness"": ""1 (어둡게)""}"
25627,2026-07-21T09:05:15.076478+09:00,2026-07-21T10:00:00+09:00,1784595600,2026-07-21T01:00:00+00:00,25,30,29,남 13km/h,보통,1,60%,"{""비"": ""0.2mm"", ""humidity"": ""96%"", ""dew_point"": ""25° C"", ""real_feel"": 30, ""visibility"": ""8km"", ""wind_gusts"": ""32km/h"", ""cloud_cover"": ""100%"", ""cloud_ceiling"": ""500m"", ""precip_probability"": ""60%"", ""acculumen_brightness"": ""1 (어둡게)""}"
25713,2026-07-21T10:04:54.667235+09:00,2026-07-21T11:00:00+09:00,1784599200,2026-07-21T02:00:00+00:00,26,32,30,남남서 13km/h,보통,N/A,49%,"{""max_uv"": ""2.3 (낮음)"", ""humidity"": ""95%"", ""dew_point"": ""25° C"", ""real_feel"": 32, ""visibility"": ""8km"", ""wind_gusts"": ""33km/h"", ""cloud_cover"": ""99%"", ""cloud_ceiling"": ""500m"", ""precip_probability"": ""49%"", ""acculumen_brightness"": ""1 (어둡게)""}"
25798,2026-07-21T11:04:53.052843+09:00,2026-07-21T12:00:00+09:00,1784602800,2026-07-21T03:00:00+00:00,26,33,30,남남서 13km/h,보통,N/A,44%,"{""max_uv"": ""2.5 (보통)"", ""humidity"": ""94%"", ""dew_point"": ""25° C"", ""real_feel"": 33, ""visibility"": ""8km"", ""wind_gusts"": ""32km/h"", ""cloud_cover"": ""99%"", ""cloud_ceiling"": ""500m"", ""precip_probability"": ""44%"", ""acculumen_brightness"": ""1 (어둡게)""}"
25882,2026-07-21T12:06:27.926979+09:00,2026-07-21T13:00:00+09:00,1784606400,2026-07-21T04:00:00+00:00,26,33,31,남남서 13km/h,보통,N/A,34%,"{""max_uv"": ""2.3 (낮음)"", ""humidity"": ""93%"", ""dew_point"": ""25° C"", ""real_feel"": 33, ""visibility"": ""8km"", ""wind_gusts"": ""30km/h"", ""cloud_cover"": ""99%"", ""cloud_ceiling"": ""500m"", ""precip_probability"": ""34%"", ""acculumen_brightness"": ""1 (어둡게)""}"
25965,2026-07-21T13:05:39.601886+09:00,2026-07-21T14:00:00+09:00,1784610000,2026-07-21T05:00:00+00:00,27,34,32,남남서 11km/h,보통,N/A,34%,"{""max_uv"": ""1.7 (낮음)"", ""humidity"": ""90%"", ""dew_point"": ""25° C"", ""real_feel"": 34, ""visibility"": ""8km"", ""wind_gusts"": ""28km/h"", ""cloud_cover"": ""99%"", ""cloud_ceiling"": ""500m"", ""precip_probability"": ""34%"", ""acculumen_brightness"": ""1 (어둡게)""}"
26047,2026-07-21T14:07:04.331355+09:00,2026-07-21T15:00:00+09:00,1784613600,2026-07-21T06:00:00+00:00,28,34,32,남남서 11km/h,보통,N/A,78%,"{""비"": ""0.4mm"", ""max_uv"": ""1.1 (낮음)"", ""humidity"": ""86%"", ""dew_point"": ""26° C"", ""real_feel"": 34, ""visibility"": ""8km"", ""wind_gusts"": ""28km/h"", ""cloud_cover"": ""100%"", ""cloud_ceiling"": ""2000m"", ""precip_probability"": ""78%"", ""acculumen_brightness"": ""1 (어둡게)""}"
26128,2026-07-21T15:06:31.759336+09:00,2026-07-21T16:00:00+09:00,1784617200,2026-07-21T07:00:00+00:00,28,34,34,남서 11km/h,보통,N/A,61%,"{""max_uv"": ""0.7 (낮음)"", ""humidity"": ""89%"", ""dew_point"": ""26° C"", ""real_feel"": 34, ""visibility"": ""8km"", ""wind_gusts"": ""24km/h"", ""cloud_cover"": ""99%"", ""cloud_ceiling"": ""500m"", ""precip_probability"": ""61%"", ""acculumen_brightness"": ""1 (어둡게)""}"
26208,2026-07-21T16:05:31.288117+09:00,2026-07-21T17:00:00+09:00,1784620800,2026-07-21T08:00:00+00:00,27,32,32,남서 13km/h,완벽함,N/A,64%,"{""비"": ""2.4mm"", ""max_uv"": ""0.4 (낮음)"", ""humidity"": ""90%"", ""dew_point"": ""26° C"", ""real_feel"": 32, ""visibility"": ""5km"", ""wind_gusts"": ""22km/h"", ""cloud_cover"": ""99%"", ""cloud_ceiling"": ""500m"", ""precip_probability"": ""64%"", ""acculumen_brightness"": ""1 (어둡게)""}"
26287,2026-07-21T17:03:30.738844+09:00,2026-07-21T18:00:00+09:00,1784624400,2026-07-21T09:00:00+00:00,27,31,31,남서 11km/h,보통,N/A,70%,"{""비"": ""5.7mm"", ""max_uv"": ""0.2 (낮음)"", ""humidity"": ""91%"", ""dew_point"": ""26° C"", ""real_feel"": 31, ""visibility"": ""5km"", ""wind_gusts"": ""20km/h"", ""cloud_cover"": ""99%"", ""cloud_ceiling"": ""500m"", ""precip_probability"": ""70%"", ""acculumen_brightness"": ""1 (어둡게)""}"
26365,2026-07-21T18:06:47.336214+09:00,2026-07-21T19:00:00+09:00,1784628000,2026-07-21T10:00:00+00:00,27,33,33,남서 11km/h,보통,N/A,25%,"{""max_uv"": ""0.0 (낮음)"", ""humidity"": ""90%"", ""dew_point"": ""26° C"", ""real_feel"": 33, ""visibility"": ""8km"", ""wind_gusts"": ""22km/h"", ""cloud_cover"": ""99%"", ""cloud_ceiling"": ""500m"", ""precip_probability"": ""25%"", ""acculumen_brightness"": ""0 (어둡게)""}"
26442,2026-07-21T19:07:26.935338+09:00,2026-07-21T20:00:00+09:00,1784631600,2026-07-21T11:00:00+00:00,27,33,,남서 9km/h,보통,N/A,20%,"{""humidity"": ""92%"", ""dew_point"": ""25° C"", ""real_feel"": 33, ""visibility"": ""8km"", ""cloud_cover"": ""99%"", ""cloud_ceiling"": ""500m"", ""precip_probability"": ""20%"", ""acculumen_brightness"": ""0 (어둡게)""}"
26518,2026-07-21T20:07:09.294712+09:00,2026-07-21T21:00:00+09:00,1784635200,2026-07-21T12:00:00+00:00,26,32,,남서 9km/h,보통,N/A,20%,"{""humidity"": ""94%"", ""dew_point"": ""25° C"", ""real_feel"": 32, ""visibility"": ""8km"", ""cloud_cover"": ""100%"", ""cloud_ceiling"": ""500m"", ""precip_probability"": ""20%"", ""acculumen_brightness"": ""0 (어둡게)""}"
26593,2026-07-21T21:07:58.799779+09:00,2026-07-21T22:00:00+09:00,1784638800,2026-07-21T13:00:00+00:00,26,32,,남서 7km/h,보통,N/A,20%,"{""humidity"": ""96%"", ""dew_point"": ""25° C"", ""real_feel"": 32, ""visibility"": ""8km"", ""cloud_cover"": ""100%"", ""cloud_ceiling"": ""500m"", ""precip_probability"": ""20%"", ""acculumen_brightness"": ""0 (어둡게)""}"
26667,2026-07-21T22:02:18.869728+09:00,2026-07-21T23:00:00+09:00,1784642400,2026-07-21T14:00:00+00:00,26,32,,남서 7km/h,나쁨,N/A,20%,"{""humidity"": ""97%"", ""dew_point"": ""25° C"", ""real_feel"": 32, ""visibility"": ""8km"", ""cloud_cover"": ""100%"", ""cloud_ceiling"": ""500m"", ""precip_probability"": ""20%"", ""acculumen_brightness"": ""0 (어둡게)""}"
26740,2026-07-21T23:03:34.472977+09:00,2026-07-22T00:00:00+09:00,1784646000,2026-07-21T15:00:00+00:00,25,32,,남서 7km/h,나쁨,N/A,25%,"{""dew_point"": ""25° C"", ""real_feel"": 32, ""visibility"": ""8km"", ""cloud_cover"": ""100%"", ""cloud_ceiling"": ""500m"", ""precip_probability"": ""25%"", ""acculumen_brightness"": ""0 (어둡게)""}"
26836,2026-07-22T00:03:50.085701+09:00,2026-07-22T01:00:00+09:00,1784649600,2026-07-21T16:00:00+00:00,25,29,,남서 7km/h,나쁨,N/A,80%,"{""비"": ""2.2mm"", ""dew_point"": ""25° C"", ""real_feel"": 29, ""visibility"": ""5km"", ""cloud_cover"": ""100%"", ""cloud_ceiling"": ""500m"", ""precip_probability"": ""80%"", ""acculumen_brightness"": ""0 (어둡게)""}"
26931,2026-07-22T01:05:53.593871+09:00,2026-07-22T02:00:00+09:00,1784653200,2026-07-21T17:00:00+00:00,25,28,,남서 6km/h,나쁨,N/A,83%,"{""비"": ""2.9mm"", ""dew_point"": ""25° C"", ""real_feel"": 28, ""visibility"": ""5km"", ""cloud_cover"": ""100%"", ""cloud_ceiling"": ""500m"", ""precip_probability"": ""83%"", ""acculumen_brightness"": ""0 (어둡게)""}"
27025,2026-07-22T02:07:20.391512+09:00,2026-07-22T03:00:00+09:00,1784656800,2026-07-21T18:00:00+00:00,24,28,,남서 6km/h,보통,N/A,82%,"{""비"": ""2.8mm"", ""dew_point"": ""24° C"", ""real_feel"": 28, ""visibility"": ""5km"", ""cloud_cover"": ""100%"", ""cloud_ceiling"": ""500m"", ""precip_probability"": ""82%"", ""acculumen_brightness"": ""0 (어둡게)""}"
27118,2026-07-22T03:05:41.003106+09:00,2026-07-22T04:00:00+09:00,1784660400,2026-07-21T19:00:00+00:00,24,29,,남서 6km/h,보통,N/A,30%,"{""dew_point"": ""24° C"", ""real_feel"": 29, ""visibility"": ""8km"", ""cloud_cover"": ""99%"", ""cloud_ceiling"": ""500m"", ""precip_probability"": ""30%"", ""acculumen_brightness"": ""0 (어둡게)""}"
27210,2026-07-22T04:02:16.607073+09:00,2026-07-22T05:00:00+09:00,1784664000,2026-07-21T20:00:00+00:00,24,29,,남남동 6km/h,보통,N/A,24%,"{""dew_point"": ""24° C"", ""real_feel"": 29, ""visibility"": ""8km"", ""cloud_cover"": ""99%"", ""cloud_ceiling"": ""500m"", ""precip_probability"": ""24%"", ""acculumen_brightness"": ""0 (어둡게)""}"
27301,2026-07-22T05:06:07.293339+09:00,2026-07-22T06:00:00+09:00,1784667600,2026-07-21T21:00:00+00:00,24,30,30,남동 6km/h,보통,0,30%,"{""humidity"": ""99%"", ""dew_point"": ""24° C"", ""real_feel"": 30, ""visibility"": ""8km"", ""wind_gusts"": ""15km/h"", ""cloud_cover"": ""98%"", ""cloud_ceiling"": ""500m"", ""precip_probability"": ""30%"", ""acculumen_brightness"": ""1 (어둡게)""}"
27391,2026-07-22T06:03:06.434895+09:00,2026-07-22T07:00:00+09:00,1784671200,2026-07-21T22:00:00+00:00,25,30,30,남동 6km/h,보통,0,46%,"{""비"": ""0.1mm"", ""humidity"": ""100%"", ""dew_point"": ""25° C"", ""real_feel"": 30, ""visibility"": ""6km"", ""wind_gusts"": ""15km/h"", ""cloud_cover"": ""98%"", ""cloud_ceiling"": ""500m"", ""precip_probability"": ""46%"", ""acculumen_brightness"": ""1 (어둡게)""}"
27480,2026-07-22T07:07:50.051551+09:00,2026-07-22T08:00:00+09:00,1784674800,2026-07-21T23:00:00+00:00,25,32,32,남동 7km/h,보통,0,45%,"{""humidity"": ""100%"", ""dew_point"": ""25° C"", ""real_feel"": 32, ""visibility"": ""6km"", ""wind_gusts"": ""17km/h"", ""cloud_cover"": ""98%"", ""cloud_ceiling"": ""500m"", ""precip_probability"": ""45%"", ""acculumen_brightness"": ""1 (어둡게)""}"
27568,2026-07-22T08:04:55.547225+09:00,2026-07-22T09:00:00+09:00,1784678400,2026-07-22T00:00:00+00:00,26,32,30,남동 7km/h,보통,N/A,61%,"{""비"": ""1.2mm"", ""max_uv"": ""1.0 (낮음)"", ""humidity"": ""98%"", ""dew_point"": ""26° C"", ""real_feel"": 32, ""visibility"": ""8km"", ""wind_gusts"": ""19km/h"", ""cloud_cover"": ""98%"", ""cloud_ceiling"": ""500m"", ""precip_probability"": ""61%"", ""acculumen_brightness"": ""1 (어둡게)""}"
27655,2026-07-22T09:04:41.062525+09:00,2026-07-22T10:00:00+09:00,1784682000,2026-07-22T01:00:00+00:00,27,35,32,남 9km/h,보통,N/A,40%,"{""max_uv"": ""1.7 (낮음)"", ""humidity"": ""94%"", ""dew_point"": ""26° C"", ""real_feel"": 35, ""visibility"": ""8km"", ""wind_gusts"": ""22km/h"", ""cloud_cover"": ""99%"", ""cloud_ceiling"": ""500m"", ""precip_probability"": ""40%"", ""acculumen_brightness"": ""1 (어둡게)""}"
27741,2026-07-22T10:05:31.563356+09:00,2026-07-22T11:00:00+09:00,1784685600,2026-07-22T02:00:00+00:00,28,36,33,남남서 11km/h,보통,N/A,47%,"{""max_uv"": ""2.3 (낮음)"", ""humidity"": ""91%"", ""dew_point"": ""26° C"", ""real_feel"": 36, ""visibility"": ""8km"", ""wind_gusts"": ""24km/h"", ""cloud_cover"": ""99%"", ""cloud_ceiling"": ""500m"", ""precip_probability"": ""47%"", ""acculumen_brightness"": ""1 (어둡게)""}"
27826,2026-07-22T11:04:19.425375+09:00,2026-07-22T12:00:00+09:00,1784689200,2026-07-22T03:00:00+00:00,29,37,34,남서 13km/h,나쁨,N/A,49%,"{""max_uv"": ""2.5 (낮음)"", ""humidity"": ""88%"", ""dew_point"": ""26° C"", ""real_feel"": 37, ""visibility"": ""8km"", ""wind_gusts"": ""26km/h"", ""cloud_cover"": ""100%"", ""cloud_ceiling"": ""500m"", ""precip_probability"": ""49%"", ""acculumen_brightness"": ""1 (어둡게)""}"
27910,2026-07-22T12:06:28.635793+09:00,2026-07-22T13:00:00+09:00,1784692800,2026-07-22T04:00:00+00:00,29,36,34,남서 13km/h,나쁨,N/A,57%,"{""비"": ""0.5mm"", ""max_uv"": ""2.0 (낮음)"", ""humidity"": ""86%"", ""dew_point"": ""27° C"", ""real_feel"": 36, ""visibility"": ""6km"", ""wind_gusts"": ""26km/h"", ""cloud_cover"": ""99%"", ""cloud_ceiling"": ""500m"", ""precip_probability"": ""57%"", ""acculumen_brightness"": ""1 (어둡게)""}"
27993,2026-07-22T13:07:36.938282+09:00,2026-07-22T14:00:00+09:00,1784696400,2026-07-22T05:00:00+00:00,29,35,33,남서 13km/h,나쁨,N/A,66%,"{""비"": ""13.5mm"", ""max_uv"": ""1.0 (낮음)"", ""humidity"": ""86%"", ""dew_point"": ""27° C"", ""real_feel"": 35, ""visibility"": ""1.6km"", ""wind_gusts"": ""24km/h"", ""cloud_cover"": ""98%"", ""cloud_ceiling"": ""500m"", ""precip_probability"": ""66%"", ""acculumen_brightness"": ""1 (어둡게)""}"
28075,2026-07-22T14:04:35.443789+09:00,2026-07-22T15:00:00+09:00,1784700000,2026-07-22T06:00:00+00:00,30,37,37,남서 13km/h,나쁨,N/A,74%,"{""비"": ""1.1mm"", ""max_uv"": ""1.0 (낮음)"", ""humidity"": ""83%"", ""dew_point"": ""27° C"", ""real_feel"": 37, ""visibility"": ""8km"", ""wind_gusts"": ""24km/h"", ""cloud_cover"": ""100%"", ""cloud_ceiling"": ""500m"", ""precip_probability"": ""74%"", ""acculumen_brightness"": ""1 (어둡게)""}"
28156,2026-07-22T15:03:05.832792+09:00,2026-07-22T16:00:00+09:00,1784703600,2026-07-22T07:00:00+00:00,29,36,36,남서 13km/h,보통,N/A,61%,"{""비"": ""1.8mm"", ""max_uv"": ""0.6 (낮음)"", ""humidity"": ""87%"", ""dew_point"": ""27° C"", ""real_feel"": 36, ""visibility"": ""8km"", ""wind_gusts"": ""24km/h"", ""cloud_cover"": ""100%"", ""cloud_ceiling"": ""500m"", ""precip_probability"": ""61%"", ""acculumen_brightness"": ""1 (어둡게)""}"
28236,2026-07-22T16:03:39.303869+09:00,2026-07-22T17:00:00+09:00,1784707200,2026-07-22T08:00:00+00:00,29,37,37,남서 11km/h,나쁨,N/A,49%,"{""max_uv"": ""0.5 (낮음)"", ""humidity"": ""88%"", ""dew_point"": ""27° C"", ""real_feel"": 37, ""visibility"": ""8km"", ""wind_gusts"": ""24km/h"", ""cloud_cover"": ""96%"", ""cloud_ceiling"": ""500m"", ""precip_probability"": ""49%"", ""acculumen_brightness"": ""1 (어둡게)""}"
28315,2026-07-22T17:06:33.101337+09:00,2026-07-22T18:00:00+09:00,1784710800,2026-07-22T09:00:00+00:00,29,36,36,남서 11km/h,보통,N/A,75%,"{""max_uv"": ""0.2 (낮음)"", ""humidity"": ""88%"", ""dew_point"": ""27° C"", ""real_feel"": 36, ""visibility"": ""8km"", ""wind_gusts"": ""24km/h"", ""cloud_cover"": ""97%"", ""cloud_ceiling"": ""500m"", ""precip_probability"": ""75%"", ""acculumen_brightness"": ""1 (어둡게)""}"
28393,2026-07-22T18:07:00.692710+09:00,2026-07-22T19:00:00+09:00,1784714400,2026-07-22T10:00:00+00:00,29,35,35,남 9km/h,보통,N/A,61%,"{""비"": ""0.9mm"", ""max_uv"": ""0.0 (낮음)"", ""humidity"": ""88%"", ""dew_point"": ""26° C"", ""real_feel"": 35, ""visibility"": ""8km"", ""wind_gusts"": ""24km/h"", ""cloud_cover"": ""100%"", ""cloud_ceiling"": ""6100m"", ""precip_probability"": ""61%"", ""acculumen_brightness"": ""0 (어둡게)""}"
28470,2026-07-22T19:08:01.958769+09:00,2026-07-22T20:00:00+09:00,1784718000,2026-07-22T11:00:00+00:00,28,34,,남 9km/h,보통,N/A,72%,"{""비"": ""3.6mm"", ""humidity"": ""89%"", ""dew_point"": ""26° C"", ""real_feel"": 34, ""visibility"": ""8km"", ""cloud_cover"": ""100%"", ""cloud_ceiling"": ""2700m"", ""precip_probability"": ""72%"", ""acculumen_brightness"": ""0 (어둡게)""}"
28546,2026-07-22T20:07:47.366473+09:00,2026-07-22T21:00:00+09:00,1784721600,2026-07-22T12:00:00+00:00,27,34,,남 7km/h,나쁨,N/A,70%,"{""비"": ""0.1mm"", ""humidity"": ""93%"", ""dew_point"": ""26° C"", ""real_feel"": 34, ""visibility"": ""8km"", ""cloud_cover"": ""76%"", ""cloud_ceiling"": ""6100m"", ""precip_probability"": ""70%"", ""acculumen_brightness"": ""0 (어둡게)""}"
28621,2026-07-22T21:03:24.203377+09:00,2026-07-22T22:00:00+09:00,1784725200,2026-07-22T13:00:00+00:00,27,33,,남남동 7km/h,나쁨,N/A,80%,"{""비"": ""0.5mm"", ""humidity"": ""94%"", ""dew_point"": ""26° C"", ""real_feel"": 33, ""visibility"": ""8km"", ""cloud_cover"": ""99%"", ""cloud_ceiling"": ""500m"", ""precip_probability"": ""80%"", ""acculumen_brightness"": ""0 (어둡게)""}"
28695,2026-07-22T22:04:02.645581+09:00,2026-07-22T23:00:00+09:00,1784728800,2026-07-22T14:00:00+00:00,26,31,,남남동 9km/h,나쁨,N/A,84%,"{""비"": ""2.6mm"", ""humidity"": ""96%"", ""dew_point"": ""26° C"", ""real_feel"": 31, ""visibility"": ""5km"", ""cloud_cover"": ""80%"", ""cloud_ceiling"": ""500m"", ""precip_probability"": ""84%"", ""acculumen_brightness"": ""0 (어둡게)""}"
28768,2026-07-22T23:07:11.296901+09:00,2026-07-23T00:00:00+09:00,1784732400,2026-07-22T15:00:00+00:00,26,30,,남동 7km/h,나쁨,N/A,82%,"{""비"": ""6.3mm"", ""humidity"": ""96%"", ""dew_point"": ""26° C"", ""real_feel"": 30, ""visibility"": ""5km"", ""cloud_cover"": ""100%"", ""cloud_ceiling"": ""500m"", ""precip_probability"": ""82%"", ""acculumen_brightness"": ""0 (어둡게)""}"
28864,2026-07-23T00:03:29.164051+09:00,2026-07-23T01:00:00+09:00,1784736000,2026-07-22T16:00:00+00:00,26,31,,남동 7km/h,나쁨,N/A,64%,"{""비"": ""0.4mm"", ""humidity"": ""98%"", ""dew_point"": ""26° C"", ""real_feel"": 31, ""visibility"": ""8km"", ""cloud_cover"": ""100%"", ""cloud_ceiling"": ""500m"", ""precip_probability"": ""64%"", ""acculumen_brightness"": ""0 (어둡게)""}"
28959,2026-07-23T01:06:07.267559+09:00,2026-07-23T02:00:00+09:00,1784739600,2026-07-22T17:00:00+00:00,26,32,,남동 7km/h,나쁨,N/A,73%,"{""humidity"": ""98%"", ""dew_point"": ""25° C"", ""real_feel"": 32, ""visibility"": ""8km"", ""cloud_cover"": ""100%"", ""cloud_ceiling"": ""500m"", ""precip_probability"": ""73%"", ""acculumen_brightness"": ""0 (어둡게)""}"
29053,2026-07-23T02:06:22.324465+09:00,2026-07-23T03:00:00+09:00,1784743200,2026-07-22T18:00:00+00:00,26,31,,남동 7km/h,보통,N/A,71%,"{""비"": ""1.0mm"", ""humidity"": ""98%"", ""dew_point"": ""25° C"", ""real_feel"": 31, ""visibility"": ""8km"", ""cloud_cover"": ""100%"", ""cloud_ceiling"": ""500m"", ""precip_probability"": ""71%"", ""acculumen_brightness"": ""0 (어둡게)""}"
29146,2026-07-23T03:06:45.728826+09:00,2026-07-23T04:00:00+09:00,1784746800,2026-07-22T19:00:00+00:00,25,30,,남동 7km/h,보통,N/A,79%,"{""비"": ""2.0mm"", ""dew_point"": ""25° C"", ""real_feel"": 30, ""visibility"": ""5km"", ""cloud_cover"": ""100%"", ""cloud_ceiling"": ""500m"", ""precip_probability"": ""79%"", ""acculumen_brightness"": ""0 (어둡게)""}"
29238,2026-07-23T04:03:40.377369+09:00,2026-07-23T05:00:00+09:00,1784750400,2026-07-22T20:00:00+00:00,25,30,,동남동 7km/h,보통,N/A,71%,"{""비"": ""0.4mm"", ""dew_point"": ""25° C"", ""real_feel"": 30, ""visibility"": ""1.6km"", ""cloud_cover"": ""100%"", ""cloud_ceiling"": ""500m"", ""precip_probability"": ""71%"", ""acculumen_brightness"": ""0 (어둡게)""}"
29329,2026-07-23T05:03:35.936889+09:00,2026-07-23T06:00:00+09:00,1784754000,2026-07-22T21:00:00+00:00,25,30,30,동남동 7km/h,보통,0,59%,"{""humidity"": ""100%"", ""dew_point"": ""25° C"", ""real_feel"": 30, ""visibility"": ""5km"", ""wind_gusts"": ""19km/h"", ""cloud_cover"": ""100%"", ""cloud_ceiling"": ""500m"", ""precip_probability"": ""59%"", ""acculumen_brightness"": ""1 (어둡게)""}"
29419,2026-07-23T06:06:03.861864+09:00,2026-07-23T07:00:00+09:00,1784757600,2026-07-22T22:00:00+00:00,25,31,31,남동 7km/h,보통,0,70%,"{""비"": ""0.1mm"", ""humidity"": ""99%"", ""dew_point"": ""25° C"", ""real_feel"": 31, ""visibility"": ""8km"", ""wind_gusts"": ""20km/h"", ""cloud_cover"": ""100%"", ""cloud_ceiling"": ""500m"", ""precip_probability"": ""70%"", ""acculumen_brightness"": ""1 (어둡게)""}"
29508,2026-07-23T07:07:27.942493+09:00,2026-07-23T08:00:00+09:00,1784761200,2026-07-22T23:00:00+00:00,26,31,31,남남동 9km/h,보통,N/A,76%,"{""비"": ""0.7mm"", ""max_uv"": ""0.7 (낮음)"", ""humidity"": ""97%"", ""dew_point"": ""25° C"", ""real_feel"": 31, ""visibility"": ""5km"", ""wind_gusts"": ""20km/h"", ""cloud_cover"": ""100%"", ""cloud_ceiling"": ""500m"", ""precip_probability"": ""76%"", ""acculumen_brightness"": ""1 (어둡게)""}"
29596,2026-07-23T08:08:04.246917+09:00,2026-07-23T09:00:00+09:00,1784764800,2026-07-23T00:00:00+00:00,27,33,33,남남동 9km/h,보통,N/A,67%,"{""비"": ""0.2mm"", ""max_uv"": ""1.0 (낮음)"", ""humidity"": ""94%"", ""dew_point"": ""26° C"", ""real_feel"": 33, ""visibility"": ""5km"", ""wind_gusts"": ""22km/h"", ""cloud_cover"": ""100%"", ""cloud_ceiling"": ""500m"", ""precip_probability"": ""67%"", ""acculumen_brightness"": ""1 (어둡게)""}"
29683,2026-07-23T09:07:17.905113+09:00,2026-07-23T10:00:00+09:00,1784768400,2026-07-23T01:00:00+00:00,27,34,31,남 9km/h,보통,N/A,57%,"{""비"": ""0.1mm"", ""max_uv"": ""1.5 (낮음)"", ""humidity"": ""93%"", ""dew_point"": ""26° C"", ""real_feel"": 34, ""visibility"": ""8km"", ""wind_gusts"": ""24km/h"", ""cloud_cover"": ""100%"", ""cloud_ceiling"": ""500m"", ""precip_probability"": ""57%"", ""acculumen_brightness"": ""1 (어둡게)""}"
29769,2026-07-23T10:07:41.285856+09:00,2026-07-23T11:00:00+09:00,1784772000,2026-07-23T02:00:00+00:00,27,34,31,남 13km/h,나쁨,N/A,49%,"{""max_uv"": ""2.2 (낮음)"", ""humidity"": ""92%"", ""dew_point"": ""25° C"", ""real_feel"": 34, ""visibility"": ""8km"", ""wind_gusts"": ""28km/h"", ""cloud_cover"": ""100%"", ""cloud_ceiling"": ""500m"", ""precip_probability"": ""49%"", ""acculumen_brightness"": ""1 (어둡게)""}"
29854,2026-07-23T11:05:19.312802+09:00,2026-07-23T12:00:00+09:00,1784775600,2026-07-23T03:00:00+00:00,27,33,31,남남서 13km/h,보통,N/A,66%,"{""비"": ""1.9mm"", ""max_uv"": ""2.0 (낮음)"", ""humidity"": ""89%"", ""dew_point"": ""25° C"", ""real_feel"": 33, ""visibility"": ""6km"", ""wind_gusts"": ""30km/h"", ""cloud_cover"": ""100%"", ""cloud_ceiling"": ""500m"", ""precip_probability"": ""66%"", ""acculumen_brightness"": ""1 (어둡게)""}"
29938,2026-07-23T12:04:55.733669+09:00,2026-07-23T13:00:00+09:00,1784779200,2026-07-23T04:00:00+00:00,27,34,31,남남서 13km/h,보통,N/A,49%,"{""max_uv"": ""2.2 (낮음)"", ""humidity"": ""91%"", ""dew_point"": ""25° C"", ""real_feel"": 34, ""visibility"": ""8km"", ""wind_gusts"": ""30km/h"", ""cloud_cover"": ""100%"", ""cloud_ceiling"": ""500m"", ""precip_probability"": ""49%"", ""acculumen_brightness"": ""1 (어둡게)""}"
30021,2026-07-23T13:07:13.016136+09:00,2026-07-23T14:00:00+09:00,1784782800,2026-07-23T05:00:00+00:00,27,31,30,남서 13km/h,보통,N/A,66%,"{""비"": ""1.9mm"", ""max_uv"": ""1.3 (낮음)"", ""humidity"": ""91%"", ""dew_point"": ""25° C"", ""real_feel"": 31, ""visibility"": ""6km"", ""wind_gusts"": ""32km/h"", ""cloud_cover"": ""100%"", ""cloud_ceiling"": ""500m"", ""precip_probability"": ""66%"", ""acculumen_brightness"": ""1 (어둡게)""}"
30103,2026-07-23T14:05:50.317289+09:00,2026-07-23T15:00:00+09:00,1784786400,2026-07-23T06:00:00+00:00,26,33,31,남서 11km/h,보통,N/A,49%,"{""max_uv"": ""1.1 (낮음)"", ""humidity"": ""92%"", ""dew_point"": ""25° C"", ""real_feel"": 33, ""visibility"": ""8km"", ""wind_gusts"": ""30km/h"", ""cloud_cover"": ""100%"", ""cloud_ceiling"": ""500m"", ""precip_probability"": ""49%"", ""acculumen_brightness"": ""1 (어둡게)""}"
30184,2026-07-23T15:08:00.205871+09:00,2026-07-23T16:00:00+09:00,1784790000,2026-07-23T07:00:00+00:00,30,36,36,남서 11km/h,나쁨,N/A,49%,"{""max_uv"": ""0.7 (낮음)"", ""humidity"": ""74%"", ""dew_point"": ""25° C"", ""real_feel"": 36, ""visibility"": ""8km"", ""wind_gusts"": ""28km/h"", ""cloud_cover"": ""100%"", ""cloud_ceiling"": ""500m"", ""precip_probability"": ""49%"", ""acculumen_brightness"": ""1 (어둡게)""}"
30264,2026-07-23T16:03:38.104879+09:00,2026-07-23T17:00:00+09:00,1784793600,2026-07-23T08:00:00+00:00,29,33,33,남서 11km/h,나쁨,N/A,75%,"{""비"": ""6.1mm"", ""max_uv"": ""0.3 (낮음)"", ""humidity"": ""79%"", ""dew_point"": ""25° C"", ""real_feel"": 33, ""visibility"": ""5km"", ""wind_gusts"": ""26km/h"", ""cloud_cover"": ""100%"", ""cloud_ceiling"": ""500m"", ""precip_probability"": ""75%"", ""acculumen_brightness"": ""1 (어둡게)""}"
30343,2026-07-23T17:04:58.234596+09:00,2026-07-23T18:00:00+09:00,1784797200,2026-07-23T09:00:00+00:00,29,33,33,남서 11km/h,나쁨,N/A,76%,"{""비"": ""2.0mm"", ""max_uv"": ""0.2 (낮음)"", ""humidity"": ""83%"", ""dew_point"": ""25° C"", ""real_feel"": 33, ""visibility"": ""5km"", ""wind_gusts"": ""26km/h"", ""cloud_cover"": ""100%"", ""cloud_ceiling"": ""500m"", ""precip_probability"": ""76%"", ""acculumen_brightness"": ""1 (어둡게)""}"
30421,2026-07-23T18:03:01.139457+09:00,2026-07-23T19:00:00+09:00,1784800800,2026-07-23T10:00:00+00:00,29,36,36,남남서 11km/h,보통,N/A,40%,"{""max_uv"": ""0.0 (낮음)"", ""humidity"": ""88%"", ""dew_point"": ""27° C"", ""real_feel"": 36, ""visibility"": ""8km"", ""wind_gusts"": ""22km/h"", ""cloud_cover"": ""76%"", ""cloud_ceiling"": ""5900m"", ""precip_probability"": ""40%"", ""acculumen_brightness"": ""0 (어둡게)""}"
30498,2026-07-23T19:03:19.955961+09:00,2026-07-23T20:00:00+09:00,1784804400,2026-07-23T11:00:00+00:00,28,35,,남남서 9km/h,보통,N/A,44%,"{""humidity"": ""90%"", ""dew_point"": ""26° C"", ""real_feel"": 35, ""visibility"": ""8km"", ""cloud_cover"": ""77%"", ""cloud_ceiling"": ""9100m"", ""precip_probability"": ""44%"", ""acculumen_brightness"": ""0 (어둡게)""}"
30574,2026-07-23T20:03:45.206296+09:00,2026-07-23T21:00:00+09:00,1784808000,2026-07-23T12:00:00+00:00,27,34,,남남서 7km/h,보통,N/A,43%,"{""humidity"": ""94%"", ""dew_point"": ""26° C"", ""real_feel"": 34, ""visibility"": ""8km"", ""cloud_cover"": ""76%"", ""cloud_ceiling"": ""9100m"", ""precip_probability"": ""43%"", ""acculumen_brightness"": ""0 (어둡게)""}"
30649,2026-07-23T21:05:32.816690+09:00,2026-07-23T22:00:00+09:00,1784811600,2026-07-23T13:00:00+00:00,26,33,,남 7km/h,보통,N/A,43%,"{""humidity"": ""97%"", ""dew_point"": ""26° C"", ""real_feel"": 33, ""visibility"": ""8km"", ""cloud_cover"": ""76%"", ""cloud_ceiling"": ""9100m"", ""precip_probability"": ""43%"", ""acculumen_brightness"": ""0 (어둡게)""}"
30723,2026-07-23T22:04:19.013083+09:00,2026-07-23T23:00:00+09:00,1784815200,2026-07-23T14:00:00+00:00,26,33,,남 7km/h,보통,N/A,47%,"{""humidity"": ""96%"", ""dew_point"": ""26° C"", ""real_feel"": 33, ""visibility"": ""8km"", ""cloud_cover"": ""76%"", ""cloud_ceiling"": ""500m"", ""precip_probability"": ""47%"", ""acculumen_brightness"": ""0 (어둡게)""}"
30796,2026-07-23T23:04:23.587314+09:00,2026-07-24T00:00:00+09:00,1784818800,2026-07-23T15:00:00+00:00,26,32,,남 7km/h,나쁨,N/A,51%,"{""비"": ""0.2mm"", ""humidity"": ""96%"", ""dew_point"": ""26° C"", ""real_feel"": 32, ""visibility"": ""8km"", ""cloud_cover"": ""86%"", ""cloud_ceiling"": ""500m"", ""precip_probability"": ""51%"", ""acculumen_brightness"": ""0 (어둡게)""}"
30892,2026-07-24T00:04:58.195779+09:00,2026-07-24T01:00:00+09:00,1784822400,2026-07-23T16:00:00+00:00,26,31,,남 7km/h,나쁨,N/A,55%,"{""비"": ""0.2mm"", ""humidity"": ""97%"", ""dew_point"": ""25° C"", ""real_feel"": 31, ""visibility"": ""6km"", ""cloud_cover"": ""95%"", ""cloud_ceiling"": ""500m"", ""precip_probability"": ""55%"", ""acculumen_brightness"": ""0 (어둡게)""}"
30987,2026-07-24T01:04:56.334617+09:00,2026-07-24T02:00:00+09:00,1784826000,2026-07-23T17:00:00+00:00,26,32,,남 7km/h,나쁨,N/A,49%,"{""humidity"": ""98%"", ""dew_point"": ""25° C"", ""real_feel"": 32, ""visibility"": ""8km"", ""cloud_cover"": ""95%"", ""cloud_ceiling"": ""500m"", ""precip_probability"": ""49%"", ""acculumen_brightness"": ""0 (어둡게)""}"
31081,2026-07-24T02:07:22.021346+09:00,2026-07-24T03:00:00+09:00,1784829600,2026-07-23T18:00:00+00:00,25,30,,남남동 7km/h,보통,N/A,63%,"{""비"": ""2.3mm"", ""dew_point"": ""25° C"", ""real_feel"": 30, ""visibility"": ""6km"", ""cloud_cover"": ""100%"", ""cloud_ceiling"": ""500m"", ""precip_probability"": ""63%"", ""acculumen_brightness"": ""0 (어둡게)""}"
31174,2026-07-24T03:02:52.910279+09:00,2026-07-24T04:00:00+09:00,1784833200,2026-07-23T19:00:00+00:00,25,30,,남남동 7km/h,보통,N/A,51%,"{""비"": ""2.3mm"", ""dew_point"": ""25° C"", ""real_feel"": 30, ""visibility"": ""6km"", ""cloud_cover"": ""100%"", ""cloud_ceiling"": ""500m"", ""precip_probability"": ""51%"", ""acculumen_brightness"": ""0 (어둡게)""}"
31266,2026-07-24T04:07:22.502624+09:00,2026-07-24T05:00:00+09:00,1784836800,2026-07-23T20:00:00+00:00,25,31,,남동 7km/h,보통,N/A,42%,"{""dew_point"": ""25° C"", ""real_feel"": 31, ""visibility"": ""8km"", ""cloud_cover"": ""100%"", ""cloud_ceiling"": ""500m"", ""precip_probability"": ""42%"", ""acculumen_brightness"": ""0 (어둡게)""}"
31357,2026-07-24T05:07:13.947800+09:00,2026-07-24T06:00:00+09:00,1784840400,2026-07-23T21:00:00+00:00,25,31,31,남동 7km/h,보통,0,31%,"{""humidity"": ""99%"", ""dew_point"": ""25° C"", ""real_feel"": 31, ""visibility"": ""8km"", ""wind_gusts"": ""17km/h"", ""cloud_cover"": ""95%"", ""cloud_ceiling"": ""500m"", ""precip_probability"": ""31%"", ""acculumen_brightness"": ""1 (어둡게)""}"
31447,2026-07-24T06:04:29.933875+09:00,2026-07-24T07:00:00+09:00,1784844000,2026-07-23T22:00:00+00:00,26,33,33,남남동 7km/h,보통,N/A,20%,"{""max_uv"": ""0.5 (낮음)"", ""humidity"": ""96%"", ""dew_point"": ""25° C"", ""real_feel"": 33, ""visibility"": ""8km"", ""wind_gusts"": ""19km/h"", ""cloud_cover"": ""94%"", ""cloud_ceiling"": ""500m"", ""precip_probability"": ""20%"", ""acculumen_brightness"": ""2 (어둡게)""}"
31536,2026-07-24T07:02:16.266803+09:00,2026-07-24T08:00:00+09:00,1784847600,2026-07-23T23:00:00+00:00,27,34,34,남 9km/h,보통,N/A,20%,"{""max_uv"": ""0.8 (낮음)"", ""humidity"": ""95%"", ""dew_point"": ""26° C"", ""real_feel"": 34, ""visibility"": ""8km"", ""wind_gusts"": ""22km/h"", ""cloud_cover"": ""97%"", ""cloud_ceiling"": ""500m"", ""precip_probability"": ""20%"", ""acculumen_brightness"": ""1 (어둡게)""}"
31624,2026-07-24T08:03:56.886726+09:00,2026-07-24T09:00:00+09:00,1784851200,2026-07-24T00:00:00+00:00,28,36,33,남 9km/h,보통,N/A,20%,"{""max_uv"": ""1.1 (낮음)"", ""humidity"": ""91%"", ""dew_point"": ""26° C"", ""real_feel"": 36, ""visibility"": ""8km"", ""wind_gusts"": ""24km/h"", ""cloud_cover"": ""99%"", ""cloud_ceiling"": ""500m"", ""precip_probability"": ""20%"", ""acculumen_brightness"": ""1 (어둡게)""}"
31711,2026-07-24T09:04:02.555209+09:00,2026-07-24T10:00:00+09:00,1784854800,2026-07-24T01:00:00+00:00,29,37,34,남남서 11km/h,보통,N/A,20%,"{""max_uv"": ""1.7 (낮음)"", ""humidity"": ""85%"", ""dew_point"": ""26° C"", ""real_feel"": 37, ""visibility"": ""10km"", ""wind_gusts"": ""26km/h"", ""cloud_cover"": ""99%"", ""cloud_ceiling"": ""500m"", ""precip_probability"": ""20%"", ""acculumen_brightness"": ""1 (어둡게)""}"
31797,2026-07-24T10:02:30.183469+09:00,2026-07-24T11:00:00+09:00,1784858400,2026-07-24T02:00:00+00:00,30,38,35,남남서 11km/h,보통,N/A,20%,"{""max_uv"": ""2.3 (낮음)"", ""humidity"": ""77%"", ""dew_point"": ""26° C"", ""real_feel"": 38, ""visibility"": ""10km"", ""wind_gusts"": ""28km/h"", ""cloud_cover"": ""99%"", ""cloud_ceiling"": ""500m"", ""precip_probability"": ""20%"", ""acculumen_brightness"": ""1 (어둡게)""}"
31882,2026-07-24T11:02:45.184331+09:00,2026-07-24T12:00:00+09:00,1784862000,2026-07-24T03:00:00+00:00,31,39,36,남남서 13km/h,보통,N/A,25%,"{""max_uv"": ""2.5 (보통)"", ""humidity"": ""72%"", ""dew_point"": ""26° C"", ""real_feel"": 39, ""visibility"": ""8km"", ""wind_gusts"": ""30km/h"", ""cloud_cover"": ""99%"", ""cloud_ceiling"": ""500m"", ""precip_probability"": ""25%"", ""acculumen_brightness"": ""1 (어둡게)""}"
31966,2026-07-24T12:02:22.358130+09:00,2026-07-24T13:00:00+09:00,1784865600,2026-07-24T04:00:00+00:00,33,40,37,남남서 13km/h,보통,N/A,49%,"{""max_uv"": ""2.5 (보통)"", ""humidity"": ""66%"", ""dew_point"": ""26° C"", ""real_feel"": 40, ""visibility"": ""8km"", ""wind_gusts"": ""32km/h"", ""cloud_cover"": ""95%"", ""cloud_ceiling"": ""500m"", ""precip_probability"": ""49%"", ""acculumen_brightness"": ""1 (어둡게)""}"
32049,2026-07-24T13:02:36.454723+09:00,2026-07-24T14:00:00+09:00,1784869200,2026-07-24T05:00:00+00:00,32,36,35,남서 13km/h,보통,N/A,55%,"{""비"": ""4.1mm"", ""max_uv"": ""1.7 (낮음)"", ""humidity"": ""70%"", ""dew_point"": ""25° C"", ""real_feel"": 36, ""visibility"": ""6km"", ""wind_gusts"": ""28km/h"", ""cloud_cover"": ""91%"", ""cloud_ceiling"": ""500m"", ""precip_probability"": ""55%"", ""acculumen_brightness"": ""2 (어둡게)""}"
32131,2026-07-24T14:06:25.617144+09:00,2026-07-24T15:00:00+09:00,1784872800,2026-07-24T06:00:00+00:00,31,35,34,남서 15km/h,보통,N/A,53%,"{""비"": ""3.2mm"", ""max_uv"": ""1.2 (낮음)"", ""humidity"": ""74%"", ""dew_point"": ""25° C"", ""real_feel"": 35, ""visibility"": ""6km"", ""wind_gusts"": ""26km/h"", ""cloud_cover"": ""87%"", ""cloud_ceiling"": ""500m"", ""precip_probability"": ""53%"", ""acculumen_brightness"": ""3 (칙칙함)""}"
32212,2026-07-24T15:05:43.349382+09:00,2026-07-24T16:00:00+09:00,1784876400,2026-07-24T07:00:00+00:00,30,38,35,남서 15km/h,보통,N/A,24%,"{""max_uv"": ""2.9 (보통)"", ""humidity"": ""76%"", ""dew_point"": ""26° C"", ""real_feel"": 38, ""visibility"": ""11km"", ""wind_gusts"": ""24km/h"", ""cloud_cover"": ""65%"", ""cloud_ceiling"": ""9100m"", ""precip_probability"": ""24%"", ""acculumen_brightness"": ""6 (중간)""}"
32292,2026-07-24T16:05:33.716905+09:00,2026-07-24T17:00:00+09:00,1784880000,2026-07-24T08:00:00+00:00,31,38,35,남서 13km/h,보통,N/A,19%,"{""max_uv"": ""2.0 (낮음)"", ""humidity"": ""74%"", ""dew_point"": ""25° C"", ""real_feel"": 38, ""visibility"": ""11km"", ""wind_gusts"": ""22km/h"", ""cloud_cover"": ""43%"", ""cloud_ceiling"": ""9100m"", ""precip_probability"": ""19%"", ""acculumen_brightness"": ""8 (밝음)""}"
32371,2026-07-24T17:04:04.953637+09:00,2026-07-24T18:00:00+09:00,1784883600,2026-07-24T09:00:00+00:00,30,37,37,남서 13km/h,보통,N/A,17%,"{""max_uv"": ""1.0 (낮음)"", ""humidity"": ""75%"", ""dew_point"": ""25° C"", ""real_feel"": 37, ""visibility"": ""11km"", ""wind_gusts"": ""22km/h"", ""cloud_cover"": ""21%"", ""cloud_ceiling"": ""9100m"", ""precip_probability"": ""17%"", ""acculumen_brightness"": ""6 (중간)""}"
32449,2026-07-24T18:05:56.041186+09:00,2026-07-24T19:00:00+09:00,1784887200,2026-07-24T10:00:00+00:00,30,36,36,서남서 11km/h,보통,N/A,12%,"{""max_uv"": ""0.1 (낮음)"", ""humidity"": ""77%"", ""dew_point"": ""25° C"", ""real_feel"": 36, ""visibility"": ""16km"", ""wind_gusts"": ""20km/h"", ""cloud_cover"": ""29%"", ""cloud_ceiling"": ""9100m"", ""precip_probability"": ""12%"", ""acculumen_brightness"": ""0 (어둡게)""}"
32526,2026-07-24T19:05:48.912182+09:00,2026-07-24T20:00:00+09:00,1784890800,2026-07-24T11:00:00+00:00,29,35,,서남서 9km/h,보통,N/A,37%,"{""humidity"": ""81%"", ""dew_point"": ""26° C"", ""real_feel"": 35, ""visibility"": ""16km"", ""cloud_cover"": ""55%"", ""cloud_ceiling"": ""9100m"", ""precip_probability"": ""37%"", ""acculumen_brightness"": ""0 (어둡게)""}"
32602,2026-07-24T20:07:46.431709+09:00,2026-07-24T21:00:00+09:00,1784894400,2026-07-24T12:00:00+00:00,27,34,,남서 7km/h,보통,N/A,33%,"{""humidity"": ""89%"", ""dew_point"": ""25° C"", ""real_feel"": 34, ""visibility"": ""11km"", ""cloud_cover"": ""82%"", ""cloud_ceiling"": ""9100m"", ""precip_probability"": ""33%"", ""acculumen_brightness"": ""0 (어둡게)""}"
32677,2026-07-24T21:02:23.782072+09:00,2026-07-24T22:00:00+09:00,1784898000,2026-07-24T13:00:00+00:00,26,33,,남서 7km/h,보통,N/A,32%,"{""humidity"": ""95%"", ""dew_point"": ""25° C"", ""real_feel"": 33, ""visibility"": ""11km"", ""cloud_cover"": ""81%"", ""cloud_ceiling"": ""7600m"", ""precip_probability"": ""32%"", ""acculumen_brightness"": ""0 (어둡게)""}"
32751,2026-07-24T22:03:08.098321+09:00,2026-07-24T23:00:00+09:00,1784901600,2026-07-24T14:00:00+00:00,25,32,,남남서 7km/h,나쁨,N/A,32%,"{""dew_point"": ""25° C"", ""real_feel"": 32, ""visibility"": ""11km"", ""cloud_cover"": ""81%"", ""cloud_ceiling"": ""7600m"", ""precip_probability"": ""32%"", ""acculumen_brightness"": ""0 (어둡게)""}"
32824,2026-07-24T23:06:59.696653+09:00,2026-07-25T00:00:00+09:00,1784905200,2026-07-24T15:00:00+00:00,26,33,,남 7km/h,나쁨,N/A,28%,"{""humidity"": ""95%"", ""dew_point"": ""25° C"", ""real_feel"": 33, ""visibility"": ""10km"", ""cloud_cover"": ""80%"", ""cloud_ceiling"": ""7600m"", ""precip_probability"": ""28%"", ""acculumen_brightness"": ""0 (어둡게)""}"
32920,2026-07-25T00:07:05.119769+09:00,2026-07-25T01:00:00+09:00,1784908800,2026-07-24T16:00:00+00:00,26,33,,남남동 7km/h,보통,N/A,20%,"{""humidity"": ""97%"", ""dew_point"": ""25° C"", ""real_feel"": 33, ""visibility"": ""10km"", ""cloud_cover"": ""85%"", ""cloud_ceiling"": ""7600m"", ""precip_probability"": ""20%"", ""acculumen_brightness"": ""0 (어둡게)""}"
33015,2026-07-25T01:06:48.633359+09:00,2026-07-25T02:00:00+09:00,1784912400,2026-07-24T17:00:00+00:00,26,33,,남남동 7km/h,보통,N/A,40%,"{""비"": ""0.1mm"", ""humidity"": ""95%"", ""dew_point"": ""26° C"", ""real_feel"": 33, ""visibility"": ""10km"", ""cloud_cover"": ""92%"", ""cloud_ceiling"": ""500m"", ""precip_probability"": ""40%"", ""acculumen_brightness"": ""0 (어둡게)""}"
33109,2026-07-25T02:04:44.936122+09:00,2026-07-25T03:00:00+09:00,1784916000,2026-07-24T18:00:00+00:00,26,33,,남동 7km/h,나쁨,N/A,37%,"{""humidity"": ""97%"", ""dew_point"": ""26° C"", ""real_feel"": 33, ""visibility"": ""10km"", ""cloud_cover"": ""94%"", ""cloud_ceiling"": ""500m"", ""precip_probability"": ""37%"", ""acculumen_brightness"": ""0 (어둡게)""}"
33202,2026-07-25T03:04:01.635419+09:00,2026-07-25T04:00:00+09:00,1784919600,2026-07-24T19:00:00+00:00,26,33,,남동 7km/h,나쁨,N/A,34%,"{""humidity"": ""97%"", ""dew_point"": ""26° C"", ""real_feel"": 33, ""visibility"": ""10km"", ""cloud_cover"": ""96%"", ""cloud_ceiling"": ""500m"", ""precip_probability"": ""34%"", ""acculumen_brightness"": ""0 (어둡게)""}"
33294,2026-07-25T04:03:28.882152+09:00,2026-07-25T05:00:00+09:00,1784923200,2026-07-24T20:00:00+00:00,26,32,,남동 7km/h,보통,N/A,34%,"{""humidity"": ""95%"", ""dew_point"": ""25° C"", ""real_feel"": 32, ""visibility"": ""8km"", ""cloud_cover"": ""98%"", ""cloud_ceiling"": ""500m"", ""precip_probability"": ""34%"", ""acculumen_brightness"": ""0 (어둡게)""}"
33385,2026-07-25T05:07:48.489435+09:00,2026-07-25T06:00:00+09:00,1784926800,2026-07-24T21:00:00+00:00,26,33,33,남동 7km/h,보통,N/A,34%,"{""max_uv"": ""0.2 (낮음)"", ""humidity"": ""96%"", ""dew_point"": ""25° C"", ""real_feel"": 33, ""visibility"": ""8km"", ""wind_gusts"": ""17km/h"", ""cloud_cover"": ""100%"", ""cloud_ceiling"": ""500m"", ""precip_probability"": ""34%"", ""acculumen_brightness"": ""1 (어둡게)""}"
33475,2026-07-25T06:02:44.277691+09:00,2026-07-25T07:00:00+09:00,1784930400,2026-07-24T22:00:00+00:00,27,34,34,남남동 7km/h,보통,N/A,34%,"{""max_uv"": ""0.6 (낮음)"", ""humidity"": ""92%"", ""dew_point"": ""25° C"", ""real_feel"": 34, ""visibility"": ""8km"", ""wind_gusts"": ""17km/h"", ""cloud_cover"": ""85%"", ""cloud_ceiling"": ""500m"", ""precip_probability"": ""34%"", ""acculumen_brightness"": ""3 (칙칙함)""}"
33564,2026-07-25T07:07:30.383199+09:00,2026-07-25T08:00:00+09:00,1784934000,2026-07-24T23:00:00+00:00,28,35,33,남남동 7km/h,보통,N/A,34%,"{""max_uv"": ""1.3 (낮음)"", ""humidity"": ""87%"", ""dew_point"": ""25° C"", ""real_feel"": 35, ""visibility"": ""10km"", ""wind_gusts"": ""20km/h"", ""cloud_cover"": ""71%"", ""cloud_ceiling"": ""500m"", ""precip_probability"": ""34%"", ""acculumen_brightness"": ""6 (중간)""}"
33652,2026-07-25T08:04:34.081653+09:00,2026-07-25T09:00:00+09:00,1784937600,2026-07-25T00:00:00+00:00,29,38,34,남 9km/h,보통,N/A,40%,"{""max_uv"": ""4.6 (보통)"", ""humidity"": ""82%"", ""dew_point"": ""25° C"", ""real_feel"": 38, ""visibility"": ""10km"", ""wind_gusts"": ""22km/h"", ""cloud_cover"": ""56%"", ""cloud_ceiling"": ""9100m"", ""precip_probability"": ""40%"", ""acculumen_brightness"": ""7 (밝음)""}"
33739,2026-07-25T09:07:41.232056+09:00,2026-07-25T10:00:00+09:00,1784941200,2026-07-25T01:00:00+00:00,30,36,34,남남서 9km/h,보통,N/A,60%,"{""비"": ""0.5mm"", ""max_uv"": ""1.8 (낮음)"", ""humidity"": ""78%"", ""dew_point"": ""25° C"", ""real_feel"": 36, ""visibility"": ""10km"", ""wind_gusts"": ""26km/h"", ""cloud_cover"": ""99%"", ""cloud_ceiling"": ""2100m"", ""precip_probability"": ""60%"", ""acculumen_brightness"": ""1 (어둡게)""}"
33825,2026-07-25T10:04:44.270119+09:00,2026-07-25T11:00:00+09:00,1784944800,2026-07-25T02:00:00+00:00,30,37,34,남남서 11km/h,보통,N/A,60%,"{""비"": ""0.5mm"", ""max_uv"": ""3.5 (보통)"", ""humidity"": ""73%"", ""dew_point"": ""25° C"", ""real_feel"": 37, ""visibility"": ""11km"", ""wind_gusts"": ""28km/h"", ""cloud_cover"": ""82%"", ""cloud_ceiling"": ""2100m"", ""precip_probability"": ""60%"", ""acculumen_brightness"": ""4 (칙칙함)""}"
33910,2026-07-25T11:05:05.663752+09:00,2026-07-25T12:00:00+09:00,1784948400,2026-07-25T03:00:00+00:00,31,39,35,남서 13km/h,보통,N/A,49%,"{""max_uv"": ""5.1 (보통)"", ""humidity"": ""70%"", ""dew_point"": ""25° C"", ""real_feel"": 39, ""visibility"": ""11km"", ""wind_gusts"": ""32km/h"", ""cloud_cover"": ""95%"", ""cloud_ceiling"": ""7600m"", ""precip_probability"": ""49%"", ""acculumen_brightness"": ""1 (어둡게)""}"
33994,2026-07-25T12:02:46.385607+09:00,2026-07-25T13:00:00+09:00,1784952000,2026-07-25T04:00:00+00:00,32,39,36,남서 13km/h,보통,N/A,15%,"{""max_uv"": ""4.5 (보통)"", ""humidity"": ""67%"", ""dew_point"": ""25° C"", ""real_feel"": 39, ""visibility"": ""11km"", ""wind_gusts"": ""33km/h"", ""cloud_cover"": ""96%"", ""cloud_ceiling"": ""7600m"", ""precip_probability"": ""15%"", ""acculumen_brightness"": ""1 (어둡게)""}"
34077,2026-07-25T13:06:23.893150+09:00,2026-07-25T14:00:00+09:00,1784955600,2026-07-25T05:00:00+00:00,31,38,36,남서 13km/h,보통,N/A,15%,"{""max_uv"": ""2.8 (보통)"", ""humidity"": ""69%"", ""dew_point"": ""25° C"", ""real_feel"": 38, ""visibility"": ""11km"", ""wind_gusts"": ""33km/h"", ""cloud_cover"": ""98%"", ""cloud_ceiling"": ""5900m"", ""precip_probability"": ""15%"", ""acculumen_brightness"": ""1 (어둡게)""}"
34159,2026-07-25T14:05:32.952397+09:00,2026-07-25T15:00:00+09:00,1784959200,2026-07-25T06:00:00+00:00,31,38,36,남서 15km/h,보통,N/A,43%,"{""max_uv"": ""1.8 (낮음)"", ""humidity"": ""69%"", ""dew_point"": ""25° C"", ""real_feel"": 38, ""visibility"": ""11km"", ""wind_gusts"": ""32km/h"", ""cloud_cover"": ""99%"", ""cloud_ceiling"": ""5900m"", ""precip_probability"": ""43%"", ""acculumen_brightness"": ""1 (어둡게)""}"
34240,2026-07-25T15:07:11.308495+09:00,2026-07-25T16:00:00+09:00,1784962800,2026-07-25T07:00:00+00:00,31,37,35,남서 15km/h,보통,N/A,33%,"{""max_uv"": ""1.3 (낮음)"", ""humidity"": ""71%"", ""dew_point"": ""25° C"", ""real_feel"": 37, ""visibility"": ""11km"", ""wind_gusts"": ""30km/h"", ""cloud_cover"": ""98%"", ""cloud_ceiling"": ""5900m"", ""precip_probability"": ""33%"", ""acculumen_brightness"": ""1 (어둡게)""}"
34320,2026-07-25T16:07:08.274329+09:00,2026-07-25T17:00:00+09:00,1784966400,2026-07-25T08:00:00+00:00,31,37,37,남서 13km/h,보통,N/A,33%,"{""max_uv"": ""1.0 (낮음)"", ""humidity"": ""73%"", ""dew_point"": ""25° C"", ""real_feel"": 37, ""visibility"": ""11km"", ""wind_gusts"": ""28km/h"", ""cloud_cover"": ""98%"", ""cloud_ceiling"": ""9100m"", ""precip_probability"": ""33%"", ""acculumen_brightness"": ""1 (어둡게)""}"
34399,2026-07-25T17:05:14.568929+09:00,2026-07-25T18:00:00+09:00,1784970000,2026-07-25T09:00:00+00:00,30,36,36,남서 13km/h,보통,N/A,29%,"{""max_uv"": ""0.5 (낮음)"", ""humidity"": ""77%"", ""dew_point"": ""26° C"", ""real_feel"": 36, ""visibility"": ""8km"", ""wind_gusts"": ""24km/h"", ""cloud_cover"": ""97%"", ""cloud_ceiling"": ""9100m"", ""precip_probability"": ""29%"", ""acculumen_brightness"": ""1 (어둡게)""}"
34477,2026-07-25T18:02:22.144735+09:00,2026-07-25T19:00:00+09:00,1784973600,2026-07-25T10:00:00+00:00,30,37,37,남서 11km/h,보통,N/A,20%,"{""max_uv"": ""0.0 (낮음)"", ""humidity"": ""81%"", ""dew_point"": ""26° C"", ""real_feel"": 37, ""visibility"": ""10km"", ""wind_gusts"": ""20km/h"", ""cloud_cover"": ""76%"", ""cloud_ceiling"": ""9100m"", ""precip_probability"": ""20%"", ""acculumen_brightness"": ""0 (어둡게)""}"
34554,2026-07-25T19:03:55.474185+09:00,2026-07-25T20:00:00+09:00,1784977200,2026-07-25T11:00:00+00:00,29,36,,남서 9km/h,보통,N/A,40%,"{""비"": ""0.1mm"", ""humidity"": ""85%"", ""dew_point"": ""26° C"", ""real_feel"": 36, ""visibility"": ""8km"", ""cloud_cover"": ""76%"", ""cloud_ceiling"": ""9100m"", ""precip_probability"": ""40%"", ""acculumen_brightness"": ""0 (어둡게)""}"
34630,2026-07-25T20:05:59.851009+09:00,2026-07-25T21:00:00+09:00,1784980800,2026-07-25T12:00:00+00:00,28,35,,남서 7km/h,완벽함,N/A,37%,"{""humidity"": ""92%"", ""dew_point"": ""26° C"", ""real_feel"": 35, ""visibility"": ""8km"", ""cloud_cover"": ""76%"", ""cloud_ceiling"": ""9100m"", ""precip_probability"": ""37%"", ""acculumen_brightness"": ""0 (어둡게)""}"
34705,2026-07-25T21:03:06.829796+09:00,2026-07-25T22:00:00+09:00,1784984400,2026-07-25T13:00:00+00:00,27,34,,남남서 7km/h,완벽함,N/A,32%,"{""humidity"": ""96%"", ""dew_point"": ""26° C"", ""real_feel"": 34, ""visibility"": ""8km"", ""cloud_cover"": ""76%"", ""cloud_ceiling"": ""9100m"", ""precip_probability"": ""32%"", ""acculumen_brightness"": ""0 (어둡게)""}"
34779,2026-07-25T22:03:41.849300+09:00,2026-07-25T23:00:00+09:00,1784988000,2026-07-25T14:00:00+00:00,27,35,,남남서 7km/h,보통,N/A,32%,"{""humidity"": ""96%"", ""dew_point"": ""26° C"", ""real_feel"": 35, ""visibility"": ""8km"", ""cloud_cover"": ""76%"", ""cloud_ceiling"": ""9100m"", ""precip_probability"": ""32%"", ""acculumen_brightness"": ""0 (어둡게)""}"
34852,2026-07-25T23:04:17.923513+09:00,2026-07-26T00:00:00+09:00,1784991600,2026-07-25T15:00:00+00:00,27,35,,남 7km/h,보통,N/A,32%,"{""humidity"": ""96%"", ""dew_point"": ""26° C"", ""real_feel"": 35, ""visibility"": ""8km"", ""cloud_cover"": ""76%"", ""cloud_ceiling"": ""9100m"", ""precip_probability"": ""32%"", ""acculumen_brightness"": ""0 (어둡게)""}"
34948,2026-07-26T00:06:59.270445+09:00,2026-07-26T01:00:00+09:00,1784995200,2026-07-25T16:00:00+00:00,27,34,,남 7km/h,보통,N/A,34%,"{""humidity"": ""98%"", ""dew_point"": ""26° C"", ""real_feel"": 34, ""visibility"": ""8km"", ""cloud_cover"": ""76%"", ""cloud_ceiling"": ""9100m"", ""precip_probability"": ""34%"", ""acculumen_brightness"": ""0 (어둡게)""}"
35043,2026-07-26T01:06:48.629167+09:00,2026-07-26T02:00:00+09:00,1784998800,2026-07-25T17:00:00+00:00,26,33,,남 7km/h,보통,N/A,60%,"{""비"": ""0.2mm"", ""humidity"": ""99%"", ""dew_point"": ""26° C"", ""real_feel"": 33, ""visibility"": ""8km"", ""cloud_cover"": ""76%"", ""cloud_ceiling"": ""9100m"", ""precip_probability"": ""60%"", ""acculumen_brightness"": ""0 (어둡게)""}"
35137,2026-07-26T02:07:08.679271+09:00,2026-07-26T03:00:00+09:00,1785002400,2026-07-25T18:00:00+00:00,26,33,,남 7km/h,보통,N/A,49%,"{""humidity"": ""99%"", ""dew_point"": ""26° C"", ""real_feel"": 33, ""visibility"": ""8km"", ""cloud_cover"": ""76%"", ""cloud_ceiling"": ""9100m"", ""precip_probability"": ""49%"", ""acculumen_brightness"": ""0 (어둡게)""}"
35230,2026-07-26T03:06:13.228079+09:00,2026-07-26T04:00:00+09:00,1785006000,2026-07-25T19:00:00+00:00,26,33,,남남동 7km/h,보통,N/A,65%,"{""humidity"": ""100%"", ""dew_point"": ""26° C"", ""real_feel"": 33, ""visibility"": ""8km"", ""cloud_cover"": ""76%"", ""cloud_ceiling"": ""500m"", ""precip_probability"": ""65%"", ""acculumen_brightness"": ""0 (어둡게)""}"
35322,2026-07-26T04:04:10.336671+09:00,2026-07-26T05:00:00+09:00,1785009600,2026-07-25T20:00:00+00:00,25,30,,남남동 6km/h,보통,N/A,74%,"{""비"": ""0.5mm"", ""dew_point"": ""25° C"", ""real_feel"": 30, ""visibility"": ""8km"", ""cloud_cover"": ""91%"", ""cloud_ceiling"": ""500m"", ""precip_probability"": ""74%"", ""acculumen_brightness"": ""0 (어둡게)""}"
35413,2026-07-26T05:03:49.063390+09:00,2026-07-26T06:00:00+09:00,1785013200,2026-07-25T21:00:00+00:00,25,31,31,남동 7km/h,보통,0,63%,"{""humidity"": ""100%"", ""dew_point"": ""25° C"", ""real_feel"": 31, ""visibility"": ""6km"", ""wind_gusts"": ""17km/h"", ""cloud_cover"": ""94%"", ""cloud_ceiling"": ""500m"", ""precip_probability"": ""63%"", ""acculumen_brightness"": ""1 (어둡게)""}"
35503,2026-07-26T06:03:57.264296+09:00,2026-07-26T07:00:00+09:00,1785016800,2026-07-25T22:00:00+00:00,26,33,33,남남동 7km/h,보통,N/A,62%,"{""max_uv"": ""0.5 (낮음)"", ""humidity"": ""99%"", ""dew_point"": ""26° C"", ""real_feel"": 33, ""visibility"": ""8km"", ""wind_gusts"": ""19km/h"", ""cloud_cover"": ""94%"", ""cloud_ceiling"": ""500m"", ""precip_probability"": ""62%"", ""acculumen_brightness"": ""2 (어둡게)""}"
35592,2026-07-26T07:07:57.000741+09:00,2026-07-26T08:00:00+09:00,1785020400,2026-07-25T23:00:00+00:00,27,35,35,남남서 7km/h,완벽함,N/A,56%,"{""max_uv"": ""0.8 (낮음)"", ""humidity"": ""93%"", ""dew_point"": ""26° C"", ""real_feel"": 35, ""visibility"": ""6km"", ""wind_gusts"": ""19km/h"", ""cloud_cover"": ""94%"", ""cloud_ceiling"": ""500m"", ""precip_probability"": ""56%"", ""acculumen_brightness"": ""2 (어둡게)""}"
35680,2026-07-26T08:02:56.441887+09:00,2026-07-26T09:00:00+09:00,1785024000,2026-07-26T00:00:00+00:00,28,35,33,남남서 9km/h,완벽함,N/A,64%,"{""비"": ""1.0mm"", ""max_uv"": ""1.2 (낮음)"", ""humidity"": ""90%"", ""dew_point"": ""26° C"", ""real_feel"": 35, ""visibility"": ""8km"", ""wind_gusts"": ""20km/h"", ""cloud_cover"": ""93%"", ""cloud_ceiling"": ""1200m"", ""precip_probability"": ""64%"", ""acculumen_brightness"": ""2 (어둡게)""}"
35767,2026-07-26T09:06:49.537750+09:00,2026-07-26T10:00:00+09:00,1785027600,2026-07-26T01:00:00+00:00,29,39,35,남남서 9km/h,완벽함,N/A,40%,"{""max_uv"": ""3.9 (보통)"", ""humidity"": ""84%"", ""dew_point"": ""26° C"", ""real_feel"": 39, ""visibility"": ""10km"", ""wind_gusts"": ""24km/h"", ""cloud_cover"": ""93%"", ""cloud_ceiling"": ""9100m"", ""precip_probability"": ""40%"", ""acculumen_brightness"": ""2 (어둡게)""}"
35853,2026-07-26T10:07:39.166170+09:00,2026-07-26T11:00:00+09:00,1785031200,2026-07-26T02:00:00+00:00,31,41,36,남서 11km/h,완벽함,N/A,34%,"{""max_uv"": ""7.3 (높음)"", ""humidity"": ""77%"", ""dew_point"": ""26° C"", ""real_feel"": 41, ""visibility"": ""11km"", ""wind_gusts"": ""26km/h"", ""cloud_cover"": ""76%"", ""cloud_ceiling"": ""9100m"", ""precip_probability"": ""34%"", ""acculumen_brightness"": ""5 (중간)""}"
35938,2026-07-26T11:08:04.169003+09:00,2026-07-26T12:00:00+09:00,1785034800,2026-07-26T03:00:00+00:00,31,41,37,남서 13km/h,완벽함,N/A,29%,"{""max_uv"": ""8.2 (매우 높음)"", ""humidity"": ""73%"", ""dew_point"": ""26° C"", ""real_feel"": 41, ""visibility"": ""16km"", ""wind_gusts"": ""30km/h"", ""cloud_cover"": ""76%"", ""cloud_ceiling"": ""9100m"", ""precip_probability"": ""29%"", ""acculumen_brightness"": ""5 (중간)""}"
36022,2026-07-26T12:03:24.900766+09:00,2026-07-26T13:00:00+09:00,1785038400,2026-07-26T04:00:00+00:00,32,41,37,남서 13km/h,보통,N/A,20%,"{""max_uv"": ""7.3 (높음)"", ""humidity"": ""71%"", ""dew_point"": ""26° C"", ""real_feel"": 41, ""visibility"": ""8km"", ""wind_gusts"": ""30km/h"", ""cloud_cover"": ""76%"", ""cloud_ceiling"": ""9100m"", ""precip_probability"": ""20%"", ""acculumen_brightness"": ""5 (중간)""}"
36105,2026-07-26T13:02:19.603865+09:00,2026-07-26T14:00:00+09:00,1785042000,2026-07-26T05:00:00+00:00,32,41,37,서남서 13km/h,완벽함,N/A,20%,"{""max_uv"": ""5.5 (높음)"", ""humidity"": ""69%"", ""dew_point"": ""26° C"", ""real_feel"": 41, ""visibility"": ""8km"", ""wind_gusts"": ""32km/h"", ""cloud_cover"": ""76%"", ""cloud_ceiling"": ""9100m"", ""precip_probability"": ""20%"", ""acculumen_brightness"": ""5 (중간)""}"
36187,2026-07-26T14:03:48.391242+09:00,2026-07-26T15:00:00+09:00,1785045600,2026-07-26T06:00:00+00:00,32,40,37,서남서 15km/h,보통,N/A,20%,"{""max_uv"": ""3.6 (보통)"", ""humidity"": ""70%"", ""dew_point"": ""26° C"", ""real_feel"": 40, ""visibility"": ""10km"", ""wind_gusts"": ""32km/h"", ""cloud_cover"": ""76%"", ""cloud_ceiling"": ""9100m"", ""precip_probability"": ""20%"", ""acculumen_brightness"": ""5 (중간)""}"
36268,2026-07-26T15:03:29.886818+09:00,2026-07-26T16:00:00+09:00,1785049200,2026-07-26T07:00:00+00:00,31,39,36,서남서 15km/h,보통,N/A,20%,"{""max_uv"": ""2.5 (낮음)"", ""humidity"": ""71%"", ""dew_point"": ""26° C"", ""real_feel"": 39, ""visibility"": ""16km"", ""wind_gusts"": ""33km/h"", ""cloud_cover"": ""76%"", ""cloud_ceiling"": ""9100m"", ""precip_probability"": ""20%"", ""acculumen_brightness"": ""5 (중간)""}"
36348,2026-07-26T16:04:47.673644+09:00,2026-07-26T17:00:00+09:00,1785052800,2026-07-26T08:00:00+00:00,31,38,36,서남서 13km/h,보통,N/A,20%,"{""max_uv"": ""1.5 (낮음)"", ""humidity"": ""73%"", ""dew_point"": ""26° C"", ""real_feel"": 38, ""visibility"": ""16km"", ""wind_gusts"": ""30km/h"", ""cloud_cover"": ""76%"", ""cloud_ceiling"": ""9100m"", ""precip_probability"": ""20%"", ""acculumen_brightness"": ""5 (중간)""}"
36427,2026-07-26T17:05:32.739540+09:00,2026-07-26T18:00:00+09:00,1785056400,2026-07-26T09:00:00+00:00,30,37,37,서남서 13km/h,보통,N/A,25%,"{""max_uv"": ""0.8 (낮음)"", ""humidity"": ""75%"", ""dew_point"": ""25° C"", ""real_feel"": 37, ""visibility"": ""11km"", ""wind_gusts"": ""28km/h"", ""cloud_cover"": ""76%"", ""cloud_ceiling"": ""9100m"", ""precip_probability"": ""25%"", ""acculumen_brightness"": ""3 (칙칙함)""}"
36505,2026-07-26T18:02:54.117500+09:00,2026-07-26T19:00:00+09:00,1785060000,2026-07-26T10:00:00+00:00,30,35,35,서남서 11km/h,보통,N/A,45%,"{""비"": ""0.1mm"", ""max_uv"": ""0.0 (낮음)"", ""humidity"": ""79%"", ""dew_point"": ""26° C"", ""real_feel"": 35, ""visibility"": ""8km"", ""wind_gusts"": ""26km/h"", ""cloud_cover"": ""93%"", ""cloud_ceiling"": ""2100m"", ""precip_probability"": ""45%"", ""acculumen_brightness"": ""0 (어둡게)""}"
36582,2026-07-26T19:02:39.946676+09:00,2026-07-26T20:00:00+09:00,1785063600,2026-07-26T11:00:00+00:00,29,34,,서남서 9km/h,보통,N/A,52%,"{""비"": ""0.9mm"", ""humidity"": ""84%"", ""dew_point"": ""26° C"", ""real_feel"": 34, ""visibility"": ""6km"", ""cloud_cover"": ""92%"", ""cloud_ceiling"": ""500m"", ""precip_probability"": ""52%"", ""acculumen_brightness"": ""0 (어둡게)""}"
36658,2026-07-26T20:07:51.425834+09:00,2026-07-26T21:00:00+09:00,1785067200,2026-07-26T12:00:00+00:00,27,35,,서남서 7km/h,보통,N/A,48%,"{""humidity"": ""92%"", ""dew_point"": ""26° C"", ""real_feel"": 35, ""visibility"": ""8km"", ""cloud_cover"": ""90%"", ""cloud_ceiling"": ""500m"", ""precip_probability"": ""48%"", ""acculumen_brightness"": ""0 (어둡게)""}"
36733,2026-07-26T21:05:29.746844+09:00,2026-07-26T22:00:00+09:00,1785070800,2026-07-26T13:00:00+00:00,27,34,,서남서 7km/h,완벽함,N/A,17%,"{""humidity"": ""97%"", ""dew_point"": ""26° C"", ""real_feel"": 34, ""visibility"": ""8km"", ""cloud_cover"": ""93%"", ""cloud_ceiling"": ""500m"", ""precip_probability"": ""17%"", ""acculumen_brightness"": ""0 (어둡게)""}"
36807,2026-07-26T22:06:30.853838+09:00,2026-07-26T23:00:00+09:00,1785074400,2026-07-26T14:00:00+00:00,27,34,,남서 6km/h,완벽함,N/A,17%,"{""humidity"": ""98%"", ""dew_point"": ""26° C"", ""real_feel"": 34, ""visibility"": ""8km"", ""cloud_cover"": ""96%"", ""cloud_ceiling"": ""500m"", ""precip_probability"": ""17%"", ""acculumen_brightness"": ""0 (어둡게)""}"
36880,2026-07-26T23:07:02.830012+09:00,2026-07-27T00:00:00+09:00,1785078000,2026-07-26T15:00:00+00:00,27,35,,남남서 6km/h,완벽함,N/A,22%,"{""humidity"": ""97%"", ""dew_point"": ""26° C"", ""real_feel"": 35, ""visibility"": ""8km"", ""cloud_cover"": ""100%"", ""cloud_ceiling"": ""500m"", ""precip_probability"": ""22%"", ""acculumen_brightness"": ""0 (어둡게)""}"
36976,2026-07-27T00:02:54.748155+09:00,2026-07-27T01:00:00+09:00,1785081600,2026-07-26T16:00:00+00:00,27,34,,남남서 6km/h,보통,N/A,51%,"{""humidity"": ""98%"", ""dew_point"": ""26° C"", ""real_feel"": 34, ""visibility"": ""8km"", ""cloud_cover"": ""100%"", ""cloud_ceiling"": ""500m"", ""precip_probability"": ""51%"", ""acculumen_brightness"": ""0 (어둡게)""}"
37071,2026-07-27T01:02:42.369351+09:00,2026-07-27T02:00:00+09:00,1785085200,2026-07-26T17:00:00+00:00,26,34,,남남서 6km/h,보통,N/A,44%,"{""humidity"": ""100%"", ""dew_point"": ""26° C"", ""real_feel"": 34, ""visibility"": ""8km"", ""cloud_cover"": ""100%"", ""cloud_ceiling"": ""500m"", ""precip_probability"": ""44%"", ""acculumen_brightness"": ""0 (어둡게)""}"
37165,2026-07-27T02:03:22.371518+09:00,2026-07-27T03:00:00+09:00,1785088800,2026-07-26T18:00:00+00:00,26,34,,남남서 6km/h,보통,N/A,43%,"{""humidity"": ""100%"", ""dew_point"": ""26° C"", ""real_feel"": 34, ""visibility"": ""8km"", ""cloud_cover"": ""100%"", ""cloud_ceiling"": ""500m"", ""precip_probability"": ""43%"", ""acculumen_brightness"": ""0 (어둡게)""}"
37258,2026-07-27T03:03:08.275525+09:00,2026-07-27T04:00:00+09:00,1785092400,2026-07-26T19:00:00+00:00,26,33,,남남서 6km/h,보통,N/A,46%,"{""humidity"": ""100%"", ""dew_point"": ""26° C"", ""real_feel"": 33, ""visibility"": ""8km"", ""cloud_cover"": ""99%"", ""cloud_ceiling"": ""500m"", ""precip_probability"": ""46%"", ""acculumen_brightness"": ""0 (어둡게)""}"
37350,2026-07-27T04:07:42.777522+09:00,2026-07-27T05:00:00+09:00,1785096000,2026-07-26T20:00:00+00:00,26,32,,남 6km/h,보통,N/A,47%,"{""humidity"": ""100%"", ""dew_point"": ""26° C"", ""real_feel"": 32, ""visibility"": ""6km"", ""cloud_cover"": ""99%"", ""cloud_ceiling"": ""500m"", ""precip_probability"": ""47%"", ""acculumen_brightness"": ""0 (어둡게)""}"
37441,2026-07-27T05:04:19.183745+09:00,2026-07-27T06:00:00+09:00,1785099600,2026-07-26T21:00:00+00:00,25,31,31,남 6km/h,보통,0,54%,"{""비"": ""0.9mm"", ""humidity"": ""100%"", ""dew_point"": ""25° C"", ""real_feel"": 31, ""visibility"": ""6km"", ""wind_gusts"": ""17km/h"", ""cloud_cover"": ""99%"", ""cloud_ceiling"": ""500m"", ""precip_probability"": ""54%"", ""acculumen_brightness"": ""1 (어둡게)""}"
37531,2026-07-27T06:04:28.224754+09:00,2026-07-27T07:00:00+09:00,1785103200,2026-07-26T22:00:00+00:00,26,33,33,남 7km/h,보통,N/A,62%,"{""비"": ""0.4mm"", ""max_uv"": ""0.4 (낮음)"", ""humidity"": ""98%"", ""dew_point"": ""26° C"", ""real_feel"": 33, ""visibility"": ""6km"", ""wind_gusts"": ""17km/h"", ""cloud_cover"": ""99%"", ""cloud_ceiling"": ""500m"", ""precip_probability"": ""62%"", ""acculumen_brightness"": ""1 (어둡게)""}"
37620,2026-07-27T07:05:42.734680+09:00,2026-07-27T08:00:00+09:00,1785106800,2026-07-26T23:00:00+00:00,27,34,34,남남서 7km/h,보통,N/A,70%,"{""비"": ""3.0mm"", ""max_uv"": ""0.6 (낮음)"", ""humidity"": ""98%"", ""dew_point"": ""27° C"", ""real_feel"": 34, ""visibility"": ""6km"", ""wind_gusts"": ""19km/h"", ""cloud_cover"": ""98%"", ""cloud_ceiling"": ""500m"", ""precip_probability"": ""70%"", ""acculumen_brightness"": ""1 (어둡게)""}"
37708,2026-07-27T08:06:49.371762+09:00,2026-07-27T09:00:00+09:00,1785110400,2026-07-27T00:00:00+00:00,28,35,33,남남서 7km/h,보통,N/A,62%,"{""비"": ""0.4mm"", ""max_uv"": ""1.2 (낮음)"", ""humidity"": ""94%"", ""dew_point"": ""27° C"", ""real_feel"": 35, ""visibility"": ""6km"", ""wind_gusts"": ""20km/h"", ""cloud_cover"": ""98%"", ""cloud_ceiling"": ""2100m"", ""precip_probability"": ""62%"", ""acculumen_brightness"": ""1 (어둡게)""}"
37795,2026-07-27T09:04:21.047244+09:00,2026-07-27T10:00:00+09:00,1785114000,2026-07-27T01:00:00+00:00,29,38,34,남남서 9km/h,완벽함,N/A,40%,"{""max_uv"": ""4.1 (보통)"", ""humidity"": ""87%"", ""dew_point"": ""26° C"", ""real_feel"": 38, ""visibility"": ""8km"", ""wind_gusts"": ""22km/h"", ""cloud_cover"": ""87%"", ""cloud_ceiling"": ""7600m"", ""precip_probability"": ""40%"", ""acculumen_brightness"": ""3 (칙칙함)""}"
37881,2026-07-27T10:05:52.960729+09:00,2026-07-27T11:00:00+09:00,1785117600,2026-07-27T02:00:00+00:00,30,40,35,남서 9km/h,보통,N/A,34%,"{""max_uv"": ""9.3 (매우 높음)"", ""humidity"": ""81%"", ""dew_point"": ""26° C"", ""real_feel"": 40, ""visibility"": ""8km"", ""wind_gusts"": ""26km/h"", ""cloud_cover"": ""60%"", ""cloud_ceiling"": ""9100m"", ""precip_probability"": ""34%"", ""acculumen_brightness"": ""7 (밝음)""}"
37966,2026-07-27T11:02:48.663808+09:00,2026-07-27T12:00:00+09:00,1785121200,2026-07-27T03:00:00+00:00,30,41,35,남서 11km/h,보통,N/A,29%,"{""max_uv"": ""10.4 (매우 높음)"", ""humidity"": ""77%"", ""dew_point"": ""26° C"", ""real_feel"": 41, ""visibility"": ""10km"", ""wind_gusts"": ""26km/h"", ""cloud_cover"": ""41%"", ""cloud_ceiling"": ""9100m"", ""precip_probability"": ""29%"", ""acculumen_brightness"": ""8 (밝음)""}"
38050,2026-07-27T12:02:36.812961+09:00,2026-07-27T13:00:00+09:00,1785124800,2026-07-27T04:00:00+00:00,31,41,35,남서 11km/h,보통,N/A,20%,"{""max_uv"": ""9.4 (매우 높음)"", ""humidity"": ""76%"", ""dew_point"": ""26° C"", ""real_feel"": 41, ""visibility"": ""10km"", ""wind_gusts"": ""28km/h"", ""cloud_cover"": ""53%"", ""cloud_ceiling"": ""9100m"", ""precip_probability"": ""20%"", ""acculumen_brightness"": ""7 (밝음)""}"
38133,2026-07-27T13:02:39.703516+09:00,2026-07-27T14:00:00+09:00,1785128400,2026-07-27T05:00:00+00:00,31,40,36,서남서 11km/h,보통,N/A,20%,"{""max_uv"": ""5.5 (보통)"", ""humidity"": ""73%"", ""dew_point"": ""26° C"", ""real_feel"": 40, ""visibility"": ""8km"", ""wind_gusts"": ""28km/h"", ""cloud_cover"": ""70%"", ""cloud_ceiling"": ""7600m"", ""precip_probability"": ""20%"", ""acculumen_brightness"": ""6 (중간)""}"
38215,2026-07-27T14:07:57.379093+09:00,2026-07-27T15:00:00+09:00,1785132000,2026-07-27T06:00:00+00:00,31,38,35,서남서 11km/h,보통,N/A,40%,"{""max_uv"": ""2.6 (보통)"", ""humidity"": ""74%"", ""dew_point"": ""26° C"", ""real_feel"": 38, ""visibility"": ""8km"", ""wind_gusts"": ""30km/h"", ""cloud_cover"": ""88%"", ""cloud_ceiling"": ""7600m"", ""precip_probability"": ""40%"", ""acculumen_brightness"": ""3 (칙칙함)""}"
38296,2026-07-27T15:03:41.062926+09:00,2026-07-27T16:00:00+09:00,1785135600,2026-07-27T07:00:00+00:00,30,37,35,서남서 13km/h,보통,N/A,40%,"{""max_uv"": ""1.4 (낮음)"", ""humidity"": ""76%"", ""dew_point"": ""26° C"", ""real_feel"": 37, ""visibility"": ""8km"", ""wind_gusts"": ""30km/h"", ""cloud_cover"": ""93%"", ""cloud_ceiling"": ""7600m"", ""precip_probability"": ""40%"", ""acculumen_brightness"": ""2 (어둡게)""}"
38376,2026-07-27T16:05:12.940126+09:00,2026-07-27T17:00:00+09:00,1785139200,2026-07-27T08:00:00+00:00,30,36,36,서남서 13km/h,보통,N/A,37%,"{""max_uv"": ""0.7 (낮음)"", ""humidity"": ""80%"", ""dew_point"": ""26° C"", ""real_feel"": 36, ""visibility"": ""8km"", ""wind_gusts"": ""30km/h"", ""cloud_cover"": ""83%"", ""cloud_ceiling"": ""500m"", ""precip_probability"": ""37%"", ""acculumen_brightness"": ""4 (칙칙함)""}"
38455,2026-07-27T17:02:22.984640+09:00,2026-07-27T18:00:00+09:00,1785142800,2026-07-27T09:00:00+00:00,29,36,36,서남서 11km/h,보통,N/A,36%,"{""max_uv"": ""0.3 (낮음)"", ""humidity"": ""84%"", ""dew_point"": ""26° C"", ""real_feel"": 36, ""visibility"": ""5km"", ""wind_gusts"": ""28km/h"", ""cloud_cover"": ""87%"", ""cloud_ceiling"": ""500m"", ""precip_probability"": ""36%"", ""acculumen_brightness"": ""2 (어둡게)""}"
38533,2026-07-27T18:03:42.467559+09:00,2026-07-27T19:00:00+09:00,1785146400,2026-07-27T10:00:00+00:00,29,35,35,서남서 11km/h,나쁨,N/A,51%,"{""max_uv"": ""0.0 (낮음)"", ""humidity"": ""84%"", ""dew_point"": ""26° C"", ""real_feel"": 35, ""visibility"": ""8km"", ""wind_gusts"": ""26km/h"", ""cloud_cover"": ""99%"", ""cloud_ceiling"": ""500m"", ""precip_probability"": ""51%"", ""acculumen_brightness"": ""0 (어둡게)""}"
38610,2026-07-27T19:04:00.083176+09:00,2026-07-27T20:00:00+09:00,1785150000,2026-07-27T11:00:00+00:00,28,35,,서남서 9km/h,보통,N/A,44%,"{""humidity"": ""89%"", ""dew_point"": ""26° C"", ""real_feel"": 35, ""visibility"": ""8km"", ""cloud_cover"": ""99%"", ""cloud_ceiling"": ""500m"", ""precip_probability"": ""44%"", ""acculumen_brightness"": ""0 (어둡게)""}"
38686,2026-07-27T20:06:24.021102+09:00,2026-07-27T21:00:00+09:00,1785153600,2026-07-27T12:00:00+00:00,28,35,,서남서 9km/h,보통,N/A,40%,"{""humidity"": ""92%"", ""dew_point"": ""26° C"", ""real_feel"": 35, ""visibility"": ""8km"", ""cloud_cover"": ""99%"", ""cloud_ceiling"": ""500m"", ""precip_probability"": ""40%"", ""acculumen_brightness"": ""0 (어둡게)""}"
38761,2026-07-27T21:03:03.626324+09:00,2026-07-27T22:00:00+09:00,1785157200,2026-07-27T13:00:00+00:00,27,35,,서남서 7km/h,보통,N/A,47%,"{""humidity"": ""96%"", ""dew_point"": ""26° C"", ""real_feel"": 35, ""visibility"": ""8km"", ""cloud_cover"": ""99%"", ""cloud_ceiling"": ""500m"", ""precip_probability"": ""47%"", ""acculumen_brightness"": ""0 (어둡게)""}"
38835,2026-07-27T22:07:57.973923+09:00,2026-07-27T23:00:00+09:00,1785160800,2026-07-27T14:00:00+00:00,27,34,,서남서 7km/h,보통,N/A,51%,"{""비"": ""0.7mm"", ""humidity"": ""97%"", ""dew_point"": ""27° C"", ""real_feel"": 34, ""visibility"": ""6km"", ""cloud_cover"": ""99%"", ""cloud_ceiling"": ""500m"", ""precip_probability"": ""51%"", ""acculumen_brightness"": ""0 (어둡게)""}"
38908,2026-07-27T23:06:11.621340+09:00,2026-07-28T00:00:00+09:00,1785164400,2026-07-27T15:00:00+00:00,27,34,,남서 7km/h,보통,N/A,52%,"{""비"": ""1.9mm"", ""humidity"": ""97%"", ""dew_point"": ""27° C"", ""real_feel"": 34, ""visibility"": ""6km"", ""cloud_cover"": ""100%"", ""cloud_ceiling"": ""500m"", ""precip_probability"": ""52%"", ""acculumen_brightness"": ""0 (어둡게)""}"
39004,2026-07-28T00:05:22.766079+09:00,2026-07-28T01:00:00+09:00,1785168000,2026-07-27T16:00:00+00:00,27,34,,남서 7km/h,보통,N/A,51%,"{""비"": ""0.3mm"", ""humidity"": ""99%"", ""dew_point"": ""27° C"", ""real_feel"": 34, ""visibility"": ""8km"", ""cloud_cover"": ""96%"", ""cloud_ceiling"": ""500m"", ""precip_probability"": ""51%"", ""acculumen_brightness"": ""0 (어둡게)""}"
39099,2026-07-28T01:04:58.086654+09:00,2026-07-28T02:00:00+09:00,1785171600,2026-07-27T17:00:00+00:00,27,33,,남서 7km/h,보통,N/A,55%,"{""비"": ""2.3mm"", ""humidity"": ""99%"", ""dew_point"": ""26° C"", ""real_feel"": 33, ""visibility"": ""8km"", ""cloud_cover"": ""93%"", ""cloud_ceiling"": ""500m"", ""precip_probability"": ""55%"", ""acculumen_brightness"": ""0 (어둡게)""}"
39193,2026-07-28T02:06:21.265906+09:00,2026-07-28T03:00:00+09:00,1785175200,2026-07-27T18:00:00+00:00,26,34,,남서 7km/h,보통,N/A,49%,"{""humidity"": ""99%"", ""dew_point"": ""26° C"", ""real_feel"": 34, ""visibility"": ""8km"", ""cloud_cover"": ""90%"", ""cloud_ceiling"": ""500m"", ""precip_probability"": ""49%"", ""acculumen_brightness"": ""0 (어둡게)""}"
39286,2026-07-28T03:04:58.016705+09:00,2026-07-28T04:00:00+09:00,1785178800,2026-07-27T19:00:00+00:00,26,34,,남서 7km/h,보통,N/A,32%,"{""humidity"": ""99%"", ""dew_point"": ""26° C"", ""real_feel"": 34, ""visibility"": ""8km"", ""cloud_cover"": ""88%"", ""cloud_ceiling"": ""500m"", ""precip_probability"": ""32%"", ""acculumen_brightness"": ""0 (어둡게)""}"
39378,2026-07-28T04:05:06.549820+09:00,2026-07-28T05:00:00+09:00,1785182400,2026-07-27T20:00:00+00:00,26,33,,남서 7km/h,보통,N/A,40%,"{""humidity"": ""100%"", ""dew_point"": ""26° C"", ""real_feel"": 33, ""visibility"": ""8km"", ""cloud_cover"": ""87%"", ""cloud_ceiling"": ""500m"", ""precip_probability"": ""40%"", ""acculumen_brightness"": ""0 (어둡게)""}"
39469,2026-07-28T05:05:24.604526+09:00,2026-07-28T06:00:00+09:00,1785186000,2026-07-27T21:00:00+00:00,26,33,33,서남서 7km/h,보통,N/A,42%,"{""max_uv"": ""0.3 (낮음)"", ""humidity"": ""100%"", ""dew_point"": ""26° C"", ""real_feel"": 33, ""visibility"": ""10km"", ""wind_gusts"": ""19km/h"", ""cloud_cover"": ""86%"", ""cloud_ceiling"": ""500m"", ""precip_probability"": ""42%"", ""acculumen_brightness"": ""2 (어둡게)""}"
39559,2026-07-28T06:08:06.773145+09:00,2026-07-28T07:00:00+09:00,1785189600,2026-07-27T22:00:00+00:00,27,34,34,서남서 7km/h,보통,N/A,40%,"{""비"": ""0.1mm"", ""max_uv"": ""0.6 (낮음)"", ""humidity"": ""100%"", ""dew_point"": ""27° C"", ""real_feel"": 34, ""visibility"": ""10km"", ""wind_gusts"": ""19km/h"", ""cloud_cover"": ""84%"", ""cloud_ceiling"": ""500m"", ""precip_probability"": ""40%"", ""acculumen_brightness"": ""4 (칙칙함)""}"
39648,2026-07-28T07:07:26.218217+09:00,2026-07-28T08:00:00+09:00,1785193200,2026-07-27T23:00:00+00:00,27,36,33,서남서 7km/h,보통,N/A,37%,"{""max_uv"": ""1.2 (낮음)"", ""humidity"": ""97%"", ""dew_point"": ""27° C"", ""real_feel"": 36, ""visibility"": ""10km"", ""wind_gusts"": ""20km/h"", ""cloud_cover"": ""76%"", ""cloud_ceiling"": ""600m"", ""precip_probability"": ""37%"", ""acculumen_brightness"": ""5 (중간)""}"
39736,2026-07-28T08:04:35.808772+09:00,2026-07-28T09:00:00+09:00,1785196800,2026-07-28T00:00:00+00:00,28,37,33,서남서 9km/h,보통,N/A,32%,"{""max_uv"": ""2.1 (낮음)"", ""humidity"": ""98%"", ""dew_point"": ""27° C"", ""real_feel"": 37, ""visibility"": ""11km"", ""wind_gusts"": ""22km/h"", ""cloud_cover"": ""76%"", ""cloud_ceiling"": ""2100m"", ""precip_probability"": ""32%"", ""acculumen_brightness"": ""5 (중간)""}"
39823,2026-07-28T09:04:55.741787+09:00,2026-07-28T10:00:00+09:00,1785200400,2026-07-28T01:00:00+00:00,29,39,34,서 9km/h,보통,N/A,28%,"{""max_uv"": ""5.4 (보통)"", ""humidity"": ""91%"", ""dew_point"": ""27° C"", ""real_feel"": 39, ""visibility"": ""11km"", ""wind_gusts"": ""24km/h"", ""cloud_cover"": ""76%"", ""cloud_ceiling"": ""9100m"", ""precip_probability"": ""28%"", ""acculumen_brightness"": ""5 (중간)""}"
39909,2026-07-28T10:07:16.153347+09:00,2026-07-28T11:00:00+09:00,1785204000,2026-07-28T02:00:00+00:00,30,41,36,서 9km/h,나쁨,N/A,28%,"{""max_uv"": ""7.3 (높음)"", ""humidity"": ""81%"", ""dew_point"": ""27° C"", ""real_feel"": 41, ""visibility"": ""11km"", ""wind_gusts"": ""26km/h"", ""cloud_cover"": ""76%"", ""cloud_ceiling"": ""9100m"", ""precip_probability"": ""28%"", ""acculumen_brightness"": ""5 (중간)""}"
39994,2026-07-28T11:06:06.508429+09:00,2026-07-28T12:00:00+09:00,1785207600,2026-07-28T03:00:00+00:00,31,42,37,서 11km/h,나쁨,N/A,34%,"{""max_uv"": ""8.1 (매우 높음)"", ""humidity"": ""75%"", ""dew_point"": ""27° C"", ""real_feel"": 42, ""visibility"": ""16km"", ""wind_gusts"": ""28km/h"", ""cloud_cover"": ""76%"", ""cloud_ceiling"": ""9100m"", ""precip_probability"": ""34%"", ""acculumen_brightness"": ""5 (중간)""}"
40078,2026-07-28T12:04:54.733247+09:00,2026-07-28T13:00:00+09:00,1785211200,2026-07-28T04:00:00+00:00,32,42,37,서 11km/h,나쁨,N/A,49%,"{""max_uv"": ""7.3 (높음)"", ""humidity"": ""73%"", ""dew_point"": ""26° C"", ""real_feel"": 42, ""visibility"": ""16km"", ""wind_gusts"": ""30km/h"", ""cloud_cover"": ""76%"", ""cloud_ceiling"": ""9100m"", ""precip_probability"": ""49%"", ""acculumen_brightness"": ""5 (중간)""}"
40161,2026-07-28T13:07:19.980654+09:00,2026-07-28T14:00:00+09:00,1785214800,2026-07-28T05:00:00+00:00,32,39,37,서 13km/h,나쁨,N/A,66%,"{""비"": ""0.5mm"", ""max_uv"": ""2.6 (보통)"", ""humidity"": ""71%"", ""dew_point"": ""26° C"", ""real_feel"": 39, ""visibility"": ""10km"", ""wind_gusts"": ""32km/h"", ""cloud_cover"": ""76%"", ""cloud_ceiling"": ""1200m"", ""precip_probability"": ""66%"", ""acculumen_brightness"": ""5 (중간)""}"
40243,2026-07-28T14:07:15.024284+09:00,2026-07-28T15:00:00+09:00,1785218400,2026-07-28T06:00:00+00:00,32,39,37,서 13km/h,나쁨,N/A,71%,"{""비"": ""1.1mm"", ""max_uv"": ""1.7 (낮음)"", ""humidity"": ""71%"", ""dew_point"": ""27° C"", ""real_feel"": 39, ""visibility"": ""11km"", ""wind_gusts"": ""33km/h"", ""cloud_cover"": ""76%"", ""cloud_ceiling"": ""1200m"", ""precip_probability"": ""71%"", ""acculumen_brightness"": ""5 (중간)""}"
40324,2026-07-28T15:03:21.513043+09:00,2026-07-28T16:00:00+09:00,1785222000,2026-07-28T07:00:00+00:00,33,40,38,서 13km/h,나쁨,N/A,40%,"{""max_uv"": ""1.3 (낮음)"", ""humidity"": ""69%"", ""dew_point"": ""26° C"", ""real_feel"": 40, ""visibility"": ""11km"", ""wind_gusts"": ""33km/h"", ""cloud_cover"": ""76%"", ""cloud_ceiling"": ""1200m"", ""precip_probability"": ""40%"", ""acculumen_brightness"": ""5 (중간)""}"
40404,2026-07-28T16:06:41.409393+09:00,2026-07-28T17:00:00+09:00,1785225600,2026-07-28T08:00:00+00:00,31,39,37,서 13km/h,나쁨,N/A,34%,"{""max_uv"": ""1.5 (낮음)"", ""humidity"": ""75%"", ""dew_point"": ""27° C"", ""real_feel"": 39, ""visibility"": ""11km"", ""wind_gusts"": ""30km/h"", ""cloud_cover"": ""76%"", ""cloud_ceiling"": ""9100m"", ""precip_probability"": ""34%"", ""acculumen_brightness"": ""5 (중간)""}"
40483,2026-07-28T17:03:57.209359+09:00,2026-07-28T18:00:00+09:00,1785229200,2026-07-28T09:00:00+00:00,30,38,38,서 11km/h,나쁨,N/A,25%,"{""max_uv"": ""0.7 (낮음)"", ""humidity"": ""82%"", ""dew_point"": ""27° C"", ""real_feel"": 38, ""visibility"": ""11km"", ""wind_gusts"": ""28km/h"", ""cloud_cover"": ""76%"", ""cloud_ceiling"": ""9100m"", ""precip_probability"": ""25%"", ""acculumen_brightness"": ""3 (칙칙함)""}"
40561,2026-07-28T18:02:48.040538+09:00,2026-07-28T19:00:00+09:00,1785232800,2026-07-28T10:00:00+00:00,30,37,37,서 11km/h,나쁨,N/A,7%,"{""max_uv"": ""0.0 (낮음)"", ""humidity"": ""82%"", ""dew_point"": ""27° C"", ""real_feel"": 37, ""visibility"": ""11km"", ""wind_gusts"": ""26km/h"", ""cloud_cover"": ""83%"", ""cloud_ceiling"": ""9100m"", ""precip_probability"": ""7%"", ""acculumen_brightness"": ""0 (어둡게)""}"
40638,2026-07-28T19:03:30.687615+09:00,2026-07-28T20:00:00+09:00,1785236400,2026-07-28T11:00:00+00:00,29,37,,서남서 9km/h,나쁨,N/A,7%,"{""humidity"": ""85%"", ""dew_point"": ""27° C"", ""real_feel"": 37, ""visibility"": ""10km"", ""cloud_cover"": ""86%"", ""cloud_ceiling"": ""9100m"", ""precip_probability"": ""7%"", ""acculumen_brightness"": ""0 (어둡게)""}"
40714,2026-07-28T20:07:06.524563+09:00,2026-07-28T21:00:00+09:00,1785240000,2026-07-28T12:00:00+00:00,28,36,,서남서 7km/h,나쁨,N/A,7%,"{""humidity"": ""90%"", ""dew_point"": ""27° C"", ""real_feel"": 36, ""visibility"": ""10km"", ""cloud_cover"": ""89%"", ""cloud_ceiling"": ""9100m"", ""precip_probability"": ""7%"", ""acculumen_brightness"": ""0 (어둡게)""}"
40789,2026-07-28T21:02:11.415667+09:00,2026-07-28T22:00:00+09:00,1785243600,2026-07-28T13:00:00+00:00,28,35,,서남서 7km/h,보통,N/A,7%,"{""humidity"": ""93%"", ""dew_point"": ""26° C"", ""real_feel"": 35, ""visibility"": ""10km"", ""cloud_cover"": ""93%"", ""cloud_ceiling"": ""500m"", ""precip_probability"": ""7%"", ""acculumen_brightness"": ""0 (어둡게)""}"
40863,2026-07-28T22:07:07.078040+09:00,2026-07-28T23:00:00+09:00,1785247200,2026-07-28T14:00:00+00:00,27,35,,남서 7km/h,보통,N/A,7%,"{""humidity"": ""95%"", ""dew_point"": ""26° C"", ""real_feel"": 35, ""visibility"": ""10km"", ""cloud_cover"": ""96%"", ""cloud_ceiling"": ""500m"", ""precip_probability"": ""7%"", ""acculumen_brightness"": ""0 (어둡게)""}"
40936,2026-07-28T23:03:27.546463+09:00,2026-07-29T00:00:00+09:00,1785250800,2026-07-28T15:00:00+00:00,27,34,,남서 7km/h,보통,N/A,5%,"{""humidity"": ""95%"", ""dew_point"": ""26° C"", ""real_feel"": 34, ""visibility"": ""10km"", ""cloud_cover"": ""100%"", ""cloud_ceiling"": ""500m"", ""precip_probability"": ""5%"", ""acculumen_brightness"": ""0 (어둡게)""}"
41032,2026-07-29T00:03:13.006275+09:00,2026-07-29T01:00:00+09:00,1785254400,2026-07-28T16:00:00+00:00,27,34,,남서 7km/h,나쁨,N/A,0%,"{""humidity"": ""96%"", ""dew_point"": ""26° C"", ""real_feel"": 34, ""visibility"": ""10km"", ""cloud_cover"": ""96%"", ""cloud_ceiling"": ""500m"", ""precip_probability"": ""0%"", ""acculumen_brightness"": ""0 (어둡게)""}"
41127,2026-07-29T01:07:33.334258+09:00,2026-07-29T02:00:00+09:00,1785258000,2026-07-28T17:00:00+00:00,26,34,,서남서 6km/h,나쁨,N/A,0%,"{""humidity"": ""97%"", ""dew_point"": ""26° C"", ""real_feel"": 34, ""visibility"": ""10km"", ""cloud_cover"": ""92%"", ""cloud_ceiling"": ""500m"", ""precip_probability"": ""0%"", ""acculumen_brightness"": ""0 (어둡게)""}"
41221,2026-07-29T02:03:09.424642+09:00,2026-07-29T03:00:00+09:00,1785261600,2026-07-28T18:00:00+00:00,26,33,,서남서 6km/h,나쁨,N/A,0%,"{""humidity"": ""98%"", ""dew_point"": ""26° C"", ""real_feel"": 33, ""visibility"": ""10km"", ""cloud_cover"": ""89%"", ""cloud_ceiling"": ""500m"", ""precip_probability"": ""0%"", ""acculumen_brightness"": ""0 (어둡게)""}"
41314,2026-07-29T03:05:55.153018+09:00,2026-07-29T04:00:00+09:00,1785265200,2026-07-28T19:00:00+00:00,26,33,,남서 6km/h,보통,N/A,0%,"{""humidity"": ""98%"", ""dew_point"": ""26° C"", ""real_feel"": 33, ""visibility"": ""11km"", ""cloud_cover"": ""90%"", ""cloud_ceiling"": ""500m"", ""precip_probability"": ""0%"", ""acculumen_brightness"": ""0 (어둡게)""}"
41406,2026-07-29T04:05:04.680734+09:00,2026-07-29T05:00:00+09:00,1785268800,2026-07-28T20:00:00+00:00,26,33,,남서 6km/h,보통,N/A,0%,"{""humidity"": ""97%"", ""dew_point"": ""25° C"", ""real_feel"": 33, ""visibility"": ""11km"", ""cloud_cover"": ""92%"", ""cloud_ceiling"": ""500m"", ""precip_probability"": ""0%"", ""acculumen_brightness"": ""0 (어둡게)""}"
41497,2026-07-29T05:05:56.243117+09:00,2026-07-29T06:00:00+09:00,1785272400,2026-07-28T21:00:00+00:00,26,32,32,남서 7km/h,보통,N/A,0%,"{""max_uv"": ""0.2 (낮음)"", ""humidity"": ""96%"", ""dew_point"": ""25° C"", ""real_feel"": 32, ""visibility"": ""11km"", ""wind_gusts"": ""17km/h"", ""cloud_cover"": ""94%"", ""cloud_ceiling"": ""500m"", ""precip_probability"": ""0%"", ""acculumen_brightness"": ""1 (어둡게)""}"
41587,2026-07-29T06:06:21.977531+09:00,2026-07-29T07:00:00+09:00,1785276000,2026-07-28T22:00:00+00:00,27,34,34,남서 7km/h,보통,N/A,0%,"{""max_uv"": ""0.6 (낮음)"", ""humidity"": ""90%"", ""dew_point"": ""25° C"", ""real_feel"": 34, ""visibility"": ""16km"", ""wind_gusts"": ""19km/h"", ""cloud_cover"": ""88%"", ""cloud_ceiling"": ""500m"", ""precip_probability"": ""0%"", ""acculumen_brightness"": ""3 (칙칙함)""}"
41676,2026-07-29T07:02:20.279209+09:00,2026-07-29T08:00:00+09:00,1785279600,2026-07-28T23:00:00+00:00,28,35,33,서 7km/h,보통,N/A,0%,"{""max_uv"": ""1.1 (낮음)"", ""humidity"": ""84%"", ""dew_point"": ""25° C"", ""real_feel"": 35, ""visibility"": ""16km"", ""wind_gusts"": ""19km/h"", ""cloud_cover"": ""81%"", ""cloud_ceiling"": ""500m"", ""precip_probability"": ""0%"", ""acculumen_brightness"": ""4 (칙칙함)""}"
41764,2026-07-29T08:06:53.830904+09:00,2026-07-29T09:00:00+09:00,1785283200,2026-07-29T00:00:00+00:00,29,37,34,서 9km/h,보통,N/A,0%,"{""max_uv"": ""1.8 (낮음)"", ""humidity"": ""78%"", ""dew_point"": ""25° C"", ""real_feel"": 37, ""visibility"": ""16km"", ""wind_gusts"": ""22km/h"", ""cloud_cover"": ""75%"", ""cloud_ceiling"": ""500m"", ""precip_probability"": ""0%"", ""acculumen_brightness"": ""5 (중간)""}"
41851,2026-07-29T09:03:00.710252+09:00,2026-07-29T10:00:00+09:00,1785286800,2026-07-29T01:00:00+00:00,30,38,35,서 9km/h,보통,N/A,0%,"{""max_uv"": ""2.5 (보통)"", ""humidity"": ""73%"", ""dew_point"": ""25° C"", ""real_feel"": 38, ""visibility"": ""16km"", ""wind_gusts"": ""24km/h"", ""cloud_cover"": ""80%"", ""cloud_ceiling"": ""500m"", ""precip_probability"": ""0%"", ""acculumen_brightness"": ""4 (칙칙함)""}"
41937,2026-07-29T10:04:35.909094+09:00,2026-07-29T11:00:00+09:00,1785290400,2026-07-29T02:00:00+00:00,31,38,35,서 11km/h,보통,N/A,0%,"{""max_uv"": ""3.0 (보통)"", ""humidity"": ""69%"", ""dew_point"": ""25° C"", ""real_feel"": 38, ""visibility"": ""16km"", ""wind_gusts"": ""28km/h"", ""cloud_cover"": ""86%"", ""cloud_ceiling"": ""500m"", ""precip_probability"": ""0%"", ""acculumen_brightness"": ""3 (칙칙함)""}"
42022,2026-07-29T11:04:49.416147+09:00,2026-07-29T12:00:00+09:00,1785294000,2026-07-29T03:00:00+00:00,32,40,36,서 11km/h,보통,N/A,0%,"{""max_uv"": ""5.9 (높음)"", ""humidity"": ""67%"", ""dew_point"": ""25° C"", ""real_feel"": 40, ""visibility"": ""16km"", ""wind_gusts"": ""30km/h"", ""cloud_cover"": ""92%"", ""cloud_ceiling"": ""9100m"", ""precip_probability"": ""0%"", ""acculumen_brightness"": ""2 (어둡게)""}"
42106,2026-07-29T12:03:40.101742+09:00,2026-07-29T13:00:00+09:00,1785297600,2026-07-29T04:00:00+00:00,32,40,37,서 13km/h,보통,N/A,0%,"{""max_uv"": ""5.4 (보통)"", ""humidity"": ""64%"", ""dew_point"": ""25° C"", ""real_feel"": 40, ""visibility"": ""16km"", ""wind_gusts"": ""32km/h"", ""cloud_cover"": ""91%"", ""cloud_ceiling"": ""9100m"", ""precip_probability"": ""0%"", ""acculumen_brightness"": ""2 (어둡게)""}"
42189,2026-07-29T13:06:26.902437+09:00,2026-07-29T14:00:00+09:00,1785301200,2026-07-29T05:00:00+00:00,32,39,36,서 13km/h,보통,N/A,0%,"{""max_uv"": ""4.1 (보통)"", ""humidity"": ""66%"", ""dew_point"": ""25° C"", ""real_feel"": 39, ""visibility"": ""16km"", ""wind_gusts"": ""32km/h"", ""cloud_cover"": ""90%"", ""cloud_ceiling"": ""9100m"", ""precip_probability"": ""0%"", ""acculumen_brightness"": ""2 (어둡게)""}"
42271,2026-07-29T14:07:01.219512+09:00,2026-07-29T15:00:00+09:00,1785304800,2026-07-29T06:00:00+00:00,32,38,36,서 15km/h,보통,N/A,0%,"{""max_uv"": ""2.8 (보통)"", ""humidity"": ""67%"", ""dew_point"": ""25° C"", ""real_feel"": 38, ""visibility"": ""16km"", ""wind_gusts"": ""32km/h"", ""cloud_cover"": ""89%"", ""cloud_ceiling"": ""9100m"", ""precip_probability"": ""0%"", ""acculumen_brightness"": ""3 (칙칙함)""}"
42352,2026-07-29T15:05:12.102663+09:00,2026-07-29T16:00:00+09:00,1785308400,2026-07-29T07:00:00+00:00,31,37,35,서 15km/h,보통,N/A,0%,"{""max_uv"": ""2.3 (낮음)"", ""humidity"": ""68%"", ""dew_point"": ""25° C"", ""real_feel"": 37, ""visibility"": ""16km"", ""wind_gusts"": ""32km/h"", ""cloud_cover"": ""78%"", ""cloud_ceiling"": ""9100m"", ""precip_probability"": ""0%"", ""acculumen_brightness"": ""5 (중간)""}"
42432,2026-07-29T16:03:40.559296+09:00,2026-07-29T17:00:00+09:00,1785312000,2026-07-29T08:00:00+00:00,31,36,35,서 13km/h,보통,N/A,0%,"{""max_uv"": ""1.7 (낮음)"", ""humidity"": ""69%"", ""dew_point"": ""25° C"", ""real_feel"": 36, ""visibility"": ""16km"", ""wind_gusts"": ""32km/h"", ""cloud_cover"": ""67%"", ""cloud_ceiling"": ""9100m"", ""precip_probability"": ""0%"", ""acculumen_brightness"": ""6 (중간)""}"
42511,2026-07-29T17:03:51.210290+09:00,2026-07-29T18:00:00+09:00,1785315600,2026-07-29T09:00:00+00:00,30,35,35,서 13km/h,보통,N/A,0%,"{""max_uv"": ""0.9 (낮음)"", ""humidity"": ""73%"", ""dew_point"": ""24° C"", ""real_feel"": 35, ""visibility"": ""16km"", ""wind_gusts"": ""30km/h"", ""cloud_cover"": ""56%"", ""cloud_ceiling"": ""9100m"", ""precip_probability"": ""0%"", ""acculumen_brightness"": ""5 (중간)""}"
42589,2026-07-29T18:04:02.705065+09:00,2026-07-29T19:00:00+09:00,1785319200,2026-07-29T10:00:00+00:00,30,35,35,서 11km/h,보통,N/A,0%,"{""max_uv"": ""0.0 (낮음)"", ""humidity"": ""73%"", ""dew_point"": ""25° C"", ""real_feel"": 35, ""visibility"": ""16km"", ""wind_gusts"": ""28km/h"", ""cloud_cover"": ""17%"", ""cloud_ceiling"": ""9100m"", ""precip_probability"": ""0%"", ""acculumen_brightness"": ""0 (어둡게)""}"
42666,2026-07-29T19:07:31.864593+09:00,2026-07-29T20:00:00+09:00,1785322800,2026-07-29T11:00:00+00:00,29,35,,서 9km/h,완벽함,N/A,0%,"{""humidity"": ""81%"", ""dew_point"": ""25° C"", ""real_feel"": 35, ""visibility"": ""16km"", ""cloud_cover"": ""26%"", ""cloud_ceiling"": ""9100m"", ""precip_probability"": ""0%"", ""acculumen_brightness"": ""0 (어둡게)""}"
42742,2026-07-29T20:05:48.307497+09:00,2026-07-29T21:00:00+09:00,1785326400,2026-07-29T12:00:00+00:00,27,34,,서 7km/h,완벽함,N/A,0%,"{""humidity"": ""88%"", ""dew_point"": ""25° C"", ""real_feel"": 34, ""visibility"": ""16km"", ""cloud_cover"": ""34%"", ""cloud_ceiling"": ""9100m"", ""precip_probability"": ""0%"", ""acculumen_brightness"": ""0 (어둡게)""}"
42817,2026-07-29T21:04:15.013105+09:00,2026-07-29T22:00:00+09:00,1785330000,2026-07-29T13:00:00+00:00,27,33,,서 7km/h,완벽함,N/A,0%,"{""humidity"": ""90%"", ""dew_point"": ""25° C"", ""real_feel"": 33, ""visibility"": ""16km"", ""cloud_cover"": ""48%"", ""cloud_ceiling"": ""9100m"", ""precip_probability"": ""0%"", ""acculumen_brightness"": ""0 (어둡게)""}"
42891,2026-07-29T22:02:35.049279+09:00,2026-07-29T23:00:00+09:00,1785333600,2026-07-29T14:00:00+00:00,27,33,,서남서 7km/h,완벽함,N/A,0%,"{""humidity"": ""92%"", ""dew_point"": ""25° C"", ""real_feel"": 33, ""visibility"": ""16km"", ""cloud_cover"": ""61%"", ""cloud_ceiling"": ""500m"", ""precip_probability"": ""0%"", ""acculumen_brightness"": ""0 (어둡게)""}"
42964,2026-07-29T23:05:39.554103+09:00,2026-07-30T00:00:00+09:00,1785337200,2026-07-29T15:00:00+00:00,26,33,,서남서 7km/h,완벽함,N/A,0%,"{""humidity"": ""94%"", ""dew_point"": ""25° C"", ""real_feel"": 33, ""visibility"": ""16km"", ""cloud_cover"": ""75%"", ""cloud_ceiling"": ""500m"", ""precip_probability"": ""0%"", ""acculumen_brightness"": ""0 (어둡게)""}"
43060,2026-07-30T00:05:22.761981+09:00,2026-07-30T01:00:00+09:00,1785340800,2026-07-29T16:00:00+00:00,26,33,,서남서 6km/h,보통,N/A,7%,"{""humidity"": ""95%"", ""dew_point"": ""25° C"", ""real_feel"": 33, ""visibility"": ""16km"", ""cloud_cover"": ""77%"", ""cloud_ceiling"": ""500m"", ""precip_probability"": ""7%"", ""acculumen_brightness"": ""0 (어둡게)""}"
43155,2026-07-30T01:06:04.538312+09:00,2026-07-30T02:00:00+09:00,1785344400,2026-07-29T17:00:00+00:00,26,32,,남서 6km/h,보통,N/A,7%,"{""humidity"": ""96%"", ""dew_point"": ""25° C"", ""real_feel"": 32, ""visibility"": ""16km"", ""cloud_cover"": ""80%"", ""cloud_ceiling"": ""500m"", ""precip_probability"": ""7%"", ""acculumen_brightness"": ""0 (어둡게)""}"
43249,2026-07-30T02:05:31.079598+09:00,2026-07-30T03:00:00+09:00,1785348000,2026-07-29T18:00:00+00:00,26,32,,남서 6km/h,보통,N/A,7%,"{""humidity"": ""97%"", ""dew_point"": ""25° C"", ""real_feel"": 32, ""visibility"": ""11km"", ""cloud_cover"": ""82%"", ""cloud_ceiling"": ""500m"", ""precip_probability"": ""7%"", ""acculumen_brightness"": ""0 (어둡게)""}"
43342,2026-07-30T03:07:21.187880+09:00,2026-07-30T04:00:00+09:00,1785351600,2026-07-29T19:00:00+00:00,25,32,,남남서 6km/h,보통,N/A,7%,"{""dew_point"": ""25° C"", ""real_feel"": 32, ""visibility"": ""11km"", ""cloud_cover"": ""84%"", ""cloud_ceiling"": ""500m"", ""precip_probability"": ""7%"", ""acculumen_brightness"": ""0 (어둡게)""}"
43434,2026-07-30T04:04:36.034824+09:00,2026-07-30T05:00:00+09:00,1785355200,2026-07-29T20:00:00+00:00,25,32,,남남서 6km/h,보통,N/A,7%,"{""dew_point"": ""25° C"", ""real_feel"": 32, ""visibility"": ""11km"", ""cloud_cover"": ""86%"", ""cloud_ceiling"": ""500m"", ""precip_probability"": ""7%"", ""acculumen_brightness"": ""0 (어둡게)""}"
43525,2026-07-30T05:04:32.285958+09:00,2026-07-30T06:00:00+09:00,1785358800,2026-07-29T21:00:00+00:00,25,32,32,남남서 6km/h,보통,0,5%,"{""humidity"": ""97%"", ""dew_point"": ""25° C"", ""real_feel"": 32, ""visibility"": ""11km"", ""wind_gusts"": ""15km/h"", ""cloud_cover"": ""87%"", ""cloud_ceiling"": ""500m"", ""precip_probability"": ""5%"", ""acculumen_brightness"": ""2 (어둡게)""}"
43615,2026-07-30T06:04:14.570372+09:00,2026-07-30T07:00:00+09:00,1785362400,2026-07-29T22:00:00+00:00,26,33,33,남서 6km/h,보통,N/A,0%,"{""max_uv"": ""0.8 (낮음)"", ""humidity"": ""94%"", ""dew_point"": ""25° C"", ""real_feel"": 33, ""visibility"": ""16km"", ""wind_gusts"": ""17km/h"", ""cloud_cover"": ""75%"", ""cloud_ceiling"": ""500m"", ""precip_probability"": ""0%"", ""acculumen_brightness"": ""5 (중간)""}"
43704,2026-07-30T07:07:28.454458+09:00,2026-07-30T08:00:00+09:00,1785366000,2026-07-29T23:00:00+00:00,27,35,32,서남서 7km/h,보통,N/A,0%,"{""max_uv"": ""1.5 (낮음)"", ""humidity"": ""89%"", ""dew_point"": ""25° C"", ""real_feel"": 35, ""visibility"": ""16km"", ""wind_gusts"": ""19km/h"", ""cloud_cover"": ""62%"", ""cloud_ceiling"": ""500m"", ""precip_probability"": ""0%"", ""acculumen_brightness"": ""7 (밝음)""}"
43792,2026-07-30T08:05:46.574031+09:00,2026-07-30T09:00:00+09:00,1785369600,2026-07-30T00:00:00+00:00,28,38,33,서 7km/h,보통,N/A,0%,"{""max_uv"": ""4.6 (보통)"", ""humidity"": ""82%"", ""dew_point"": ""25° C"", ""real_feel"": 38, ""visibility"": ""16km"", ""wind_gusts"": ""19km/h"", ""cloud_cover"": ""50%"", ""cloud_ceiling"": ""9100m"", ""precip_probability"": ""0%"", ""acculumen_brightness"": ""8 (밝음)""}"
43879,2026-07-30T09:06:52.438054+09:00,2026-07-30T10:00:00+09:00,1785373200,2026-07-30T01:00:00+00:00,30,39,34,서 9km/h,보통,N/A,0%,"{""max_uv"": ""6.9 (높음)"", ""humidity"": ""76%"", ""dew_point"": ""25° C"", ""real_feel"": 39, ""visibility"": ""16km"", ""wind_gusts"": ""20km/h"", ""cloud_cover"": ""55%"", ""cloud_ceiling"": ""9100m"", ""precip_probability"": ""0%"", ""acculumen_brightness"": ""7 (밝음)""}"
43965,2026-07-30T10:03:34.369485+09:00,2026-07-30T11:00:00+09:00,1785376800,2026-07-30T02:00:00+00:00,31,39,35,서 9km/h,보통,N/A,0%,"{""max_uv"": ""4.5 (보통)"", ""humidity"": ""70%"", ""dew_point"": ""25° C"", ""real_feel"": 39, ""visibility"": ""16km"", ""wind_gusts"": ""24km/h"", ""cloud_cover"": ""61%"", ""cloud_ceiling"": ""500m"", ""precip_probability"": ""0%"", ""acculumen_brightness"": ""7 (밝음)""}"
44050,2026-07-30T11:02:56.036290+09:00,2026-07-30T12:00:00+09:00,1785380400,2026-07-30T03:00:00+00:00,32,40,36,서 11km/h,보통,N/A,0%,"{""max_uv"": ""4.8 (보통)"", ""humidity"": ""66%"", ""dew_point"": ""25° C"", ""real_feel"": 40, ""visibility"": ""16km"", ""wind_gusts"": ""26km/h"", ""cloud_cover"": ""66%"", ""cloud_ceiling"": ""800m"", ""precip_probability"": ""0%"", ""acculumen_brightness"": ""6 (중간)""}"
44134,2026-07-30T12:02:41.926769+09:00,2026-07-30T13:00:00+09:00,1785384000,2026-07-30T04:00:00+00:00,32,41,36,서 11km/h,보통,N/A,0%,"{""max_uv"": ""9.2 (매우 높음)"", ""humidity"": ""65%"", ""dew_point"": ""25° C"", ""real_feel"": 41, ""visibility"": ""16km"", ""wind_gusts"": ""28km/h"", ""cloud_cover"": ""55%"", ""cloud_ceiling"": ""9100m"", ""precip_probability"": ""0%"", ""acculumen_brightness"": ""7 (밝음)""}"
44217,2026-07-30T13:05:18.297078+09:00,2026-07-30T14:00:00+09:00,1785387600,2026-07-30T05:00:00+00:00,32,41,36,서 13km/h,보통,N/A,0%,"{""max_uv"": ""6.9 (높음)"", ""humidity"": ""64%"", ""dew_point"": ""25° C"", ""real_feel"": 41, ""visibility"": ""16km"", ""wind_gusts"": ""30km/h"", ""cloud_cover"": ""45%"", ""cloud_ceiling"": ""9100m"", ""precip_probability"": ""0%"", ""acculumen_brightness"": ""8 (밝음)""}"
44299,2026-07-30T14:06:40.338963+09:00,2026-07-30T15:00:00+09:00,1785391200,2026-07-30T06:00:00+00:00,32,39,36,서 13km/h,보통,N/A,0%,"{""max_uv"": ""4.6 (보통)"", ""humidity"": ""66%"", ""dew_point"": ""25° C"", ""real_feel"": 39, ""visibility"": ""16km"", ""wind_gusts"": ""32km/h"", ""cloud_cover"": ""34%"", ""cloud_ceiling"": ""9100m"", ""precip_probability"": ""0%"", ""acculumen_brightness"": ""9 (매우 밝음)""}"
44380,2026-07-30T15:03:45.595300+09:00,2026-07-30T16:00:00+09:00,1785394800,2026-07-30T07:00:00+00:00,32,38,36,서 13km/h,보통,N/A,0%,"{""max_uv"": ""3.1 (보통)"", ""humidity"": ""67%"", ""dew_point"": ""25° C"", ""real_feel"": 38, ""visibility"": ""16km"", ""wind_gusts"": ""30km/h"", ""cloud_cover"": ""34%"", ""cloud_ceiling"": ""9100m"", ""precip_probability"": ""0%"", ""acculumen_brightness"": ""9 (매우 밝음)""}"
44460,2026-07-30T16:07:07.637396+09:00,2026-07-30T17:00:00+09:00,1785398400,2026-07-30T08:00:00+00:00,31,38,35,서 13km/h,보통,N/A,0%,"{""max_uv"": ""1.9 (낮음)"", ""humidity"": ""68%"", ""dew_point"": ""25° C"", ""real_feel"": 38, ""visibility"": ""16km"", ""wind_gusts"": ""28km/h"", ""cloud_cover"": ""35%"", ""cloud_ceiling"": ""9100m"", ""precip_probability"": ""0%"", ""acculumen_brightness"": ""9 (매우 밝음)""}"
44539,2026-07-30T17:05:15.885620+09:00,2026-07-30T18:00:00+09:00,1785402000,2026-07-30T09:00:00+00:00,30,36,36,서 11km/h,보통,N/A,0%,"{""max_uv"": ""0.9 (낮음)"", ""humidity"": ""72%"", ""dew_point"": ""25° C"", ""real_feel"": 36, ""visibility"": ""16km"", ""wind_gusts"": ""26km/h"", ""cloud_cover"": ""35%"", ""cloud_ceiling"": ""9100m"", ""precip_probability"": ""0%"", ""acculumen_brightness"": ""5 (중간)""}"
44617,2026-07-30T18:04:06.756983+09:00,2026-07-30T19:00:00+09:00,1785405600,2026-07-30T10:00:00+00:00,30,36,36,서 11km/h,보통,N/A,0%,"{""max_uv"": ""0.0 (낮음)"", ""humidity"": ""72%"", ""dew_point"": ""25° C"", ""real_feel"": 36, ""visibility"": ""16km"", ""wind_gusts"": ""22km/h"", ""cloud_cover"": ""38%"", ""cloud_ceiling"": ""9100m"", ""precip_probability"": ""0%"", ""acculumen_brightness"": ""0 (어둡게)""}"
44694,2026-07-30T19:03:33.369365+09:00,2026-07-30T20:00:00+09:00,1785409200,2026-07-30T11:00:00+00:00,29,35,,서 9km/h,보통,N/A,0%,"{""humidity"": ""77%"", ""dew_point"": ""25° C"", ""real_feel"": 35, ""visibility"": ""16km"", ""cloud_cover"": ""54%"", ""cloud_ceiling"": ""9100m"", ""precip_probability"": ""0%"", ""acculumen_brightness"": ""0 (어둡게)""}"
44770,2026-07-30T20:05:45.223017+09:00,2026-07-30T21:00:00+09:00,1785412800,2026-07-30T12:00:00+00:00,28,34,,서 7km/h,보통,N/A,0%,"{""humidity"": ""84%"", ""dew_point"": ""25° C"", ""real_feel"": 34, ""visibility"": ""16km"", ""cloud_cover"": ""69%"", ""cloud_ceiling"": ""9100m"", ""precip_probability"": ""0%"", ""acculumen_brightness"": ""0 (어둡게)""}"
44845,2026-07-30T21:06:34.801314+09:00,2026-07-30T22:00:00+09:00,1785416400,2026-07-30T13:00:00+00:00,27,33,,서 6km/h,보통,N/A,0%,"{""humidity"": ""90%"", ""dew_point"": ""25° C"", ""real_feel"": 33, ""visibility"": ""16km"", ""cloud_cover"": ""61%"", ""cloud_ceiling"": ""9100m"", ""precip_probability"": ""0%"", ""acculumen_brightness"": ""0 (어둡게)""}"
44919,2026-07-30T22:04:56.939395+09:00,2026-07-30T23:00:00+09:00,1785420000,2026-07-30T14:00:00+00:00,27,33,,서남서 6km/h,보통,N/A,0%,"{""humidity"": ""91%"", ""dew_point"": ""25° C"", ""real_feel"": 33, ""visibility"": ""16km"", ""cloud_cover"": ""53%"", ""cloud_ceiling"": ""9100m"", ""precip_probability"": ""0%"", ""acculumen_brightness"": ""0 (어둡게)""}"
44992,2026-07-30T23:07:56.530929+09:00,2026-07-31T00:00:00+09:00,1785423600,2026-07-30T15:00:00+00:00,26,33,,서남서 4km/h,보통,N/A,0%,"{""humidity"": ""93%"", ""dew_point"": ""25° C"", ""real_feel"": 33, ""visibility"": ""11km"", ""cloud_cover"": ""45%"", ""cloud_ceiling"": ""9100m"", ""precip_probability"": ""0%"", ""acculumen_brightness"": ""0 (어둡게)""}"
45088,2026-07-31T00:04:44.924524+09:00,2026-07-31T01:00:00+09:00,1785427200,2026-07-30T16:00:00+00:00,26,33,,남서 6km/h,보통,N/A,7%,"{""humidity"": ""95%"", ""dew_point"": ""25° C"", ""real_feel"": 33, ""visibility"": ""11km"", ""cloud_cover"": ""47%"", ""cloud_ceiling"": ""9100m"", ""precip_probability"": ""7%"", ""acculumen_brightness"": ""0 (어둡게)""}"
45183,2026-07-31T01:05:11.547734+09:00,2026-07-31T02:00:00+09:00,1785430800,2026-07-30T17:00:00+00:00,26,32,,남서 6km/h,보통,N/A,7%,"{""humidity"": ""96%"", ""dew_point"": ""25° C"", ""real_feel"": 32, ""visibility"": ""11km"", ""cloud_cover"": ""49%"", ""cloud_ceiling"": ""9100m"", ""precip_probability"": ""7%"", ""acculumen_brightness"": ""0 (어둡게)""}"
45277,2026-07-31T02:05:27.729829+09:00,2026-07-31T03:00:00+09:00,1785434400,2026-07-30T18:00:00+00:00,25,32,,남서 6km/h,보통,N/A,7%,"{""dew_point"": ""25° C"", ""real_feel"": 32, ""visibility"": ""11km"", ""cloud_cover"": ""51%"", ""cloud_ceiling"": ""9100m"", ""precip_probability"": ""7%"", ""acculumen_brightness"": ""0 (어둡게)""}"
45370,2026-07-31T03:03:16.399066+09:00,2026-07-31T04:00:00+09:00,1785438000,2026-07-30T19:00:00+00:00,25,31,,남서 6km/h,보통,N/A,7%,"{""dew_point"": ""25° C"", ""real_feel"": 31, ""visibility"": ""11km"", ""cloud_cover"": ""67%"", ""cloud_ceiling"": ""500m"", ""precip_probability"": ""7%"", ""acculumen_brightness"": ""0 (어둡게)""}"
45462,2026-07-31T04:06:59.534405+09:00,2026-07-31T05:00:00+09:00,1785441600,2026-07-30T20:00:00+00:00,25,32,,남남서 6km/h,보통,N/A,7%,"{""dew_point"": ""25° C"", ""real_feel"": 32, ""visibility"": ""11km"", ""cloud_cover"": ""84%"", ""cloud_ceiling"": ""500m"", ""precip_probability"": ""7%"", ""acculumen_brightness"": ""0 (어둡게)""}"
45553,2026-07-31T05:06:33.706362+09:00,2026-07-31T06:00:00+09:00,1785445200,2026-07-30T21:00:00+00:00,25,31,31,남남서 6km/h,보통,0,7%,"{""humidity"": ""95%"", ""dew_point"": ""25° C"", ""real_feel"": 31, ""visibility"": ""10km"", ""wind_gusts"": ""13km/h"", ""cloud_cover"": ""100%"", ""cloud_ceiling"": ""500m"", ""precip_probability"": ""7%"", ""acculumen_brightness"": ""1 (어둡게)""}"
45643,2026-07-31T06:06:01.023103+09:00,2026-07-31T07:00:00+09:00,1785448800,2026-07-30T22:00:00+00:00,26,33,33,남남서 6km/h,보통,N/A,7%,"{""max_uv"": ""0.6 (낮음)"", ""humidity"": ""91%"", ""dew_point"": ""25° C"", ""real_feel"": 33, ""visibility"": ""11km"", ""wind_gusts"": ""15km/h"", ""cloud_cover"": ""86%"", ""cloud_ceiling"": ""500m"", ""precip_probability"": ""7%"", ""acculumen_brightness"": ""3 (칙칙함)""}"
45732,2026-07-31T07:02:31.732122+09:00,2026-07-31T08:00:00+09:00,1785452400,2026-07-30T23:00:00+00:00,28,35,33,남서 7km/h,보통,N/A,7%,"{""max_uv"": ""1.3 (낮음)"", ""humidity"": ""86%"", ""dew_point"": ""25° C"", ""real_feel"": 35, ""visibility"": ""11km"", ""wind_gusts"": ""17km/h"", ""cloud_cover"": ""72%"", ""cloud_ceiling"": ""500m"", ""precip_probability"": ""7%"", ""acculumen_brightness"": ""5 (중간)""}"
45820,2026-07-31T08:05:03.118883+09:00,2026-07-31T09:00:00+09:00,1785456000,2026-07-31T00:00:00+00:00,29,38,34,남서 7km/h,보통,N/A,7%,"{""max_uv"": ""3.9 (보통)"", ""humidity"": ""79%"", ""dew_point"": ""25° C"", ""real_feel"": 38, ""visibility"": ""10km"", ""wind_gusts"": ""20km/h"", ""cloud_cover"": ""70%"", ""cloud_ceiling"": ""9100m"", ""precip_probability"": ""7%"", ""acculumen_brightness"": ""6 (중간)""}"
45907,2026-07-31T09:02:08.219680+09:00,2026-07-31T10:00:00+09:00,1785459600,2026-07-31T01:00:00+00:00,31,40,35,서남서 9km/h,보통,N/A,7%,"{""max_uv"": ""6.8 (높음)"", ""humidity"": ""74%"", ""dew_point"": ""25° C"", ""real_feel"": 40, ""visibility"": ""16km"", ""wind_gusts"": ""22km/h"", ""cloud_cover"": ""53%"", ""cloud_ceiling"": ""9100m"", ""precip_probability"": ""7%"", ""acculumen_brightness"": ""7 (밝음)""}"
45993,2026-07-31T10:08:08.781194+09:00,2026-07-31T11:00:00+09:00,1785463200,2026-07-31T02:00:00+00:00,32,42,36,서남서 9km/h,보통,N/A,7%,"{""max_uv"": ""9.1 (매우 높음)"", ""humidity"": ""69%"", ""dew_point"": ""25° C"", ""real_feel"": 42, ""visibility"": ""16km"", ""wind_gusts"": ""26km/h"", ""cloud_cover"": ""48%"", ""cloud_ceiling"": ""9100m"", ""precip_probability"": ""7%"", ""acculumen_brightness"": ""8 (밝음)""}"
46078,2026-07-31T11:04:50.966380+09:00,2026-07-31T12:00:00+09:00,1785466800,2026-07-31T03:00:00+00:00,33,42,37,서 11km/h,보통,N/A,5%,"{""max_uv"": ""8.7 (매우 높음)"", ""humidity"": ""66%"", ""dew_point"": ""25° C"", ""real_feel"": 42, ""visibility"": ""16km"", ""wind_gusts"": ""28km/h"", ""cloud_cover"": ""70%"", ""cloud_ceiling"": ""9100m"", ""precip_probability"": ""5%"", ""acculumen_brightness"": ""6 (중간)""}"
46162,2026-07-31T12:06:57.352615+09:00,2026-07-31T13:00:00+09:00,1785470400,2026-07-31T04:00:00+00:00,33,43,38,서 13km/h,보통,N/A,0%,"{""max_uv"": ""9.1 (매우 높음)"", ""humidity"": ""65%"", ""dew_point"": ""26° C"", ""real_feel"": 43, ""visibility"": ""16km"", ""wind_gusts"": ""32km/h"", ""cloud_cover"": ""36%"", ""cloud_ceiling"": ""9100m"", ""precip_probability"": ""0%"", ""acculumen_brightness"": ""9 (매우 밝음)""}"
46245,2026-07-31T13:03:07.663313+09:00,2026-07-31T14:00:00+09:00,1785474000,2026-07-31T05:00:00+00:00,34,43,38,서 13km/h,보통,N/A,0%,"{""max_uv"": ""6.8 (높음)"", ""humidity"": ""64%"", ""dew_point"": ""26° C"", ""real_feel"": 43, ""visibility"": ""16km"", ""wind_gusts"": ""32km/h"", ""cloud_cover"": ""28%"", ""cloud_ceiling"": ""9100m"", ""precip_probability"": ""0%"", ""acculumen_brightness"": ""9 (매우 밝음)""}"
46327,2026-07-31T14:03:49.501677+09:00,2026-07-31T15:00:00+09:00,1785477600,2026-07-31T06:00:00+00:00,33,42,38,서 13km/h,보통,N/A,0%,"{""max_uv"": ""4.5 (보통)"", ""humidity"": ""67%"", ""dew_point"": ""26° C"", ""real_feel"": 42, ""visibility"": ""16km"", ""wind_gusts"": ""33km/h"", ""cloud_cover"": ""20%"", ""cloud_ceiling"": ""9100m"", ""precip_probability"": ""0%"", ""acculumen_brightness"": ""9 (매우 밝음)""}"
46408,2026-07-31T15:04:41.274375+09:00,2026-07-31T16:00:00+09:00,1785481200,2026-07-31T07:00:00+00:00,33,41,38,서 13km/h,나쁨,N/A,0%,"{""max_uv"": ""3.1 (보통)"", ""humidity"": ""69%"", ""dew_point"": ""26° C"", ""real_feel"": 41, ""visibility"": ""16km"", ""wind_gusts"": ""35km/h"", ""cloud_cover"": ""26%"", ""cloud_ceiling"": ""9100m"", ""precip_probability"": ""0%"", ""acculumen_brightness"": ""9 (매우 밝음)""}"
46488,2026-07-31T16:05:18.437244+09:00,2026-07-31T17:00:00+09:00,1785484800,2026-07-31T08:00:00+00:00,32,40,37,서 13km/h,나쁨,N/A,0%,"{""max_uv"": ""1.9 (낮음)"", ""humidity"": ""71%"", ""dew_point"": ""26° C"", ""real_feel"": 40, ""visibility"": ""16km"", ""wind_gusts"": ""33km/h"", ""cloud_cover"": ""31%"", ""cloud_ceiling"": ""9100m"", ""precip_probability"": ""0%"", ""acculumen_brightness"": ""9 (매우 밝음)""}"
46567,2026-07-31T17:03:43.321924+09:00,2026-07-31T18:00:00+09:00,1785488400,2026-07-31T09:00:00+00:00,31,39,39,서남서 13km/h,나쁨,N/A,0%,"{""max_uv"": ""0.9 (낮음)"", ""humidity"": ""76%"", ""dew_point"": ""27° C"", ""real_feel"": 39, ""visibility"": ""16km"", ""wind_gusts"": ""33km/h"", ""cloud_cover"": ""36%"", ""cloud_ceiling"": ""9100m"", ""precip_probability"": ""0%"", ""acculumen_brightness"": ""5 (중간)""}"
46645,2026-07-31T18:03:20.215908+09:00,2026-07-31T19:00:00+09:00,1785492000,2026-07-31T10:00:00+00:00,30,38,38,서남서 13km/h,나쁨,N/A,0%,"{""max_uv"": ""0.0 (낮음)"", ""humidity"": ""81%"", ""dew_point"": ""27° C"", ""real_feel"": 38, ""visibility"": ""16km"", ""wind_gusts"": ""30km/h"", ""cloud_cover"": ""63%"", ""cloud_ceiling"": ""9100m"", ""precip_probability"": ""0%"", ""acculumen_brightness"": ""0 (어둡게)""}"
46722,2026-07-31T19:04:08.680789+09:00,2026-07-31T20:00:00+09:00,1785495600,2026-07-31T11:00:00+00:00,30,38,,서남서 11km/h,나쁨,N/A,0%,"{""humidity"": ""84%"", ""dew_point"": ""27° C"", ""real_feel"": 38, ""visibility"": ""16km"", ""cloud_cover"": ""70%"", ""cloud_ceiling"": ""9100m"", ""precip_probability"": ""0%"", ""acculumen_brightness"": ""0 (어둡게)""}"
46798,2026-07-31T20:04:25.506376+09:00,2026-07-31T21:00:00+09:00,1785499200,2026-07-31T12:00:00+00:00,29,37,,서남서 9km/h,나쁨,N/A,0%,"{""humidity"": ""90%"", ""dew_point"": ""27° C"", ""real_feel"": 37, ""visibility"": ""11km"", ""cloud_cover"": ""77%"", ""cloud_ceiling"": ""500m"", ""precip_probability"": ""0%"", ""acculumen_brightness"": ""0 (어둡게)""}"
46873,2026-07-31T21:04:39.616836+09:00,2026-07-31T22:00:00+09:00,1785502800,2026-07-31T13:00:00+00:00,28,37,,서남서 7km/h,나쁨,N/A,0%,"{""humidity"": ""93%"", ""dew_point"": ""27° C"", ""real_feel"": 37, ""visibility"": ""11km"", ""cloud_cover"": ""71%"", ""cloud_ceiling"": ""500m"", ""precip_probability"": ""0%"", ""acculumen_brightness"": ""0 (어둡게)""}"
46947,2026-07-31T22:04:19.503489+09:00,2026-07-31T23:00:00+09:00,1785506400,2026-07-31T14:00:00+00:00,28,37,,서남서 7km/h,나쁨,N/A,0%,"{""humidity"": ""95%"", ""dew_point"": ""27° C"", ""real_feel"": 37, ""visibility"": ""11km"", ""cloud_cover"": ""64%"", ""cloud_ceiling"": ""500m"", ""precip_probability"": ""0%"", ""acculumen_brightness"": ""0 (어둡게)""}"
47020,2026-07-31T23:05:30.007806+09:00,2026-08-01T00:00:00+09:00,1785510000,2026-07-31T15:00:00+00:00,28,36,,남서 7km/h,나쁨,N/A,0%,"{""humidity"": ""97%"", ""dew_point"": ""27° C"", ""real_feel"": 36, ""visibility"": ""10km"", ""cloud_cover"": ""58%"", ""cloud_ceiling"": ""9100m"", ""precip_probability"": ""0%"", ""acculumen_brightness"": ""0 (어둡게)""}"
47116,2026-08-01T00:07:38.868677+09:00,2026-08-01T01:00:00+09:00,1785513600,2026-07-31T16:00:00+00:00,27,36,,남서 7km/h,나쁨,N/A,0%,"{""humidity"": ""98%"", ""dew_point"": ""27° C"", ""real_feel"": 36, ""visibility"": ""10km"", ""cloud_cover"": ""71%"", ""cloud_ceiling"": ""500m"", ""precip_probability"": ""0%"", ""acculumen_brightness"": ""0 (어둡게)""}"
47211,2026-08-01T01:03:07.229570+09:00,2026-08-01T02:00:00+09:00,1785517200,2026-07-31T17:00:00+00:00,27,35,,남서 7km/h,나쁨,N/A,0%,"{""humidity"": ""100%"", ""dew_point"": ""27° C"", ""real_feel"": 35, ""visibility"": ""10km"", ""cloud_cover"": ""85%"", ""cloud_ceiling"": ""500m"", ""precip_probability"": ""0%"", ""acculumen_brightness"": ""0 (어둡게)""}"
47305,2026-08-01T02:02:38.471161+09:00,2026-08-01T03:00:00+09:00,1785520800,2026-07-31T18:00:00+00:00,27,35,,남서 7km/h,나쁨,N/A,0%,"{""humidity"": ""100%"", ""dew_point"": ""27° C"", ""real_feel"": 35, ""visibility"": ""10km"", ""cloud_cover"": ""98%"", ""cloud_ceiling"": ""500m"", ""precip_probability"": ""0%"", ""acculumen_brightness"": ""0 (어둡게)""}"
47398,2026-08-01T03:04:37.858177+09:00,2026-08-01T04:00:00+09:00,1785524400,2026-07-31T19:00:00+00:00,27,35,,남서 7km/h,나쁨,N/A,0%,"{""humidity"": ""100%"", ""dew_point"": ""27° C"", ""real_feel"": 35, ""visibility"": ""10km"", ""cloud_cover"": ""83%"", ""cloud_ceiling"": ""500m"", ""precip_probability"": ""0%"", ""acculumen_brightness"": ""0 (어둡게)""}"
47490,2026-08-01T04:05:18.431806+09:00,2026-08-01T05:00:00+09:00,1785528000,2026-07-31T20:00:00+00:00,26,34,,남남서 7km/h,나쁨,N/A,0%,"{""humidity"": ""100%"", ""dew_point"": ""26° C"", ""real_feel"": 34, ""visibility"": ""11km"", ""cloud_cover"": ""69%"", ""cloud_ceiling"": ""500m"", ""precip_probability"": ""0%"", ""acculumen_brightness"": ""0 (어둡게)""}"
47581,2026-08-01T05:03:52.840500+09:00,2026-08-01T06:00:00+09:00,1785531600,2026-07-31T21:00:00+00:00,27,35,35,남 7km/h,나쁨,N/A,2%,"{""max_uv"": ""0.9 (낮음)"", ""humidity"": ""100%"", ""dew_point"": ""27° C"", ""real_feel"": 35, ""visibility"": ""11km"", ""wind_gusts"": ""17km/h"", ""cloud_cover"": ""54%"", ""cloud_ceiling"": ""9100m"", ""precip_probability"": ""2%"", ""acculumen_brightness"": ""4 (칙칙함)""}"
47671,2026-08-01T06:03:38.277673+09:00,2026-08-01T07:00:00+09:00,1785535200,2026-07-31T22:00:00+00:00,27,37,33,남남서 7km/h,나쁨,N/A,19%,"{""max_uv"": ""1.6 (낮음)"", ""humidity"": ""99%"", ""dew_point"": ""27° C"", ""real_feel"": 37, ""visibility"": ""11km"", ""wind_gusts"": ""19km/h"", ""cloud_cover"": ""70%"", ""cloud_ceiling"": ""9100m"", ""precip_probability"": ""19%"", ""acculumen_brightness"": ""6 (중간)""}"
47760,2026-08-01T07:05:12.056440+09:00,2026-08-01T08:00:00+09:00,1785538800,2026-07-31T23:00:00+00:00,28,38,34,남남서 9km/h,나쁨,N/A,19%,"{""max_uv"": ""3.0 (보통)"", ""humidity"": ""93%"", ""dew_point"": ""27° C"", ""real_feel"": 38, ""visibility"": ""11km"", ""wind_gusts"": ""20km/h"", ""cloud_cover"": ""51%"", ""cloud_ceiling"": ""9100m"", ""precip_probability"": ""19%"", ""acculumen_brightness"": ""8 (밝음)""}"
47848,2026-08-01T08:05:44.718226+09:00,2026-08-01T09:00:00+09:00,1785542400,2026-08-01T00:00:00+00:00,29,40,35,남서 9km/h,나쁨,N/A,24%,"{""max_uv"": ""4.5 (보통)"", ""humidity"": ""89%"", ""dew_point"": ""27° C"", ""real_feel"": 40, ""visibility"": ""16km"", ""wind_gusts"": ""24km/h"", ""cloud_cover"": ""49%"", ""cloud_ceiling"": ""9100m"", ""precip_probability"": ""24%"", ""acculumen_brightness"": ""8 (밝음)""}"
47935,2026-08-01T09:03:10.209050+09:00,2026-08-01T10:00:00+09:00,1785546000,2026-08-01T01:00:00+00:00,31,40,36,남서 11km/h,나쁨,N/A,47%,"{""비"": ""0.2mm"", ""max_uv"": ""3.1 (보통)"", ""humidity"": ""82%"", ""dew_point"": ""27° C"", ""real_feel"": 40, ""visibility"": ""16km"", ""wind_gusts"": ""28km/h"", ""cloud_cover"": ""70%"", ""cloud_ceiling"": ""2100m"", ""precip_probability"": ""47%"", ""acculumen_brightness"": ""6 (중간)""}"
48021,2026-08-01T10:03:08.985671+09:00,2026-08-01T11:00:00+09:00,1785549600,2026-08-01T02:00:00+00:00,32,43,38,서남서 11km/h,나쁨,N/A,45%,"{""비"": ""0.2mm"", ""max_uv"": ""9.1 (매우 높음)"", ""humidity"": ""75%"", ""dew_point"": ""27° C"", ""real_feel"": 43, ""visibility"": ""16km"", ""wind_gusts"": ""30km/h"", ""cloud_cover"": ""46%"", ""cloud_ceiling"": ""9100m"", ""precip_probability"": ""45%"", ""acculumen_brightness"": ""8 (밝음)""}"
48106,2026-08-01T11:06:15.302291+09:00,2026-08-01T12:00:00+09:00,1785553200,2026-08-01T03:00:00+00:00,33,44,39,서 13km/h,나쁨,N/A,42%,"{""max_uv"": ""10.1 (매우 높음)"", ""humidity"": ""71%"", ""dew_point"": ""27° C"", ""real_feel"": 44, ""visibility"": ""16km"", ""wind_gusts"": ""32km/h"", ""cloud_cover"": ""45%"", ""cloud_ceiling"": ""9100m"", ""precip_probability"": ""42%"", ""acculumen_brightness"": ""8 (밝음)""}"
48190,2026-08-01T12:03:05.102069+09:00,2026-08-01T13:00:00+09:00,1785556800,2026-08-01T04:00:00+00:00,34,44,39,서 13km/h,나쁨,N/A,0%,"{""max_uv"": ""9.1 (매우 높음)"", ""humidity"": ""69%"", ""dew_point"": ""27° C"", ""real_feel"": 44, ""visibility"": ""16km"", ""wind_gusts"": ""33km/h"", ""cloud_cover"": ""36%"", ""cloud_ceiling"": ""9100m"", ""precip_probability"": ""0%"", ""acculumen_brightness"": ""9 (매우 밝음)""}"
48273,2026-08-01T13:06:55.749949+09:00,2026-08-01T14:00:00+09:00,1785560400,2026-08-01T05:00:00+00:00,34,44,39,서 13km/h,나쁨,N/A,0%,"{""max_uv"": ""6.8 (높음)"", ""humidity"": ""66%"", ""dew_point"": ""27° C"", ""real_feel"": 44, ""visibility"": ""16km"", ""wind_gusts"": ""33km/h"", ""cloud_cover"": ""28%"", ""cloud_ceiling"": ""9100m"", ""precip_probability"": ""0%"", ""acculumen_brightness"": ""9 (매우 밝음)""}"
48355,2026-08-01T14:02:29.117073+09:00,2026-08-01T15:00:00+09:00,1785564000,2026-08-01T06:00:00+00:00,34,43,39,서 15km/h,나쁨,N/A,0%,"{""max_uv"": ""4.5 (보통)"", ""humidity"": ""67%"", ""dew_point"": ""27° C"", ""real_feel"": 43, ""visibility"": ""16km"", ""wind_gusts"": ""35km/h"", ""cloud_cover"": ""20%"", ""cloud_ceiling"": ""9100m"", ""precip_probability"": ""0%"", ""acculumen_brightness"": ""9 (매우 밝음)""}"
48436,2026-08-01T15:06:22.224316+09:00,2026-08-01T16:00:00+09:00,1785567600,2026-08-01T07:00:00+00:00,33,42,38,서 15km/h,나쁨,N/A,0%,"{""max_uv"": ""3.0 (보통)"", ""humidity"": ""68%"", ""dew_point"": ""27° C"", ""real_feel"": 42, ""visibility"": ""16km"", ""wind_gusts"": ""35km/h"", ""cloud_cover"": ""16%"", ""cloud_ceiling"": ""9100m"", ""precip_probability"": ""0%"", ""acculumen_brightness"": ""9 (매우 밝음)""}"
48516,2026-08-01T16:04:48.575045+09:00,2026-08-01T17:00:00+09:00,1785571200,2026-08-01T08:00:00+00:00,33,41,38,서 13km/h,나쁨,N/A,0%,"{""max_uv"": ""1.9 (낮음)"", ""humidity"": ""69%"", ""dew_point"": ""26° C"", ""real_feel"": 41, ""visibility"": ""16km"", ""wind_gusts"": ""33km/h"", ""cloud_cover"": ""11%"", ""cloud_ceiling"": ""9100m"", ""precip_probability"": ""0%"", ""acculumen_brightness"": ""9 (매우 밝음)""}"
48595,2026-08-01T17:03:30.824881+09:00,2026-08-01T18:00:00+09:00,1785574800,2026-08-01T09:00:00+00:00,32,39,39,서 13km/h,나쁨,N/A,0%,"{""max_uv"": ""0.9 (낮음)"", ""humidity"": ""73%"", ""dew_point"": ""26° C"", ""real_feel"": 39, ""visibility"": ""16km"", ""wind_gusts"": ""32km/h"", ""cloud_cover"": ""7%"", ""cloud_ceiling"": ""9100m"", ""precip_probability"": ""0%"", ""acculumen_brightness"": ""5 (중간)""}"
48673,2026-08-01T18:06:54.297212+09:00,2026-08-01T19:00:00+09:00,1785578400,2026-08-01T10:00:00+00:00,31,39,39,서 11km/h,나쁨,N/A,0%,"{""max_uv"": ""0.0 (낮음)"", ""humidity"": ""75%"", ""dew_point"": ""27° C"", ""real_feel"": 39, ""visibility"": ""16km"", ""wind_gusts"": ""28km/h"", ""cloud_cover"": ""3%"", ""cloud_ceiling"": ""9100m"", ""precip_probability"": ""0%"", ""acculumen_brightness"": ""0 (어둡게)""}"
48750,2026-08-01T19:07:07.417429+09:00,2026-08-01T20:00:00+09:00,1785582000,2026-08-01T11:00:00+00:00,31,39,,서남서 9km/h,나쁨,N/A,0%,"{""humidity"": ""80%"", ""dew_point"": ""27° C"", ""real_feel"": 39, ""visibility"": ""16km"", ""cloud_cover"": ""4%"", ""cloud_ceiling"": ""9100m"", ""precip_probability"": ""0%"", ""acculumen_brightness"": ""0 (어둡게)""}"
48826,2026-08-01T20:06:13.662438+09:00,2026-08-01T21:00:00+09:00,1785585600,2026-08-01T12:00:00+00:00,29,37,,서남서 7km/h,나쁨,N/A,0%,"{""humidity"": ""88%"", ""dew_point"": ""27° C"", ""real_feel"": 37, ""visibility"": ""16km"", ""cloud_cover"": ""6%"", ""cloud_ceiling"": ""9100m"", ""precip_probability"": ""0%"", ""acculumen_brightness"": ""0 (어둡게)""}"
48901,2026-08-01T21:04:59.029110+09:00,2026-08-01T22:00:00+09:00,1785589200,2026-08-01T13:00:00+00:00,28,37,,서남서 7km/h,나쁨,N/A,0%,"{""humidity"": ""92%"", ""dew_point"": ""27° C"", ""real_feel"": 37, ""visibility"": ""16km"", ""cloud_cover"": ""18%"", ""cloud_ceiling"": ""9100m"", ""precip_probability"": ""0%"", ""acculumen_brightness"": ""0 (어둡게)""}"
48975,2026-08-01T22:06:43.337370+09:00,2026-08-01T23:00:00+09:00,1785592800,2026-08-01T14:00:00+00:00,28,36,,서남서 6km/h,나쁨,N/A,0%,"{""humidity"": ""94%"", ""dew_point"": ""27° C"", ""real_feel"": 36, ""visibility"": ""16km"", ""cloud_cover"": ""29%"", ""cloud_ceiling"": ""9100m"", ""precip_probability"": ""0%"", ""acculumen_brightness"": ""0 (어둡게)""}"
49048,2026-08-01T23:06:33.441177+09:00,2026-08-02T00:00:00+09:00,1785596400,2026-08-01T15:00:00+00:00,28,36,,서남서 6km/h,나쁨,N/A,0%,"{""humidity"": ""95%"", ""dew_point"": ""27° C"", ""real_feel"": 36, ""visibility"": ""16km"", ""cloud_cover"": ""41%"", ""cloud_ceiling"": ""9100m"", ""precip_probability"": ""0%"", ""acculumen_brightness"": ""0 (어둡게)""}"
49144,2026-08-02T00:07:42.401672+09:00,2026-08-02T01:00:00+09:00,1785600000,2026-08-01T16:00:00+00:00,28,36,,남서 6km/h,나쁨,N/A,0%,"{""humidity"": ""96%"", ""dew_point"": ""27° C"", ""real_feel"": 36, ""visibility"": ""16km"", ""cloud_cover"": ""45%"", ""cloud_ceiling"": ""9100m"", ""precip_probability"": ""0%"", ""acculumen_brightness"": ""0 (어둡게)""}"
49239,2026-08-02T01:03:39.728463+09:00,2026-08-02T02:00:00+09:00,1785603600,2026-08-01T17:00:00+00:00,27,36,,남남서 6km/h,나쁨,N/A,0%,"{""humidity"": ""97%"", ""dew_point"": ""27° C"", ""real_feel"": 36, ""visibility"": ""16km"", ""cloud_cover"": ""50%"", ""cloud_ceiling"": ""9100m"", ""precip_probability"": ""0%"", ""acculumen_brightness"": ""0 (어둡게)""}"
49333,2026-08-02T02:02:24.390389+09:00,2026-08-02T03:00:00+09:00,1785607200,2026-08-01T18:00:00+00:00,27,35,,남남서 6km/h,나쁨,N/A,0%,"{""humidity"": ""97%"", ""dew_point"": ""27° C"", ""real_feel"": 35, ""visibility"": ""16km"", ""cloud_cover"": ""55%"", ""cloud_ceiling"": ""9100m"", ""precip_probability"": ""0%"", ""acculumen_brightness"": ""0 (어둡게)""}"
49426,2026-08-02T03:05:16.790604+09:00,2026-08-02T04:00:00+09:00,1785610800,2026-08-01T19:00:00+00:00,26,35,,남남서 6km/h,나쁨,N/A,0%,"{""humidity"": ""100%"", ""dew_point"": ""26° C"", ""real_feel"": 35, ""visibility"": ""11km"", ""cloud_cover"": ""63%"", ""cloud_ceiling"": ""500m"", ""precip_probability"": ""0%"", ""acculumen_brightness"": ""0 (어둡게)""}"
49518,2026-08-02T04:03:49.576370+09:00,2026-08-02T05:00:00+09:00,1785614400,2026-08-01T20:00:00+00:00,26,35,,남남서 6km/h,나쁨,N/A,0%,"{""humidity"": ""100%"", ""dew_point"": ""26° C"", ""real_feel"": 35, ""visibility"": ""11km"", ""cloud_cover"": ""71%"", ""cloud_ceiling"": ""500m"", ""precip_probability"": ""0%"", ""acculumen_brightness"": ""0 (어둡게)""}"
49609,2026-08-02T05:04:29.901890+09:00,2026-08-02T06:00:00+09:00,1785618000,2026-08-01T21:00:00+00:00,27,35,35,남남서 6km/h,나쁨,N/A,0%,"{""max_uv"": ""0.3 (낮음)"", ""humidity"": ""100%"", ""dew_point"": ""27° C"", ""real_feel"": 35, ""visibility"": ""11km"", ""wind_gusts"": ""13km/h"", ""cloud_cover"": ""79%"", ""cloud_ceiling"": ""500m"", ""precip_probability"": ""0%"", ""acculumen_brightness"": ""3 (칙칙함)""}"
49699,2026-08-02T06:06:12.943401+09:00,2026-08-02T07:00:00+09:00,1785621600,2026-08-01T22:00:00+00:00,28,37,37,남서 6km/h,나쁨,N/A,0%,"{""max_uv"": ""0.8 (낮음)"", ""humidity"": ""95%"", ""dew_point"": ""27° C"", ""real_feel"": 37, ""visibility"": ""16km"", ""wind_gusts"": ""13km/h"", ""cloud_cover"": ""74%"", ""cloud_ceiling"": ""500m"", ""precip_probability"": ""0%"", ""acculumen_brightness"": ""5 (중간)""}"
49788,2026-08-02T07:05:15.425008+09:00,2026-08-02T08:00:00+09:00,1785625200,2026-08-01T23:00:00+00:00,29,38,35,남서 6km/h,나쁨,N/A,0%,"{""max_uv"": ""1.3 (낮음)"", ""humidity"": ""86%"", ""dew_point"": ""27° C"", ""real_feel"": 38, ""visibility"": ""16km"", ""wind_gusts"": ""15km/h"", ""cloud_cover"": ""68%"", ""cloud_ceiling"": ""500m"", ""precip_probability"": ""0%"", ""acculumen_brightness"": ""6 (중간)""}"
49876,2026-08-02T08:06:16.506647+09:00,2026-08-02T09:00:00+09:00,1785628800,2026-08-02T00:00:00+00:00,31,41,36,서남서 7km/h,나쁨,N/A,0%,"{""max_uv"": ""4.3 (보통)"", ""humidity"": ""79%"", ""dew_point"": ""27° C"", ""real_feel"": 41, ""visibility"": ""16km"", ""wind_gusts"": ""19km/h"", ""cloud_cover"": ""63%"", ""cloud_ceiling"": ""9100m"", ""precip_probability"": ""0%"", ""acculumen_brightness"": ""7 (밝음)""}"
49963,2026-08-02T09:04:43.256035+09:00,2026-08-02T10:00:00+09:00,1785632400,2026-08-02T01:00:00+00:00,32,42,37,서남서 7km/h,나쁨,N/A,0%,"{""max_uv"": ""6.8 (높음)"", ""humidity"": ""72%"", ""dew_point"": ""26° C"", ""real_feel"": 42, ""visibility"": ""16km"", ""wind_gusts"": ""20km/h"", ""cloud_cover"": ""56%"", ""cloud_ceiling"": ""9100m"", ""precip_probability"": ""0%"", ""acculumen_brightness"": ""7 (밝음)""}"
50049,2026-08-02T10:03:50.349401+09:00,2026-08-02T11:00:00+09:00,1785636000,2026-08-02T02:00:00+00:00,33,44,38,서 9km/h,나쁨,N/A,0%,"{""max_uv"": ""9.0 (매우 높음)"", ""humidity"": ""68%"", ""dew_point"": ""26° C"", ""real_feel"": 44, ""visibility"": ""16km"", ""wind_gusts"": ""22km/h"", ""cloud_cover"": ""48%"", ""cloud_ceiling"": ""9100m"", ""precip_probability"": ""0%"", ""acculumen_brightness"": ""8 (밝음)""}"
50134,2026-08-02T11:05:53.580549+09:00,2026-08-02T12:00:00+09:00,1785639600,2026-08-02T03:00:00+00:00,34,44,39,서 9km/h,나쁨,N/A,0%,"{""max_uv"": ""10.0 (매우 높음)"", ""humidity"": ""64%"", ""dew_point"": ""26° C"", ""real_feel"": 44, ""visibility"": ""16km"", ""wind_gusts"": ""22km/h"", ""cloud_cover"": ""40%"", ""cloud_ceiling"": ""9100m"", ""precip_probability"": ""0%"", ""acculumen_brightness"": ""8 (밝음)""}"
50218,2026-08-02T12:05:53.863256+09:00,2026-08-02T13:00:00+09:00,1785643200,2026-08-02T04:00:00+00:00,34,44,39,서 11km/h,나쁨,N/A,0%,"{""max_uv"": ""9.0 (매우 높음)"", ""humidity"": ""62%"", ""dew_point"": ""26° C"", ""real_feel"": 44, ""visibility"": ""16km"", ""wind_gusts"": ""22km/h"", ""cloud_cover"": ""29%"", ""cloud_ceiling"": ""9100m"", ""precip_probability"": ""0%"", ""acculumen_brightness"": ""9 (매우 밝음)""}"
50301,2026-08-02T13:05:18.907851+09:00,2026-08-02T14:00:00+09:00,1785646800,2026-08-02T05:00:00+00:00,34,44,39,서 11km/h,나쁨,N/A,0%,"{""max_uv"": ""6.8 (높음)"", ""humidity"": ""60%"", ""dew_point"": ""26° C"", ""real_feel"": 44, ""visibility"": ""16km"", ""wind_gusts"": ""24km/h"", ""cloud_cover"": ""18%"", ""cloud_ceiling"": ""9100m"", ""precip_probability"": ""0%"", ""acculumen_brightness"": ""9 (매우 밝음)""}"
50383,2026-08-02T14:05:59.251737+09:00,2026-08-02T15:00:00+09:00,1785650400,2026-08-02T06:00:00+00:00,34,43,39,서 13km/h,나쁨,N/A,0%,"{""max_uv"": ""4.5 (보통)"", ""humidity"": ""63%"", ""dew_point"": ""26° C"", ""real_feel"": 43, ""visibility"": ""16km"", ""wind_gusts"": ""24km/h"", ""cloud_cover"": ""8%"", ""cloud_ceiling"": ""9100m"", ""precip_probability"": ""0%"", ""acculumen_brightness"": ""9 (매우 밝음)""}"
50464,2026-08-02T15:05:21.823661+09:00,2026-08-02T16:00:00+09:00,1785654000,2026-08-02T07:00:00+00:00,34,42,38,서 13km/h,나쁨,N/A,0%,"{""max_uv"": ""3.0 (보통)"", ""humidity"": ""64%"", ""dew_point"": ""26° C"", ""real_feel"": 42, ""visibility"": ""16km"", ""wind_gusts"": ""26km/h"", ""cloud_cover"": ""6%"", ""cloud_ceiling"": ""9100m"", ""precip_probability"": ""0%"", ""acculumen_brightness"": ""9 (매우 밝음)""}"
50544,2026-08-02T16:04:42.386404+09:00,2026-08-02T17:00:00+09:00,1785657600,2026-08-02T08:00:00+00:00,33,41,38,서 11km/h,나쁨,N/A,0%,"{""max_uv"": ""1.9 (낮음)"", ""humidity"": ""67%"", ""dew_point"": ""26° C"", ""real_feel"": 41, ""visibility"": ""16km"", ""wind_gusts"": ""28km/h"", ""cloud_cover"": ""4%"", ""cloud_ceiling"": ""9100m"", ""precip_probability"": ""0%"", ""acculumen_brightness"": ""10 (매우 밝음)""}"
50623,2026-08-02T17:07:26.938404+09:00,2026-08-02T18:00:00+09:00,1785661200,2026-08-02T09:00:00+00:00,32,40,40,서 11km/h,나쁨,N/A,0%,"{""max_uv"": ""0.9 (낮음)"", ""humidity"": ""70%"", ""dew_point"": ""26° C"", ""real_feel"": 40, ""visibility"": ""16km"", ""wind_gusts"": ""26km/h"", ""cloud_cover"": ""1%"", ""cloud_ceiling"": ""9100m"", ""precip_probability"": ""0%"", ""acculumen_brightness"": ""6 (중간)""}"
50701,2026-08-02T18:07:35.878945+09:00,2026-08-02T19:00:00+09:00,1785664800,2026-08-02T10:00:00+00:00,32,39,39,서 9km/h,나쁨,N/A,0%,"{""max_uv"": ""0.0 (낮음)"", ""humidity"": ""68%"", ""dew_point"": ""26° C"", ""real_feel"": 39, ""visibility"": ""16km"", ""wind_gusts"": ""22km/h"", ""cloud_cover"": ""1%"", ""cloud_ceiling"": ""9100m"", ""precip_probability"": ""0%"", ""acculumen_brightness"": ""0 (어둡게)""}"
50778,2026-08-02T19:06:35.324796+09:00,2026-08-02T20:00:00+09:00,1785668400,2026-08-02T11:00:00+00:00,31,38,,서 9km/h,나쁨,N/A,0%,"{""humidity"": ""76%"", ""dew_point"": ""26° C"", ""real_feel"": 38, ""visibility"": ""16km"", ""cloud_cover"": ""0%"", ""cloud_ceiling"": ""9100m"", ""precip_probability"": ""0%"", ""acculumen_brightness"": ""0 (어둡게)""}"
50854,2026-08-02T20:04:55.324495+09:00,2026-08-02T21:00:00+09:00,1785672000,2026-08-02T12:00:00+00:00,29,37,,서 7km/h,나쁨,N/A,0%,"{""humidity"": ""84%"", ""dew_point"": ""26° C"", ""real_feel"": 37, ""visibility"": ""16km"", ""cloud_cover"": ""0%"", ""cloud_ceiling"": ""9100m"", ""precip_probability"": ""0%"", ""acculumen_brightness"": ""0 (어둡게)""}"
50929,2026-08-02T21:06:03.049687+09:00,2026-08-02T22:00:00+09:00,1785675600,2026-08-02T13:00:00+00:00,28,36,,서 6km/h,나쁨,N/A,0%,"{""humidity"": ""89%"", ""dew_point"": ""26° C"", ""real_feel"": 36, ""visibility"": ""16km"", ""cloud_cover"": ""0%"", ""cloud_ceiling"": ""9100m"", ""precip_probability"": ""0%"", ""acculumen_brightness"": ""0 (어둡게)""}"
51003,2026-08-02T22:02:45.079074+09:00,2026-08-02T23:00:00+09:00,1785679200,2026-08-02T14:00:00+00:00,28,36,,서 4km/h,보통,N/A,0%,"{""humidity"": ""92%"", ""dew_point"": ""26° C"", ""real_feel"": 36, ""visibility"": ""11km"", ""cloud_cover"": ""0%"", ""cloud_ceiling"": ""9100m"", ""precip_probability"": ""0%"", ""acculumen_brightness"": ""0 (어둡게)""}"
51076,2026-08-02T23:06:33.421178+09:00,2026-08-03T00:00:00+09:00,1785682800,2026-08-02T15:00:00+00:00,27,36,,서 2km/h,보통,N/A,0%,"{""humidity"": ""93%"", ""dew_point"": ""26° C"", ""real_feel"": 36, ""visibility"": ""11km"", ""cloud_cover"": ""0%"", ""cloud_ceiling"": ""9100m"", ""precip_probability"": ""0%"", ""acculumen_brightness"": ""0 (어둡게)""}"
51172,2026-08-03T00:02:44.463389+09:00,2026-08-03T01:00:00+09:00,1785686400,2026-08-02T16:00:00+00:00,27,36,,서 2km/h,보통,N/A,0%,"{""humidity"": ""94%"", ""dew_point"": ""26° C"", ""real_feel"": 36, ""visibility"": ""11km"", ""cloud_cover"": ""0%"", ""cloud_ceiling"": ""9100m"", ""precip_probability"": ""0%"", ""acculumen_brightness"": ""0 (어둡게)""}"
51267,2026-08-03T01:05:57.856785+09:00,2026-08-03T02:00:00+09:00,1785690000,2026-08-02T17:00:00+00:00,27,35,,서북서 2km/h,보통,N/A,0%,"{""humidity"": ""95%"", ""dew_point"": ""26° C"", ""real_feel"": 35, ""visibility"": ""11km"", ""cloud_cover"": ""1%"", ""cloud_ceiling"": ""9100m"", ""precip_probability"": ""0%"", ""acculumen_brightness"": ""0 (어둡게)""}"
51361,2026-08-03T02:04:31.684096+09:00,2026-08-03T03:00:00+09:00,1785693600,2026-08-02T18:00:00+00:00,27,35,,북서 2km/h,나쁨,N/A,0%,"{""humidity"": ""95%"", ""dew_point"": ""26° C"", ""real_feel"": 35, ""visibility"": ""11km"", ""cloud_cover"": ""1%"", ""cloud_ceiling"": ""9100m"", ""precip_probability"": ""0%"", ""acculumen_brightness"": ""0 (어둡게)""}"
51454,2026-08-03T03:06:48.354816+09:00,2026-08-03T04:00:00+09:00,1785697200,2026-08-02T19:00:00+00:00,27,35,,북북서 2km/h,나쁨,N/A,1%,"{""humidity"": ""96%"", ""dew_point"": ""26° C"", ""real_feel"": 35, ""visibility"": ""11km"", ""cloud_cover"": ""3%"", ""cloud_ceiling"": ""9100m"", ""precip_probability"": ""1%"", ""acculumen_brightness"": ""0 (어둡게)""}"
51546,2026-08-03T04:07:18.046113+09:00,2026-08-03T05:00:00+09:00,1785700800,2026-08-02T20:00:00+00:00,26,34,,북북동 2km/h,나쁨,N/A,1%,"{""humidity"": ""96%"", ""dew_point"": ""26° C"", ""real_feel"": 34, ""visibility"": ""11km"", ""cloud_cover"": ""4%"", ""cloud_ceiling"": ""9100m"", ""precip_probability"": ""1%"", ""acculumen_brightness"": ""0 (어둡게)""}"
51637,2026-08-03T05:02:51.547392+09:00,2026-08-03T06:00:00+09:00,1785704400,2026-08-02T21:00:00+00:00,26,35,35,북동 4km/h,보통,N/A,3%,"{""max_uv"": ""0.9 (낮음)"", ""humidity"": ""97%"", ""dew_point"": ""26° C"", ""real_feel"": 35, ""visibility"": ""11km"", ""wind_gusts"": ""7km/h"", ""cloud_cover"": ""6%"", ""cloud_ceiling"": ""9100m"", ""precip_probability"": ""3%"", ""acculumen_brightness"": ""5 (중간)""}"
51727,2026-08-03T06:04:03.730315+09:00,2026-08-03T07:00:00+09:00,1785708000,2026-08-02T22:00:00+00:00,27,36,33,북동 4km/h,보통,N/A,7%,"{""max_uv"": ""1.9 (낮음)"", ""humidity"": ""93%"", ""dew_point"": ""26° C"", ""real_feel"": 36, ""visibility"": ""11km"", ""wind_gusts"": ""7km/h"", ""cloud_cover"": ""30%"", ""cloud_ceiling"": ""9100m"", ""precip_probability"": ""7%"", ""acculumen_brightness"": ""9 (매우 밝음)""}"
51816,2026-08-03T07:05:29.318864+09:00,2026-08-03T08:00:00+09:00,1785711600,2026-08-02T23:00:00+00:00,29,39,35,동북동 4km/h,보통,N/A,7%,"{""max_uv"": ""3.0 (보통)"", ""humidity"": ""84%"", ""dew_point"": ""26° C"", ""real_feel"": 39, ""visibility"": ""16km"", ""wind_gusts"": ""9km/h"", ""cloud_cover"": ""54%"", ""cloud_ceiling"": ""9100m"", ""precip_probability"": ""7%"", ""acculumen_brightness"": ""7 (밝음)""}"
51904,2026-08-03T08:05:55.431633+09:00,2026-08-03T09:00:00+09:00,1785715200,2026-08-03T00:00:00+00:00,31,41,37,동북동 4km/h,나쁨,N/A,6%,"{""max_uv"": ""1.7 (낮음)"", ""humidity"": ""77%"", ""dew_point"": ""27° C"", ""real_feel"": 41, ""visibility"": ""10km"", ""wind_gusts"": ""11km/h"", ""cloud_cover"": ""78%"", ""cloud_ceiling"": ""500m"", ""precip_probability"": ""6%"", ""acculumen_brightness"": ""5 (중간)""}"
51991,2026-08-03T09:07:58.378270+09:00,2026-08-03T10:00:00+09:00,1785718800,2026-08-03T01:00:00+00:00,33,43,38,북동 6km/h,나쁨,N/A,5%,"{""max_uv"": ""3.3 (보통)"", ""humidity"": ""72%"", ""dew_point"": ""27° C"", ""real_feel"": 43, ""visibility"": ""16km"", ""wind_gusts"": ""13km/h"", ""cloud_cover"": ""61%"", ""cloud_ceiling"": ""500m"", ""precip_probability"": ""5%"", ""acculumen_brightness"": ""7 (밝음)""}"
52077,2026-08-03T10:03:48.632752+09:00,2026-08-03T11:00:00+09:00,1785722400,2026-08-03T02:00:00+00:00,34,46,40,북북동 6km/h,나쁨,N/A,5%,"{""max_uv"": ""9.0 (매우 높음)"", ""humidity"": ""66%"", ""dew_point"": ""27° C"", ""real_feel"": 46, ""visibility"": ""16km"", ""wind_gusts"": ""15km/h"", ""cloud_cover"": ""43%"", ""cloud_ceiling"": ""9100m"", ""precip_probability"": ""5%"", ""acculumen_brightness"": ""8 (밝음)""}"
52162,2026-08-03T11:07:02.871858+09:00,2026-08-03T12:00:00+09:00,1785726000,2026-08-03T03:00:00+00:00,36,47,41,북북서 6km/h,보통,N/A,8%,"{""max_uv"": ""9.9 (매우 높음)"", ""humidity"": ""61%"", ""dew_point"": ""27° C"", ""real_feel"": 47, ""visibility"": ""16km"", ""wind_gusts"": ""17km/h"", ""cloud_cover"": ""26%"", ""cloud_ceiling"": ""9100m"", ""precip_probability"": ""8%"", ""acculumen_brightness"": ""9 (매우 밝음)""}"
52246,2026-08-03T12:06:48.589830+09:00,2026-08-03T13:00:00+09:00,1785729600,2026-08-03T04:00:00+00:00,37,48,43,서 9km/h,나쁨,N/A,49%,"{""max_uv"": ""9.0 (매우 높음)"", ""humidity"": ""54%"", ""dew_point"": ""27° C"", ""real_feel"": 48, ""visibility"": ""16km"", ""wind_gusts"": ""19km/h"", ""cloud_cover"": ""29%"", ""cloud_ceiling"": ""9100m"", ""precip_probability"": ""49%"", ""acculumen_brightness"": ""9 (매우 밝음)""}"
52329,2026-08-03T13:05:06.596450+09:00,2026-08-03T14:00:00+09:00,1785733200,2026-08-03T05:00:00+00:00,37,44,41,서 11km/h,보통,N/A,58%,"{""비"": ""0.6mm"", ""max_uv"": ""2.8 (보통)"", ""humidity"": ""55%"", ""dew_point"": ""26° C"", ""real_feel"": 44, ""visibility"": ""10km"", ""wind_gusts"": ""20km/h"", ""cloud_cover"": ""70%"", ""cloud_ceiling"": ""1200m"", ""precip_probability"": ""58%"", ""acculumen_brightness"": ""6 (중간)""}"
52411,2026-08-03T14:04:38.410052+09:00,2026-08-03T15:00:00+09:00,1785736800,2026-08-03T06:00:00+00:00,36,42,40,서 11km/h,나쁨,N/A,64%,"{""비"": ""1.9mm"", ""max_uv"": ""1.7 (낮음)"", ""humidity"": ""56%"", ""dew_point"": ""26° C"", ""real_feel"": 42, ""visibility"": ""8km"", ""wind_gusts"": ""22km/h"", ""cloud_cover"": ""70%"", ""cloud_ceiling"": ""1200m"", ""precip_probability"": ""64%"", ""acculumen_brightness"": ""6 (중간)""}"
52492,2026-08-03T15:02:50.838014+09:00,2026-08-03T16:00:00+09:00,1785740400,2026-08-03T07:00:00+00:00,36,44,41,서 11km/h,나쁨,N/A,29%,"{""max_uv"": ""3.0 (보통)"", ""humidity"": ""57%"", ""dew_point"": ""26° C"", ""real_feel"": 44, ""visibility"": ""16km"", ""wind_gusts"": ""22km/h"", ""cloud_cover"": ""34%"", ""cloud_ceiling"": ""9100m"", ""precip_probability"": ""29%"", ""acculumen_brightness"": ""9 (매우 밝음)""}"
52572,2026-08-03T16:07:22.467738+09:00,2026-08-03T17:00:00+09:00,1785744000,2026-08-03T08:00:00+00:00,36,44,41,서북서 11km/h,나쁨,N/A,24%,"{""max_uv"": ""1.9 (낮음)"", ""humidity"": ""58%"", ""dew_point"": ""26° C"", ""real_feel"": 44, ""visibility"": ""16km"", ""wind_gusts"": ""22km/h"", ""cloud_cover"": ""32%"", ""cloud_ceiling"": ""9100m"", ""precip_probability"": ""24%"", ""acculumen_brightness"": ""9 (매우 밝음)""}"
52651,2026-08-03T17:05:31.437615+09:00,2026-08-03T18:00:00+09:00,1785747600,2026-08-03T09:00:00+00:00,35,43,43,서북서 11km/h,나쁨,N/A,49%,"{""max_uv"": ""0.9 (낮음)"", ""humidity"": ""61%"", ""dew_point"": ""26° C"", ""real_feel"": 43, ""visibility"": ""16km"", ""wind_gusts"": ""24km/h"", ""cloud_cover"": ""30%"", ""cloud_ceiling"": ""9100m"", ""precip_probability"": ""49%"", ""acculumen_brightness"": ""5 (중간)""}"
52729,2026-08-03T18:05:10.428912+09:00,2026-08-03T19:00:00+09:00,1785751200,2026-08-03T10:00:00+00:00,34,41,41,서북서 11km/h,나쁨,N/A,0%,"{""max_uv"": ""0.0 (낮음)"", ""humidity"": ""67%"", ""dew_point"": ""27° C"", ""real_feel"": 41, ""visibility"": ""16km"", ""wind_gusts"": ""22km/h"", ""cloud_cover"": ""25%"", ""cloud_ceiling"": ""9100m"", ""precip_probability"": ""0%"", ""acculumen_brightness"": ""0 (어둡게)""}"
52806,2026-08-03T19:03:32.138668+09:00,2026-08-03T20:00:00+09:00,1785754800,2026-08-03T11:00:00+00:00,33,41,,서북서 7km/h,나쁨,N/A,0%,"{""humidity"": ""71%"", ""dew_point"": ""27° C"", ""real_feel"": 41, ""visibility"": ""16km"", ""cloud_cover"": ""14%"", ""cloud_ceiling"": ""9100m"", ""precip_probability"": ""0%"", ""acculumen_brightness"": ""0 (어둡게)""}"
52882,2026-08-03T20:06:01.555744+09:00,2026-08-03T21:00:00+09:00,1785758400,2026-08-03T12:00:00+00:00,32,40,,서북서 6km/h,나쁨,N/A,0%,"{""humidity"": ""77%"", ""dew_point"": ""27° C"", ""real_feel"": 40, ""visibility"": ""16km"", ""cloud_cover"": ""4%"", ""cloud_ceiling"": ""9100m"", ""precip_probability"": ""0%"", ""acculumen_brightness"": ""0 (어둡게)""}"
52957,2026-08-03T21:02:29.526669+09:00,2026-08-03T22:00:00+09:00,1785762000,2026-08-03T13:00:00+00:00,30,39,,북서 6km/h,나쁨,N/A,0%,"{""humidity"": ""83%"", ""dew_point"": ""27° C"", ""real_feel"": 39, ""visibility"": ""16km"", ""cloud_cover"": ""3%"", ""cloud_ceiling"": ""9100m"", ""precip_probability"": ""0%"", ""acculumen_brightness"": ""0 (어둡게)""}"
53031,2026-08-03T22:03:54.974471+09:00,2026-08-03T23:00:00+09:00,1785765600,2026-08-03T14:00:00+00:00,30,39,,북서 6km/h,나쁨,N/A,0%,"{""humidity"": ""84%"", ""dew_point"": ""27° C"", ""real_feel"": 39, ""visibility"": ""16km"", ""cloud_cover"": ""2%"", ""cloud_ceiling"": ""9100m"", ""precip_probability"": ""0%"", ""acculumen_brightness"": ""0 (어둡게)""}"
53104,2026-08-03T23:06:14.694721+09:00,2026-08-04T00:00:00+09:00,1785769200,2026-08-03T15:00:00+00:00,30,39,,북북서 6km/h,나쁨,N/A,0%,"{""humidity"": ""86%"", ""dew_point"": ""27° C"", ""real_feel"": 39, ""visibility"": ""11km"", ""cloud_cover"": ""1%"", ""cloud_ceiling"": ""9100m"", ""precip_probability"": ""0%"", ""acculumen_brightness"": ""0 (어둡게)""}"
53200,2026-08-04T00:03:06.173125+09:00,2026-08-04T01:00:00+09:00,1785772800,2026-08-03T16:00:00+00:00,29,38,,북 6km/h,나쁨,N/A,0%,"{""humidity"": ""88%"", ""dew_point"": ""27° C"", ""real_feel"": 38, ""visibility"": ""11km"", ""cloud_cover"": ""2%"", ""cloud_ceiling"": ""9100m"", ""precip_probability"": ""0%"", ""acculumen_brightness"": ""0 (어둡게)""}"
53295,2026-08-04T01:04:51.964867+09:00,2026-08-04T02:00:00+09:00,1785776400,2026-08-03T17:00:00+00:00,29,38,,동남동 4km/h,나쁨,N/A,0%,"{""humidity"": ""89%"", ""dew_point"": ""27° C"", ""real_feel"": 38, ""visibility"": ""11km"", ""cloud_cover"": ""4%"", ""cloud_ceiling"": ""9100m"", ""precip_probability"": ""0%"", ""acculumen_brightness"": ""0 (어둡게)""}"
53389,2026-08-04T02:05:12.684702+09:00,2026-08-04T03:00:00+09:00,1785780000,2026-08-03T18:00:00+00:00,29,38,,남동 4km/h,나쁨,N/A,0%,"{""humidity"": ""91%"", ""dew_point"": ""27° C"", ""real_feel"": 38, ""visibility"": ""11km"", ""cloud_cover"": ""5%"", ""cloud_ceiling"": ""9100m"", ""precip_probability"": ""0%"", ""acculumen_brightness"": ""0 (어둡게)""}"
53482,2026-08-04T03:07:14.754978+09:00,2026-08-04T04:00:00+09:00,1785783600,2026-08-03T19:00:00+00:00,28,37,,동남동 4km/h,나쁨,N/A,0%,"{""humidity"": ""92%"", ""dew_point"": ""27° C"", ""real_feel"": 37, ""visibility"": ""11km"", ""cloud_cover"": ""3%"", ""cloud_ceiling"": ""9100m"", ""precip_probability"": ""0%"", ""acculumen_brightness"": ""0 (어둡게)""}"
53574,2026-08-04T04:05:10.172444+09:00,2026-08-04T05:00:00+09:00,1785787200,2026-08-03T20:00:00+00:00,28,37,,동 4km/h,나쁨,N/A,0%,"{""humidity"": ""93%"", ""dew_point"": ""27° C"", ""real_feel"": 37, ""visibility"": ""11km"", ""cloud_cover"": ""2%"", ""cloud_ceiling"": ""9100m"", ""precip_probability"": ""0%"", ""acculumen_brightness"": ""0 (어둡게)""}"
53665,2026-08-04T05:05:16.774436+09:00,2026-08-04T06:00:00+09:00,1785790800,2026-08-03T21:00:00+00:00,29,38,38,동 6km/h,나쁨,N/A,0%,"{""max_uv"": ""0.9 (낮음)"", ""humidity"": ""90%"", ""dew_point"": ""27° C"", ""real_feel"": 38, ""visibility"": ""10km"", ""wind_gusts"": ""13km/h"", ""cloud_cover"": ""0%"", ""cloud_ceiling"": ""9100m"", ""precip_probability"": ""0%"", ""acculumen_brightness"": ""6 (중간)""}"
53755,2026-08-04T06:03:43.467361+09:00,2026-08-04T07:00:00+09:00,1785794400,2026-08-03T22:00:00+00:00,30,39,35,동 6km/h,나쁨,N/A,0%,"{""max_uv"": ""1.8 (낮음)"", ""humidity"": ""84%"", ""dew_point"": ""27° C"", ""real_feel"": 39, ""visibility"": ""11km"", ""wind_gusts"": ""13km/h"", ""cloud_cover"": ""0%"", ""cloud_ceiling"": ""9100m"", ""precip_probability"": ""0%"", ""acculumen_brightness"": ""10 (매우 밝음)""}"
53844,2026-08-04T07:05:27.149256+09:00,2026-08-04T08:00:00+09:00,1785798000,2026-08-03T23:00:00+00:00,31,41,37,동 6km/h,보통,N/A,0%,"{""max_uv"": ""3.0 (보통)"", ""humidity"": ""78%"", ""dew_point"": ""27° C"", ""real_feel"": 41, ""visibility"": ""11km"", ""wind_gusts"": ""15km/h"", ""cloud_cover"": ""0%"", ""cloud_ceiling"": ""9100m"", ""precip_probability"": ""0%"", ""acculumen_brightness"": ""10 (매우 밝음)""}"
53932,2026-08-04T08:04:38.021009+09:00,2026-08-04T09:00:00+09:00,1785801600,2026-08-04T00:00:00+00:00,33,43,38,동 6km/h,보통,N/A,0%,"{""max_uv"": ""4.4 (보통)"", ""humidity"": ""70%"", ""dew_point"": ""27° C"", ""real_feel"": 43, ""visibility"": ""16km"", ""wind_gusts"": ""15km/h"", ""cloud_cover"": ""0%"", ""cloud_ceiling"": ""9100m"", ""precip_probability"": ""0%"", ""acculumen_brightness"": ""10 (매우 밝음)""}"
54019,2026-08-04T09:05:33.320422+09:00,2026-08-04T10:00:00+09:00,1785805200,2026-08-04T01:00:00+00:00,34,45,40,동북동 6km/h,나쁨,N/A,0%,"{""max_uv"": ""6.7 (높음)"", ""humidity"": ""64%"", ""dew_point"": ""27° C"", ""real_feel"": 45, ""visibility"": ""16km"", ""wind_gusts"": ""15km/h"", ""cloud_cover"": ""3%"", ""cloud_ceiling"": ""9100m"", ""precip_probability"": ""0%"", ""acculumen_brightness"": ""10 (매우 밝음)""}"
54105,2026-08-04T10:05:57.625052+09:00,2026-08-04T11:00:00+09:00,1785808800,2026-08-04T02:00:00+00:00,36,47,41,북동 6km/h,나쁨,N/A,0%,"{""max_uv"": ""8.9 (매우 높음)"", ""humidity"": ""60%"", ""dew_point"": ""27° C"", ""real_feel"": 47, ""visibility"": ""16km"", ""wind_gusts"": ""15km/h"", ""cloud_cover"": ""6%"", ""cloud_ceiling"": ""9100m"", ""precip_probability"": ""0%"", ""acculumen_brightness"": ""9 (매우 밝음)""}"
54190,2026-08-04T11:02:10.379476+09:00,2026-08-04T12:00:00+09:00,1785812400,2026-08-04T03:00:00+00:00,37,48,42,북북동 7km/h,보통,N/A,2%,"{""max_uv"": ""9.9 (매우 높음)"", ""humidity"": ""57%"", ""dew_point"": ""27° C"", ""real_feel"": 48, ""visibility"": ""16km"", ""wind_gusts"": ""17km/h"", ""cloud_cover"": ""9%"", ""cloud_ceiling"": ""9100m"", ""precip_probability"": ""2%"", ""acculumen_brightness"": ""9 (매우 밝음)""}"
54274,2026-08-04T12:02:40.346657+09:00,2026-08-04T13:00:00+09:00,1785816000,2026-08-04T04:00:00+00:00,37,48,43,북북서 7km/h,보통,N/A,47%,"{""max_uv"": ""8.9 (매우 높음)"", ""humidity"": ""55%"", ""dew_point"": ""27° C"", ""real_feel"": 48, ""visibility"": ""16km"", ""wind_gusts"": ""19km/h"", ""cloud_cover"": ""14%"", ""cloud_ceiling"": ""9100m"", ""precip_probability"": ""47%"", ""acculumen_brightness"": ""9 (매우 밝음)""}"
54357,2026-08-04T13:02:32.920820+09:00,2026-08-04T14:00:00+09:00,1785819600,2026-08-04T05:00:00+00:00,38,47,43,서북서 9km/h,보통,N/A,47%,"{""비"": ""0.2mm"", ""max_uv"": ""3.0 (보통)"", ""humidity"": ""51%"", ""dew_point"": ""27° C"", ""real_feel"": 47, ""visibility"": ""16km"", ""wind_gusts"": ""22km/h"", ""cloud_cover"": ""70%"", ""cloud_ceiling"": ""2100m"", ""precip_probability"": ""47%"", ""acculumen_brightness"": ""6 (중간)""}"
54439,2026-08-04T14:05:27.385303+09:00,2026-08-04T15:00:00+09:00,1785823200,2026-08-04T06:00:00+00:00,38,46,43,서 9km/h,보통,N/A,41%,"{""max_uv"": ""1.9 (낮음)"", ""humidity"": ""53%"", ""dew_point"": ""27° C"", ""real_feel"": 46, ""visibility"": ""10km"", ""wind_gusts"": ""24km/h"", ""cloud_cover"": ""75%"", ""cloud_ceiling"": ""2400m"", ""precip_probability"": ""41%"", ""acculumen_brightness"": ""5 (중간)""}"
54520,2026-08-04T15:06:39.035018+09:00,2026-08-04T16:00:00+09:00,1785826800,2026-08-04T07:00:00+00:00,37,45,42,서북서 9km/h,나쁨,N/A,40%,"{""max_uv"": ""1.3 (낮음)"", ""humidity"": ""56%"", ""dew_point"": ""27° C"", ""real_feel"": 45, ""visibility"": ""16km"", ""wind_gusts"": ""24km/h"", ""cloud_cover"": ""75%"", ""cloud_ceiling"": ""2700m"", ""precip_probability"": ""40%"", ""acculumen_brightness"": ""5 (중간)""}"
54600,2026-08-04T16:02:25.379727+09:00,2026-08-04T17:00:00+09:00,1785830400,2026-08-04T08:00:00+00:00,36,45,42,북서 9km/h,나쁨,N/A,37%,"{""max_uv"": ""1.6 (낮음)"", ""humidity"": ""60%"", ""dew_point"": ""27° C"", ""real_feel"": 45, ""visibility"": ""10km"", ""wind_gusts"": ""24km/h"", ""cloud_cover"": ""70%"", ""cloud_ceiling"": ""9100m"", ""precip_probability"": ""37%"", ""acculumen_brightness"": ""6 (중간)""}"
54679,2026-08-04T17:07:52.450780+09:00,2026-08-04T18:00:00+09:00,1785834000,2026-08-04T09:00:00+00:00,35,44,44,북북서 9km/h,나쁨,N/A,43%,"{""max_uv"": ""0.9 (낮음)"", ""humidity"": ""64%"", ""dew_point"": ""28° C"", ""real_feel"": 44, ""visibility"": ""16km"", ""wind_gusts"": ""24km/h"", ""cloud_cover"": ""42%"", ""cloud_ceiling"": ""9100m"", ""precip_probability"": ""43%"", ""acculumen_brightness"": ""5 (중간)""}"
54757,2026-08-04T18:07:35.593656+09:00,2026-08-04T19:00:00+09:00,1785837600,2026-08-04T10:00:00+00:00,36,45,45,북북동 6km/h,건강에 해로움,N/A,51%,"{""비"": ""0.5mm"", ""max_uv"": ""0.0 (낮음)"", ""humidity"": ""62%"", ""dew_point"": ""28° C"", ""real_feel"": 45, ""visibility"": ""16km"", ""wind_gusts"": ""13km/h"", ""cloud_cover"": ""69%"", ""cloud_ceiling"": ""2700m"", ""precip_probability"": ""51%"", ""acculumen_brightness"": ""0 (어둡게)""}"
54834,2026-08-04T19:07:05.150332+09:00,2026-08-04T20:00:00+09:00,1785841200,2026-08-04T11:00:00+00:00,35,45,,북동 4km/h,나쁨,N/A,47%,"{""비"": ""0.1mm"", ""humidity"": ""66%"", ""dew_point"": ""28° C"", ""real_feel"": 45, ""visibility"": ""11km"", ""cloud_cover"": ""50%"", ""cloud_ceiling"": ""3000m"", ""precip_probability"": ""47%"", ""acculumen_brightness"": ""0 (어둡게)""}"
54910,2026-08-04T20:04:52.915254+09:00,2026-08-04T21:00:00+09:00,1785844800,2026-08-04T12:00:00+00:00,34,43,,동 4km/h,나쁨,N/A,51%,"{""비"": ""0.3mm"", ""humidity"": ""69%"", ""dew_point"": ""28° C"", ""real_feel"": 43, ""visibility"": ""11km"", ""cloud_cover"": ""56%"", ""cloud_ceiling"": ""3000m"", ""precip_probability"": ""51%"", ""acculumen_brightness"": ""0 (어둡게)""}"
54985,2026-08-04T21:03:08.374725+09:00,2026-08-04T22:00:00+09:00,1785848400,2026-08-04T13:00:00+00:00,33,42,,동 4km/h,나쁨,N/A,40%,"{""humidity"": ""73%"", ""dew_point"": ""27° C"", ""real_feel"": 42, ""visibility"": ""11km"", ""cloud_cover"": ""91%"", ""cloud_ceiling"": ""6100m"", ""precip_probability"": ""40%"", ""acculumen_brightness"": ""0 (어둡게)""}"
55059,2026-08-04T22:02:11.613666+09:00,2026-08-04T23:00:00+09:00,1785852000,2026-08-04T14:00:00+00:00,31,40,,동남동 4km/h,보통,N/A,34%,"{""humidity"": ""77%"", ""dew_point"": ""27° C"", ""real_feel"": 40, ""visibility"": ""10km"", ""cloud_cover"": ""13%"", ""cloud_ceiling"": ""9100m"", ""precip_probability"": ""34%"", ""acculumen_brightness"": ""0 (어둡게)""}"
55132,2026-08-04T23:04:31.676797+09:00,2026-08-05T00:00:00+09:00,1785855600,2026-08-04T15:00:00+00:00,30,38,,동남동 4km/h,나쁨,N/A,41%,"{""humidity"": ""77%"", ""dew_point"": ""26° C"", ""real_feel"": 38, ""visibility"": ""10km"", ""cloud_cover"": ""97%"", ""cloud_ceiling"": ""2100m"", ""precip_probability"": ""41%"", ""acculumen_brightness"": ""0 (어둡게)""}"
55228,2026-08-05T00:07:51.348219+09:00,2026-08-05T01:00:00+09:00,1785859200,2026-08-04T16:00:00+00:00,30,38,,동남동 4km/h,나쁨,N/A,16%,"{""humidity"": ""78%"", ""dew_point"": ""26° C"", ""real_feel"": 38, ""visibility"": ""10km"", ""cloud_cover"": ""13%"", ""cloud_ceiling"": ""9100m"", ""precip_probability"": ""16%"", ""acculumen_brightness"": ""0 (어둡게)""}"
55323,2026-08-05T01:03:14.181186+09:00,2026-08-05T02:00:00+09:00,1785862800,2026-08-04T17:00:00+00:00,30,36,,동남동 6km/h,나쁨,N/A,45%,"{""humidity"": ""79%"", ""dew_point"": ""26° C"", ""real_feel"": 36, ""visibility"": ""10km"", ""cloud_cover"": ""99%"", ""cloud_ceiling"": ""3000m"", ""precip_probability"": ""45%"", ""acculumen_brightness"": ""0 (어둡게)""}"
55417,2026-08-05T02:05:00.927594+09:00,2026-08-05T03:00:00+09:00,1785866400,2026-08-04T18:00:00+00:00,29,36,,동남동 6km/h,나쁨,N/A,44%,"{""humidity"": ""81%"", ""dew_point"": ""26° C"", ""real_feel"": 36, ""visibility"": ""10km"", ""cloud_cover"": ""86%"", ""cloud_ceiling"": ""6100m"", ""precip_probability"": ""44%"", ""acculumen_brightness"": ""0 (어둡게)""}"
55510,2026-08-05T03:02:09.752308+09:00,2026-08-05T04:00:00+09:00,1785870000,2026-08-04T19:00:00+00:00,29,36,,남동 6km/h,나쁨,N/A,32%,"{""humidity"": ""83%"", ""dew_point"": ""26° C"", ""real_feel"": 36, ""visibility"": ""10km"", ""cloud_cover"": ""7%"", ""cloud_ceiling"": ""9100m"", ""precip_probability"": ""32%"", ""acculumen_brightness"": ""0 (어둡게)""}"
55602,2026-08-05T04:02:55.747416+09:00,2026-08-05T05:00:00+09:00,1785873600,2026-08-04T20:00:00+00:00,28,36,,남동 6km/h,나쁨,N/A,32%,"{""humidity"": ""84%"", ""dew_point"": ""25° C"", ""real_feel"": 36, ""visibility"": ""10km"", ""cloud_cover"": ""5%"", ""cloud_ceiling"": ""9100m"", ""precip_probability"": ""32%"", ""acculumen_brightness"": ""0 (어둡게)""}"
55693,2026-08-05T05:02:52.518398+09:00,2026-08-05T06:00:00+09:00,1785877200,2026-08-04T21:00:00+00:00,28,35,35,남동 4km/h,나쁨,N/A,28%,"{""max_uv"": ""0.8 (낮음)"", ""humidity"": ""83%"", ""dew_point"": ""25° C"", ""real_feel"": 35, ""visibility"": ""10km"", ""wind_gusts"": ""11km/h"", ""cloud_cover"": ""4%"", ""cloud_ceiling"": ""9100m"", ""precip_probability"": ""28%"", ""acculumen_brightness"": ""6 (중간)""}"
55783,2026-08-05T06:02:37.112449+09:00,2026-08-05T07:00:00+09:00,1785880800,2026-08-04T22:00:00+00:00,29,38,34,동남동 4km/h,나쁨,N/A,20%,"{""max_uv"": ""1.8 (낮음)"", ""humidity"": ""78%"", ""dew_point"": ""25° C"", ""real_feel"": 38, ""visibility"": ""10km"", ""wind_gusts"": ""9km/h"", ""cloud_cover"": ""5%"", ""cloud_ceiling"": ""9100m"", ""precip_probability"": ""20%"", ""acculumen_brightness"": ""9 (매우 밝음)""}"
55872,2026-08-05T07:05:01.201133+09:00,2026-08-05T08:00:00+09:00,1785884400,2026-08-04T23:00:00+00:00,30,39,35,동남동 4km/h,나쁨,N/A,20%,"{""max_uv"": ""3.0 (보통)"", ""humidity"": ""72%"", ""dew_point"": ""25° C"", ""real_feel"": 39, ""visibility"": ""11km"", ""wind_gusts"": ""7km/h"", ""cloud_cover"": ""7%"", ""cloud_ceiling"": ""9100m"", ""precip_probability"": ""20%"", ""acculumen_brightness"": ""9 (매우 밝음)""}"
55960,2026-08-05T08:07:41.292949+09:00,2026-08-05T09:00:00+09:00,1785888000,2026-08-05T00:00:00+00:00,32,41,36,동 4km/h,나쁨,N/A,20%,"{""max_uv"": ""4.4 (보통)"", ""humidity"": ""66%"", ""dew_point"": ""24° C"", ""real_feel"": 41, ""visibility"": ""16km"", ""wind_gusts"": ""7km/h"", ""cloud_cover"": ""9%"", ""cloud_ceiling"": ""9100m"", ""precip_probability"": ""20%"", ""acculumen_brightness"": ""9 (매우 밝음)""}"
56047,2026-08-05T09:06:00.627419+09:00,2026-08-05T10:00:00+09:00,1785891600,2026-08-05T01:00:00+00:00,33,43,37,동북동 2km/h,나쁨,N/A,20%,"{""max_uv"": ""6.6 (높음)"", ""humidity"": ""60%"", ""dew_point"": ""24° C"", ""real_feel"": 43, ""visibility"": ""16km"", ""wind_gusts"": ""6km/h"", ""cloud_cover"": ""14%"", ""cloud_ceiling"": ""9100m"", ""precip_probability"": ""20%"", ""acculumen_brightness"": ""9 (매우 밝음)""}"
56133,2026-08-05T10:05:31.658899+09:00,2026-08-05T11:00:00+09:00,1785895200,2026-08-05T02:00:00+00:00,34,43,38,북북동 4km/h,보통,N/A,20%,"{""max_uv"": ""4.5 (보통)"", ""humidity"": ""56%"", ""dew_point"": ""24° C"", ""real_feel"": 43, ""visibility"": ""10km"", ""wind_gusts"": ""7km/h"", ""cloud_cover"": ""70%"", ""cloud_ceiling"": ""2100m"", ""precip_probability"": ""20%"", ""acculumen_brightness"": ""6 (중간)""}"
56218,2026-08-05T11:06:00.882494+09:00,2026-08-05T12:00:00+09:00,1785898800,2026-08-05T03:00:00+00:00,35,45,39,북북동 4km/h,보통,N/A,25%,"{""max_uv"": ""9.8 (매우 높음)"", ""humidity"": ""53%"", ""dew_point"": ""24° C"", ""real_feel"": 45, ""visibility"": ""16km"", ""wind_gusts"": ""9km/h"", ""cloud_cover"": ""24%"", ""cloud_ceiling"": ""9100m"", ""precip_probability"": ""25%"", ""acculumen_brightness"": ""9 (매우 밝음)""}"
56302,2026-08-05T12:07:52.946441+09:00,2026-08-05T13:00:00+09:00,1785902400,2026-08-05T04:00:00+00:00,35,45,40,북북동 4km/h,보통,N/A,49%,"{""max_uv"": ""8.9 (매우 높음)"", ""humidity"": ""51%"", ""dew_point"": ""24° C"", ""real_feel"": 45, ""visibility"": ""16km"", ""wind_gusts"": ""11km/h"", ""cloud_cover"": ""25%"", ""cloud_ceiling"": ""9100m"", ""precip_probability"": ""49%"", ""acculumen_brightness"": ""9 (매우 밝음)""}"
56385,2026-08-05T13:05:35.457640+09:00,2026-08-05T14:00:00+09:00,1785906000,2026-08-05T05:00:00+00:00,36,42,39,북북동 6km/h,보통,N/A,51%,"{""비"": ""0.6mm"", ""max_uv"": ""2.8 (보통)"", ""humidity"": ""49%"", ""dew_point"": ""24° C"", ""real_feel"": 42, ""visibility"": ""10km"", ""wind_gusts"": ""13km/h"", ""cloud_cover"": ""70%"", ""cloud_ceiling"": ""1200m"", ""precip_probability"": ""51%"", ""acculumen_brightness"": ""6 (중간)""}"
56467,2026-08-05T14:07:54.392603+09:00,2026-08-05T15:00:00+09:00,1785909600,2026-08-05T06:00:00+00:00,35,42,39,북북동 6km/h,나쁨,N/A,55%,"{""비"": ""1.2mm"", ""max_uv"": ""1.9 (낮음)"", ""humidity"": ""54%"", ""dew_point"": ""25° C"", ""real_feel"": 42, ""visibility"": ""10km"", ""wind_gusts"": ""13km/h"", ""cloud_cover"": ""70%"", ""cloud_ceiling"": ""1200m"", ""precip_probability"": ""55%"", ""acculumen_brightness"": ""6 (중간)""}"
56548,2026-08-05T15:03:17.474565+09:00,2026-08-05T16:00:00+09:00,1785913200,2026-08-05T07:00:00+00:00,35,43,40,북북동 6km/h,나쁨,N/A,24%,"{""max_uv"": ""3.0 (보통)"", ""humidity"": ""53%"", ""dew_point"": ""24° C"", ""real_feel"": 43, ""visibility"": ""16km"", ""wind_gusts"": ""15km/h"", ""cloud_cover"": ""26%"", ""cloud_ceiling"": ""9100m"", ""precip_probability"": ""24%"", ""acculumen_brightness"": ""9 (매우 밝음)""}"
56628,2026-08-05T16:03:59.102783+09:00,2026-08-05T17:00:00+09:00,1785916800,2026-08-05T08:00:00+00:00,35,42,40,북동 6km/h,나쁨,N/A,19%,"{""max_uv"": ""1.8 (낮음)"", ""humidity"": ""54%"", ""dew_point"": ""25° C"", ""real_feel"": 42, ""visibility"": ""16km"", ""wind_gusts"": ""15km/h"", ""cloud_cover"": ""24%"", ""cloud_ceiling"": ""9100m"", ""precip_probability"": ""19%"", ""acculumen_brightness"": ""9 (매우 밝음)""}"
56707,2026-08-05T17:03:02.035942+09:00,2026-08-05T18:00:00+09:00,1785920400,2026-08-05T09:00:00+00:00,35,42,42,북동 6km/h,나쁨,N/A,14%,"{""max_uv"": ""0.8 (낮음)"", ""humidity"": ""57%"", ""dew_point"": ""25° C"", ""real_feel"": 42, ""visibility"": ""16km"", ""wind_gusts"": ""15km/h"", ""cloud_cover"": ""21%"", ""cloud_ceiling"": ""9100m"", ""precip_probability"": ""14%"", ""acculumen_brightness"": ""5 (중간)""}"
56785,2026-08-05T18:07:28.641354+09:00,2026-08-05T19:00:00+09:00,1785924000,2026-08-05T10:00:00+00:00,35,42,42,서남서 9km/h,나쁨,N/A,8%,"{""max_uv"": ""0.0 (낮음)"", ""humidity"": ""62%"", ""dew_point"": ""26° C"", ""real_feel"": 42, ""visibility"": ""16km"", ""wind_gusts"": ""22km/h"", ""cloud_cover"": ""31%"", ""cloud_ceiling"": ""9100m"", ""precip_probability"": ""8%"", ""acculumen_brightness"": ""0 (어둡게)""}"
56862,2026-08-05T19:02:30.912522+09:00,2026-08-05T20:00:00+09:00,1785927600,2026-08-05T11:00:00+00:00,33,42,,남서 7km/h,나쁨,N/A,5%,"{""humidity"": ""70%"", ""dew_point"": ""27° C"", ""real_feel"": 42, ""visibility"": ""11km"", ""cloud_cover"": ""17%"", ""cloud_ceiling"": ""9100m"", ""precip_probability"": ""5%"", ""acculumen_brightness"": ""0 (어둡게)""}"
56938,2026-08-05T20:04:13.492840+09:00,2026-08-05T21:00:00+09:00,1785931200,2026-08-05T12:00:00+00:00,32,42,,남서 7km/h,나쁨,N/A,5%,"{""humidity"": ""77%"", ""dew_point"": ""28° C"", ""real_feel"": 42, ""visibility"": ""11km"", ""cloud_cover"": ""3%"", ""cloud_ceiling"": ""9100m"", ""precip_probability"": ""5%"", ""acculumen_brightness"": ""0 (어둡게)""}"
57013,2026-08-05T21:02:28.629058+09:00,2026-08-05T22:00:00+09:00,1785934800,2026-08-05T13:00:00+00:00,31,41,,남서 6km/h,나쁨,N/A,5%,"{""humidity"": ""82%"", ""dew_point"": ""28° C"", ""real_feel"": 41, ""visibility"": ""11km"", ""cloud_cover"": ""2%"", ""cloud_ceiling"": ""9100m"", ""precip_probability"": ""5%"", ""acculumen_brightness"": ""0 (어둡게)""}"
57087,2026-08-05T22:07:33.607362+09:00,2026-08-05T23:00:00+09:00,1785938400,2026-08-05T14:00:00+00:00,30,40,,남남서 6km/h,나쁨,N/A,5%,"{""humidity"": ""86%"", ""dew_point"": ""28° C"", ""real_feel"": 40, ""visibility"": ""11km"", ""cloud_cover"": ""1%"", ""cloud_ceiling"": ""9100m"", ""precip_probability"": ""5%"", ""acculumen_brightness"": ""0 (어둡게)""}"
57160,2026-08-05T23:03:26.350971+09:00,2026-08-06T00:00:00+09:00,1785942000,2026-08-05T15:00:00+00:00,30,40,,남남동 4km/h,나쁨,N/A,3%,"{""humidity"": ""88%"", ""dew_point"": ""28° C"", ""real_feel"": 40, ""visibility"": ""11km"", ""cloud_cover"": ""0%"", ""cloud_ceiling"": ""9100m"", ""precip_probability"": ""3%"", ""acculumen_brightness"": ""0 (어둡게)""}"
57256,2026-08-06T00:02:20.295750+09:00,2026-08-06T01:00:00+09:00,1785945600,2026-08-05T16:00:00+00:00,29,39,,남동 4km/h,나쁨,N/A,0%,"{""humidity"": ""88%"", ""dew_point"": ""27° C"", ""real_feel"": 39, ""visibility"": ""11km"", ""cloud_cover"": ""3%"", ""cloud_ceiling"": ""9100m"", ""precip_probability"": ""0%"", ""acculumen_brightness"": ""0 (어둡게)""}"
57351,2026-08-06T01:04:25.803303+09:00,2026-08-06T02:00:00+09:00,1785949200,2026-08-05T17:00:00+00:00,29,38,,남동 6km/h,나쁨,N/A,0%,"{""humidity"": ""89%"", ""dew_point"": ""27° C"", ""real_feel"": 38, ""visibility"": ""11km"", ""cloud_cover"": ""6%"", ""cloud_ceiling"": ""9100m"", ""precip_probability"": ""0%"", ""acculumen_brightness"": ""0 (어둡게)""}"
57445,2026-08-06T02:06:40.837469+09:00,2026-08-06T03:00:00+09:00,1785952800,2026-08-05T18:00:00+00:00,29,37,,남동 6km/h,나쁨,N/A,0%,"{""humidity"": ""89%"", ""dew_point"": ""27° C"", ""real_feel"": 37, ""visibility"": ""16km"", ""cloud_cover"": ""9%"", ""cloud_ceiling"": ""9100m"", ""precip_probability"": ""0%"", ""acculumen_brightness"": ""0 (어둡게)""}"
57538,2026-08-06T03:04:51.131027+09:00,2026-08-06T04:00:00+09:00,1785956400,2026-08-05T19:00:00+00:00,28,36,,남동 6km/h,나쁨,N/A,0%,"{""humidity"": ""89%"", ""dew_point"": ""26° C"", ""real_feel"": 36, ""visibility"": ""16km"", ""cloud_cover"": ""6%"", ""cloud_ceiling"": ""9100m"", ""precip_probability"": ""0%"", ""acculumen_brightness"": ""0 (어둡게)""}"
57630,2026-08-06T04:02:17.421076+09:00,2026-08-06T05:00:00+09:00,1785960000,2026-08-05T20:00:00+00:00,28,36,,동남동 6km/h,보통,N/A,0%,"{""humidity"": ""93%"", ""dew_point"": ""27° C"", ""real_feel"": 36, ""visibility"": ""16km"", ""cloud_cover"": ""3%"", ""cloud_ceiling"": ""9100m"", ""precip_probability"": ""0%"", ""acculumen_brightness"": ""0 (어둡게)""}"
57721,2026-08-06T05:02:12.626349+09:00,2026-08-06T06:00:00+09:00,1785963600,2026-08-05T21:00:00+00:00,28,36,36,동 6km/h,보통,N/A,0%,"{""max_uv"": ""0.8 (낮음)"", ""humidity"": ""94%"", ""dew_point"": ""26° C"", ""real_feel"": 36, ""visibility"": ""16km"", ""wind_gusts"": ""13km/h"", ""cloud_cover"": ""0%"", ""cloud_ceiling"": ""9100m"", ""precip_probability"": ""0%"", ""acculumen_brightness"": ""6 (중간)""}"
57811,2026-08-06T06:06:15.007166+09:00,2026-08-06T07:00:00+09:00,1785967200,2026-08-05T22:00:00+00:00,29,38,34,동 6km/h,보통,N/A,0%,"{""max_uv"": ""1.8 (낮음)"", ""humidity"": ""87%"", ""dew_point"": ""26° C"", ""real_feel"": 38, ""visibility"": ""16km"", ""wind_gusts"": ""15km/h"", ""cloud_cover"": ""0%"", ""cloud_ceiling"": ""9100m"", ""precip_probability"": ""0%"", ""acculumen_brightness"": ""10 (매우 밝음)""}"
57900,2026-08-06T07:06:01.051694+09:00,2026-08-06T08:00:00+09:00,1785970800,2026-08-05T23:00:00+00:00,30,40,36,동 6km/h,보통,N/A,0%,"{""max_uv"": ""3.0 (보통)"", ""humidity"": ""77%"", ""dew_point"": ""26° C"", ""real_feel"": 40, ""visibility"": ""16km"", ""wind_gusts"": ""15km/h"", ""cloud_cover"": ""0%"", ""cloud_ceiling"": ""9100m"", ""precip_probability"": ""0%"", ""acculumen_brightness"": ""10 (매우 밝음)""}"
57988,2026-08-06T08:03:41.222965+09:00,2026-08-06T09:00:00+09:00,1785974400,2026-08-06T00:00:00+00:00,32,42,37,동 7km/h,보통,N/A,0%,"{""max_uv"": ""4.4 (보통)"", ""humidity"": ""70%"", ""dew_point"": ""26° C"", ""real_feel"": 42, ""visibility"": ""16km"", ""wind_gusts"": ""17km/h"", ""cloud_cover"": ""0%"", ""cloud_ceiling"": ""9100m"", ""precip_probability"": ""0%"", ""acculumen_brightness"": ""10 (매우 밝음)""}"
58075,2026-08-06T09:02:14.626635+09:00,2026-08-06T10:00:00+09:00,1785978000,2026-08-06T01:00:00+00:00,34,44,39,동북동 6km/h,보통,N/A,0%,"{""max_uv"": ""6.6 (높음)"", ""humidity"": ""63%"", ""dew_point"": ""26° C"", ""real_feel"": 44, ""visibility"": ""16km"", ""wind_gusts"": ""17km/h"", ""cloud_cover"": ""0%"", ""cloud_ceiling"": ""9100m"", ""precip_probability"": ""0%"", ""acculumen_brightness"": ""10 (매우 밝음)""}"
58161,2026-08-06T10:03:54.679882+09:00,2026-08-06T11:00:00+09:00,1785981600,2026-08-06T02:00:00+00:00,35,46,40,동북동 6km/h,보통,N/A,0%,"{""max_uv"": ""8.8 (매우 높음)"", ""humidity"": ""56%"", ""dew_point"": ""25° C"", ""real_feel"": 46, ""visibility"": ""16km"", ""wind_gusts"": ""15km/h"", ""cloud_cover"": ""0%"", ""cloud_ceiling"": ""9100m"", ""precip_probability"": ""0%"", ""acculumen_brightness"": ""10 (매우 밝음)""}"
58246,2026-08-06T11:04:32.591655+09:00,2026-08-06T12:00:00+09:00,1785985200,2026-08-06T03:00:00+00:00,36,46,41,동북동 6km/h,보통,N/A,0%,"{""max_uv"": ""9.7 (매우 높음)"", ""humidity"": ""51%"", ""dew_point"": ""25° C"", ""real_feel"": 46, ""visibility"": ""16km"", ""wind_gusts"": ""15km/h"", ""cloud_cover"": ""0%"", ""cloud_ceiling"": ""9100m"", ""precip_probability"": ""0%"", ""acculumen_brightness"": ""10 (매우 밝음)""}"
58330,2026-08-06T12:06:06.069439+09:00,2026-08-06T13:00:00+09:00,1785988800,2026-08-06T04:00:00+00:00,37,47,41,동북동 7km/h,보통,N/A,0%,"{""max_uv"": ""8.8 (매우 높음)"", ""humidity"": ""48%"", ""dew_point"": ""24° C"", ""real_feel"": 47, ""visibility"": ""16km"", ""wind_gusts"": ""17km/h"", ""cloud_cover"": ""2%"", ""cloud_ceiling"": ""9100m"", ""precip_probability"": ""0%"", ""acculumen_brightness"": ""10 (매우 밝음)""}"
58413,2026-08-06T13:06:43.899507+09:00,2026-08-06T14:00:00+09:00,1785992400,2026-08-06T05:00:00+00:00,37,46,42,동남동 7km/h,보통,N/A,0%,"{""max_uv"": ""6.6 (높음)"", ""humidity"": ""47%"", ""dew_point"": ""24° C"", ""real_feel"": 46, ""visibility"": ""16km"", ""wind_gusts"": ""19km/h"", ""cloud_cover"": ""4%"", ""cloud_ceiling"": ""9100m"", ""precip_probability"": ""0%"", ""acculumen_brightness"": ""10 (매우 밝음)""}"
58495,2026-08-06T14:04:54.250436+09:00,2026-08-06T15:00:00+09:00,1785996000,2026-08-06T06:00:00+00:00,38,46,42,남서 7km/h,나쁨,N/A,0%,"{""max_uv"": ""4.4 (보통)"", ""humidity"": ""46%"", ""dew_point"": ""25° C"", ""real_feel"": 46, ""visibility"": ""16km"", ""wind_gusts"": ""19km/h"", ""cloud_cover"": ""6%"", ""cloud_ceiling"": ""9100m"", ""precip_probability"": ""0%"", ""acculumen_brightness"": ""9 (매우 밝음)""}"
58576,2026-08-06T15:04:54.308946+09:00,2026-08-06T16:00:00+09:00,1785999600,2026-08-06T07:00:00+00:00,37,45,42,서남서 9km/h,나쁨,N/A,0%,"{""max_uv"": ""3.0 (보통)"", ""humidity"": ""49%"", ""dew_point"": ""25° C"", ""real_feel"": 45, ""visibility"": ""16km"", ""wind_gusts"": ""24km/h"", ""cloud_cover"": ""15%"", ""cloud_ceiling"": ""9100m"", ""precip_probability"": ""0%"", ""acculumen_brightness"": ""9 (매우 밝음)""}"
58656,2026-08-06T16:05:40.350795+09:00,2026-08-06T17:00:00+09:00,1786003200,2026-08-06T08:00:00+00:00,37,44,41,서남서 11km/h,나쁨,N/A,0%,"{""max_uv"": ""1.8 (낮음)"", ""humidity"": ""53%"", ""dew_point"": ""26° C"", ""real_feel"": 44, ""visibility"": ""16km"", ""wind_gusts"": ""22km/h"", ""cloud_cover"": ""24%"", ""cloud_ceiling"": ""9100m"", ""precip_probability"": ""0%"", ""acculumen_brightness"": ""9 (매우 밝음)""}"
58735,2026-08-06T17:07:24.609823+09:00,2026-08-06T18:00:00+09:00,1786006800,2026-08-06T09:00:00+00:00,35,43,43,서남서 11km/h,나쁨,N/A,0%,"{""max_uv"": ""0.8 (낮음)"", ""humidity"": ""58%"", ""dew_point"": ""26° C"", ""real_feel"": 43, ""visibility"": ""16km"", ""wind_gusts"": ""24km/h"", ""cloud_cover"": ""32%"", ""cloud_ceiling"": ""9100m"", ""precip_probability"": ""0%"", ""acculumen_brightness"": ""5 (중간)""}"
58813,2026-08-06T18:07:32.808500+09:00,2026-08-06T19:00:00+09:00,1786010400,2026-08-06T10:00:00+00:00,34,42,42,서남서 9km/h,나쁨,N/A,0%,"{""max_uv"": ""0.0 (낮음)"", ""humidity"": ""62%"", ""dew_point"": ""26° C"", ""real_feel"": 42, ""visibility"": ""16km"", ""wind_gusts"": ""20km/h"", ""cloud_cover"": ""26%"", ""cloud_ceiling"": ""9100m"", ""precip_probability"": ""0%"", ""acculumen_brightness"": ""0 (어둡게)""}"
58890,2026-08-06T19:07:15.109298+09:00,2026-08-06T20:00:00+09:00,1786014000,2026-08-06T11:00:00+00:00,33,41,,서 7km/h,나쁨,N/A,0%,"{""humidity"": ""67%"", ""dew_point"": ""27° C"", ""real_feel"": 41, ""visibility"": ""16km"", ""cloud_cover"": ""13%"", ""cloud_ceiling"": ""9100m"", ""precip_probability"": ""0%"", ""acculumen_brightness"": ""0 (어둡게)""}"
58966,2026-08-06T20:07:37.678869+09:00,2026-08-06T21:00:00+09:00,1786017600,2026-08-06T12:00:00+00:00,32,40,,서 6km/h,나쁨,N/A,0%,"{""humidity"": ""72%"", ""dew_point"": ""27° C"", ""real_feel"": 40, ""visibility"": ""16km"", ""cloud_cover"": ""0%"", ""cloud_ceiling"": ""9100m"", ""precip_probability"": ""0%"", ""acculumen_brightness"": ""0 (어둡게)""}"
59041,2026-08-06T21:05:19.421403+09:00,2026-08-06T22:00:00+09:00,1786021200,2026-08-06T13:00:00+00:00,31,40,,서 6km/h,나쁨,N/A,0%,"{""humidity"": ""76%"", ""dew_point"": ""27° C"", ""real_feel"": 40, ""visibility"": ""16km"", ""cloud_cover"": ""1%"", ""cloud_ceiling"": ""9100m"", ""precip_probability"": ""0%"", ""acculumen_brightness"": ""0 (어둡게)""}"
59115,2026-08-06T22:05:54.177912+09:00,2026-08-06T23:00:00+09:00,1786024800,2026-08-06T14:00:00+00:00,30,39,,서남서 4km/h,보통,N/A,0%,"{""humidity"": ""83%"", ""dew_point"": ""27° C"", ""real_feel"": 39, ""visibility"": ""16km"", ""cloud_cover"": ""2%"", ""cloud_ceiling"": ""9100m"", ""precip_probability"": ""0%"", ""acculumen_brightness"": ""0 (어둡게)""}"
59188,2026-08-06T23:04:13.015536+09:00,2026-08-07T00:00:00+09:00,1786028400,2026-08-06T15:00:00+00:00,30,39,,서남서 4km/h,나쁨,N/A,0%,"{""humidity"": ""85%"", ""dew_point"": ""27° C"", ""real_feel"": 39, ""visibility"": ""16km"", ""cloud_cover"": ""3%"", ""cloud_ceiling"": ""9100m"", ""precip_probability"": ""0%"", ""acculumen_brightness"": ""0 (어둡게)""}"
59284,2026-08-07T00:05:11.793774+09:00,2026-08-07T01:00:00+09:00,1786032000,2026-08-06T16:00:00+00:00,29,38,,서남서 6km/h,나쁨,N/A,0%,"{""humidity"": ""85%"", ""dew_point"": ""27° C"", ""real_feel"": 38, ""visibility"": ""16km"", ""cloud_cover"": ""2%"", ""cloud_ceiling"": ""9100m"", ""precip_probability"": ""0%"", ""acculumen_brightness"": ""0 (어둡게)""}"
59379,2026-08-07T01:02:53.686009+09:00,2026-08-07T02:00:00+09:00,1786035600,2026-08-06T17:00:00+00:00,29,37,,동 6km/h,나쁨,N/A,0%,"{""humidity"": ""85%"", ""dew_point"": ""26° C"", ""real_feel"": 37, ""visibility"": ""16km"", ""cloud_cover"": ""1%"", ""cloud_ceiling"": ""9100m"", ""precip_probability"": ""0%"", ""acculumen_brightness"": ""0 (어둡게)""}"
59473,2026-08-07T02:03:41.991229+09:00,2026-08-07T03:00:00+09:00,1786039200,2026-08-06T18:00:00+00:00,29,36,,동북동 6km/h,나쁨,N/A,0%,"{""humidity"": ""84%"", ""dew_point"": ""26° C"", ""real_feel"": 36, ""visibility"": ""16km"", ""cloud_cover"": ""0%"", ""cloud_ceiling"": ""9100m"", ""precip_probability"": ""0%"", ""acculumen_brightness"": ""0 (어둡게)""}"
59566,2026-08-07T03:06:41.512209+09:00,2026-08-07T04:00:00+09:00,1786042800,2026-08-06T19:00:00+00:00,29,35,,동 6km/h,나쁨,N/A,0%,"{""humidity"": ""83%"", ""dew_point"": ""25° C"", ""real_feel"": 35, ""visibility"": ""16km"", ""cloud_cover"": ""0%"", ""cloud_ceiling"": ""9100m"", ""precip_probability"": ""0%"", ""acculumen_brightness"": ""0 (어둡게)""}"
59658,2026-08-07T04:05:31.996780+09:00,2026-08-07T05:00:00+09:00,1786046400,2026-08-06T20:00:00+00:00,28,36,,동 6km/h,나쁨,N/A,0%,"{""humidity"": ""88%"", ""dew_point"": ""26° C"", ""real_feel"": 36, ""visibility"": ""16km"", ""cloud_cover"": ""0%"", ""cloud_ceiling"": ""9100m"", ""precip_probability"": ""0%"", ""acculumen_brightness"": ""0 (어둡게)""}"
59749,2026-08-07T05:06:01.052015+09:00,2026-08-07T06:00:00+09:00,1786050000,2026-08-06T21:00:00+00:00,28,36,36,동남동 6km/h,나쁨,N/A,0%,"{""max_uv"": ""0.8 (낮음)"", ""humidity"": ""87%"", ""dew_point"": ""26° C"", ""real_feel"": 36, ""visibility"": ""16km"", ""wind_gusts"": ""13km/h"", ""cloud_cover"": ""0%"", ""cloud_ceiling"": ""9100m"", ""precip_probability"": ""0%"", ""acculumen_brightness"": ""5 (중간)""}"
59839,2026-08-07T06:05:16.143236+09:00,2026-08-07T07:00:00+09:00,1786053600,2026-08-06T22:00:00+00:00,29,37,34,동남동 6km/h,나쁨,N/A,0%,"{""max_uv"": ""1.8 (낮음)"", ""humidity"": ""81%"", ""dew_point"": ""25° C"", ""real_feel"": 37, ""visibility"": ""16km"", ""wind_gusts"": ""15km/h"", ""cloud_cover"": ""0%"", ""cloud_ceiling"": ""9100m"", ""precip_probability"": ""0%"", ""acculumen_brightness"": ""10 (매우 밝음)""}"
59928,2026-08-07T07:02:37.338090+09:00,2026-08-07T08:00:00+09:00,1786057200,2026-08-06T23:00:00+00:00,31,40,36,동 6km/h,나쁨,N/A,0%,"{""max_uv"": ""2.9 (보통)"", ""humidity"": ""73%"", ""dew_point"": ""25° C"", ""real_feel"": 40, ""visibility"": ""16km"", ""wind_gusts"": ""15km/h"", ""cloud_cover"": ""0%"", ""cloud_ceiling"": ""9100m"", ""precip_probability"": ""0%"", ""acculumen_brightness"": ""10 (매우 밝음)""}"
60016,2026-08-07T08:05:46.059278+09:00,2026-08-07T09:00:00+09:00,1786060800,2026-08-07T00:00:00+00:00,33,42,37,동 7km/h,보통,N/A,0%,"{""max_uv"": ""4.4 (보통)"", ""humidity"": ""65%"", ""dew_point"": ""25° C"", ""real_feel"": 42, ""visibility"": ""16km"", ""wind_gusts"": ""17km/h"", ""cloud_cover"": ""0%"", ""cloud_ceiling"": ""9100m"", ""precip_probability"": ""0%"", ""acculumen_brightness"": ""10 (매우 밝음)""}"
60103,2026-08-07T09:07:05.436587+09:00,2026-08-07T10:00:00+09:00,1786064400,2026-08-07T01:00:00+00:00,34,44,39,동 6km/h,보통,N/A,0%,"{""max_uv"": ""6.5 (높음)"", ""humidity"": ""60%"", ""dew_point"": ""25° C"", ""real_feel"": 44, ""visibility"": ""16km"", ""wind_gusts"": ""15km/h"", ""cloud_cover"": ""7%"", ""cloud_ceiling"": ""9100m"", ""precip_probability"": ""0%"", ""acculumen_brightness"": ""9 (매우 밝음)""}"
60189,2026-08-07T10:07:58.453212+09:00,2026-08-07T11:00:00+09:00,1786068000,2026-08-07T02:00:00+00:00,36,46,41,동북동 6km/h,보통,N/A,0%,"{""max_uv"": ""8.7 (매우 높음)"", ""humidity"": ""55%"", ""dew_point"": ""25° C"", ""real_feel"": 46, ""visibility"": ""16km"", ""wind_gusts"": ""11km/h"", ""cloud_cover"": ""14%"", ""cloud_ceiling"": ""9100m"", ""precip_probability"": ""0%"", ""acculumen_brightness"": ""9 (매우 밝음)""}"
60274,2026-08-07T11:02:33.364507+09:00,2026-08-07T12:00:00+09:00,1786071600,2026-08-07T03:00:00+00:00,37,48,42,북동 4km/h,보통,N/A,0%,"{""max_uv"": ""9.7 (매우 높음)"", ""humidity"": ""52%"", ""dew_point"": ""25° C"", ""real_feel"": 48, ""visibility"": ""16km"", ""wind_gusts"": ""9km/h"", ""cloud_cover"": ""21%"", ""cloud_ceiling"": ""9100m"", ""precip_probability"": ""0%"", ""acculumen_brightness"": ""9 (매우 밝음)""}"
60358,2026-08-07T12:04:04.407951+09:00,2026-08-07T13:00:00+09:00,1786075200,2026-08-07T04:00:00+00:00,38,48,43,북 6km/h,보통,N/A,0%,"{""max_uv"": ""8.7 (매우 높음)"", ""humidity"": ""49%"", ""dew_point"": ""25° C"", ""real_feel"": 48, ""visibility"": ""16km"", ""wind_gusts"": ""13km/h"", ""cloud_cover"": ""19%"", ""cloud_ceiling"": ""9100m"", ""precip_probability"": ""0%"", ""acculumen_brightness"": ""9 (매우 밝음)""}"
60441,2026-08-07T13:03:38.900805+09:00,2026-08-07T14:00:00+09:00,1786078800,2026-08-07T05:00:00+00:00,38,48,43,서북서 7km/h,보통,N/A,0%,"{""max_uv"": ""6.5 (높음)"", ""humidity"": ""47%"", ""dew_point"": ""25° C"", ""real_feel"": 48, ""visibility"": ""16km"", ""wind_gusts"": ""19km/h"", ""cloud_cover"": ""16%"", ""cloud_ceiling"": ""9100m"", ""precip_probability"": ""0%"", ""acculumen_brightness"": ""9 (매우 밝음)""}"
60523,2026-08-07T14:03:14.942079+09:00,2026-08-07T15:00:00+09:00,1786082400,2026-08-07T06:00:00+00:00,39,47,43,서북서 7km/h,보통,N/A,0%,"{""max_uv"": ""4.4 (보통)"", ""humidity"": ""45%"", ""dew_point"": ""25° C"", ""real_feel"": 47, ""visibility"": ""16km"", ""wind_gusts"": ""20km/h"", ""cloud_cover"": ""13%"", ""cloud_ceiling"": ""9100m"", ""precip_probability"": ""0%"", ""acculumen_brightness"": ""9 (매우 밝음)""}"
60604,2026-08-07T15:04:39.684873+09:00,2026-08-07T16:00:00+09:00,1786086000,2026-08-07T07:00:00+00:00,38,46,43,서 9km/h,보통,N/A,0%,"{""max_uv"": ""2.9 (보통)"", ""humidity"": ""46%"", ""dew_point"": ""25° C"", ""real_feel"": 46, ""visibility"": ""16km"", ""wind_gusts"": ""22km/h"", ""cloud_cover"": ""16%"", ""cloud_ceiling"": ""9100m"", ""precip_probability"": ""0%"", ""acculumen_brightness"": ""9 (매우 밝음)""}"
60684,2026-08-07T16:05:41.857137+09:00,2026-08-07T17:00:00+09:00,1786089600,2026-08-07T08:00:00+00:00,38,44,42,서 11km/h,보통,N/A,0%,"{""max_uv"": ""1.8 (낮음)"", ""humidity"": ""47%"", ""dew_point"": ""25° C"", ""real_feel"": 44, ""visibility"": ""16km"", ""wind_gusts"": ""26km/h"", ""cloud_cover"": ""19%"", ""cloud_ceiling"": ""9100m"", ""precip_probability"": ""0%"", ""acculumen_brightness"": ""9 (매우 밝음)""}"
60763,2026-08-07T17:07:44.832021+09:00,2026-08-07T18:00:00+09:00,1786093200,2026-08-07T09:00:00+00:00,37,43,43,북서 11km/h,건강에 해로움,N/A,0%,"{""max_uv"": ""0.8 (낮음)"", ""humidity"": ""49%"", ""dew_point"": ""25° C"", ""real_feel"": 43, ""visibility"": ""16km"", ""wind_gusts"": ""24km/h"", ""cloud_cover"": ""22%"", ""cloud_ceiling"": ""9100m"", ""precip_probability"": ""0%"", ""acculumen_brightness"": ""5 (중간)""}"
60841,2026-08-07T18:06:24.039350+09:00,2026-08-07T19:00:00+09:00,1786096800,2026-08-07T10:00:00+00:00,35,40,40,북서 9km/h,건강에 해로움,N/A,0%,"{""max_uv"": ""0.0 (낮음)"", ""humidity"": ""54%"", ""dew_point"": ""25° C"", ""real_feel"": 40, ""visibility"": ""16km"", ""wind_gusts"": ""22km/h"", ""cloud_cover"": ""19%"", ""cloud_ceiling"": ""9100m"", ""precip_probability"": ""0%"", ""acculumen_brightness"": ""0 (어둡게)""}"
60918,2026-08-07T19:06:23.823810+09:00,2026-08-07T20:00:00+09:00,1786100400,2026-08-07T11:00:00+00:00,34,40,,서북서 7km/h,건강에 해로움,N/A,0%,"{""humidity"": ""58%"", ""dew_point"": ""25° C"", ""real_feel"": 40, ""visibility"": ""16km"", ""cloud_cover"": ""10%"", ""cloud_ceiling"": ""9100m"", ""precip_probability"": ""0%"", ""acculumen_brightness"": ""0 (어둡게)""}"
60994,2026-08-07T20:07:05.313188+09:00,2026-08-07T21:00:00+09:00,1786104000,2026-08-07T12:00:00+00:00,33,39,,서북서 7km/h,건강에 해로움,N/A,0%,"{""humidity"": ""63%"", ""dew_point"": ""25° C"", ""real_feel"": 39, ""visibility"": ""16km"", ""cloud_cover"": ""2%"", ""cloud_ceiling"": ""9100m"", ""precip_probability"": ""0%"", ""acculumen_brightness"": ""0 (어둡게)""}"
61069,2026-08-07T21:04:01.720713+09:00,2026-08-07T22:00:00+09:00,1786107600,2026-08-07T13:00:00+00:00,32,39,,북서 7km/h,나쁨,N/A,0%,"{""humidity"": ""67%"", ""dew_point"": ""25° C"", ""real_feel"": 39, ""visibility"": ""16km"", ""cloud_cover"": ""1%"", ""cloud_ceiling"": ""9100m"", ""precip_probability"": ""0%"", ""acculumen_brightness"": ""0 (어둡게)""}"
61143,2026-08-07T22:05:18.426943+09:00,2026-08-07T23:00:00+09:00,1786111200,2026-08-07T14:00:00+00:00,31,38,,북북서 6km/h,나쁨,N/A,0%,"{""humidity"": ""71%"", ""dew_point"": ""26° C"", ""real_feel"": 38, ""visibility"": ""16km"", ""cloud_cover"": ""1%"", ""cloud_ceiling"": ""9100m"", ""precip_probability"": ""0%"", ""acculumen_brightness"": ""0 (어둡게)""}"
61216,2026-08-07T23:04:08.082285+09:00,2026-08-08T00:00:00+09:00,1786114800,2026-08-07T15:00:00+00:00,31,38,,북 6km/h,나쁨,N/A,0%,"{""humidity"": ""75%"", ""dew_point"": ""26° C"", ""real_feel"": 38, ""visibility"": ""16km"", ""cloud_cover"": ""0%"", ""cloud_ceiling"": ""9100m"", ""precip_probability"": ""0%"", ""acculumen_brightness"": ""0 (어둡게)""}"
61312,2026-08-08T00:04:25.316731+09:00,2026-08-08T01:00:00+09:00,1786118400,2026-08-07T16:00:00+00:00,30,37,,북동 6km/h,나쁨,N/A,0%,"{""humidity"": ""77%"", ""dew_point"": ""26° C"", ""real_feel"": 37, ""visibility"": ""16km"", ""cloud_cover"": ""2%"", ""cloud_ceiling"": ""9100m"", ""precip_probability"": ""0%"", ""acculumen_brightness"": ""0 (어둡게)""}"
61407,2026-08-08T01:04:10.095032+09:00,2026-08-08T02:00:00+09:00,1786122000,2026-08-07T17:00:00+00:00,30,37,,동 6km/h,나쁨,N/A,0%,"{""humidity"": ""79%"", ""dew_point"": ""26° C"", ""real_feel"": 37, ""visibility"": ""16km"", ""cloud_cover"": ""5%"", ""cloud_ceiling"": ""9100m"", ""precip_probability"": ""0%"", ""acculumen_brightness"": ""0 (어둡게)""}"
61501,2026-08-08T02:04:17.539968+09:00,2026-08-08T03:00:00+09:00,1786125600,2026-08-07T18:00:00+00:00,29,36,,동남동 6km/h,나쁨,N/A,0%,"{""humidity"": ""80%"", ""dew_point"": ""25° C"", ""real_feel"": 36, ""visibility"": ""16km"", ""cloud_cover"": ""7%"", ""cloud_ceiling"": ""9100m"", ""precip_probability"": ""0%"", ""acculumen_brightness"": ""0 (어둡게)""}"
61594,2026-08-08T03:03:13.679218+09:00,2026-08-08T04:00:00+09:00,1786129200,2026-08-07T19:00:00+00:00,29,36,,동 7km/h,나쁨,N/A,2%,"{""humidity"": ""79%"", ""dew_point"": ""25° C"", ""real_feel"": 36, ""visibility"": ""16km"", ""cloud_cover"": ""5%"", ""cloud_ceiling"": ""9100m"", ""precip_probability"": ""2%"", ""acculumen_brightness"": ""0 (어둡게)""}"
61686,2026-08-08T04:04:31.795687+09:00,2026-08-08T05:00:00+09:00,1786132800,2026-08-07T20:00:00+00:00,29,35,,동북동 7km/h,나쁨,N/A,2%,"{""humidity"": ""79%"", ""dew_point"": ""25° C"", ""real_feel"": 35, ""visibility"": ""16km"", ""cloud_cover"": ""4%"", ""cloud_ceiling"": ""9100m"", ""precip_probability"": ""2%"", ""acculumen_brightness"": ""0 (어둡게)""}"
61777,2026-08-08T05:03:46.269289+09:00,2026-08-08T06:00:00+09:00,1786136400,2026-08-07T21:00:00+00:00,29,35,35,동북동 7km/h,보통,N/A,4%,"{""max_uv"": ""0.8 (낮음)"", ""humidity"": ""78%"", ""dew_point"": ""24° C"", ""real_feel"": 35, ""visibility"": ""16km"", ""wind_gusts"": ""20km/h"", ""cloud_cover"": ""2%"", ""cloud_ceiling"": ""9100m"", ""precip_probability"": ""4%"", ""acculumen_brightness"": ""5 (중간)""}"
61867,2026-08-08T06:05:33.686205+09:00,2026-08-08T07:00:00+09:00,1786140000,2026-08-07T22:00:00+00:00,29,36,34,동북동 9km/h,보통,N/A,7%,"{""max_uv"": ""1.8 (낮음)"", ""humidity"": ""75%"", ""dew_point"": ""24° C"", ""real_feel"": 36, ""visibility"": ""16km"", ""wind_gusts"": ""22km/h"", ""cloud_cover"": ""2%"", ""cloud_ceiling"": ""9100m"", ""precip_probability"": ""7%"", ""acculumen_brightness"": ""10 (매우 밝음)""}"
61956,2026-08-08T07:05:11.688304+09:00,2026-08-08T08:00:00+09:00,1786143600,2026-08-07T23:00:00+00:00,31,38,35,동북동 9km/h,보통,N/A,7%,"{""max_uv"": ""2.9 (보통)"", ""humidity"": ""71%"", ""dew_point"": ""25° C"", ""real_feel"": 38, ""visibility"": ""16km"", ""wind_gusts"": ""24km/h"", ""cloud_cover"": ""3%"", ""cloud_ceiling"": ""9100m"", ""precip_probability"": ""7%"", ""acculumen_brightness"": ""10 (매우 밝음)""}"
62044,2026-08-08T08:06:25.793667+09:00,2026-08-08T09:00:00+09:00,1786147200,2026-08-08T00:00:00+00:00,32,40,37,동 9km/h,보통,N/A,7%,"{""max_uv"": ""4.4 (보통)"", ""humidity"": ""67%"", ""dew_point"": ""25° C"", ""real_feel"": 40, ""visibility"": ""16km"", ""wind_gusts"": ""26km/h"", ""cloud_cover"": ""3%"", ""cloud_ceiling"": ""9100m"", ""precip_probability"": ""7%"", ""acculumen_brightness"": ""10 (매우 밝음)""}"
62131,2026-08-08T09:05:18.270742+09:00,2026-08-08T10:00:00+09:00,1786150800,2026-08-08T01:00:00+00:00,33,42,38,동 11km/h,보통,N/A,7%,"{""max_uv"": ""6.4 (높음)"", ""humidity"": ""61%"", ""dew_point"": ""25° C"", ""real_feel"": 42, ""visibility"": ""16km"", ""wind_gusts"": ""26km/h"", ""cloud_cover"": ""15%"", ""cloud_ceiling"": ""9100m"", ""precip_probability"": ""7%"", ""acculumen_brightness"": ""9 (매우 밝음)""}"
62217,2026-08-08T10:03:07.249313+09:00,2026-08-08T11:00:00+09:00,1786154400,2026-08-08T02:00:00+00:00,35,43,39,동 11km/h,보통,N/A,7%,"{""max_uv"": ""7.4 (높음)"", ""humidity"": ""56%"", ""dew_point"": ""25° C"", ""real_feel"": 43, ""visibility"": ""16km"", ""wind_gusts"": ""28km/h"", ""cloud_cover"": ""70%"", ""cloud_ceiling"": ""9100m"", ""precip_probability"": ""7%"", ""acculumen_brightness"": ""6 (중간)""}"
62302,2026-08-08T11:05:24.352242+09:00,2026-08-08T12:00:00+09:00,1786158000,2026-08-08T03:00:00+00:00,35,44,39,동 11km/h,보통,N/A,10%,"{""max_uv"": ""9.6 (매우 높음)"", ""humidity"": ""53%"", ""dew_point"": ""24° C"", ""real_feel"": 44, ""visibility"": ""16km"", ""wind_gusts"": ""28km/h"", ""cloud_cover"": ""37%"", ""cloud_ceiling"": ""9100m"", ""precip_probability"": ""10%"", ""acculumen_brightness"": ""9 (매우 밝음)""}"
62386,2026-08-08T12:04:49.276998+09:00,2026-08-08T13:00:00+09:00,1786161600,2026-08-08T04:00:00+00:00,36,45,40,동 11km/h,보통,N/A,49%,"{""max_uv"": ""8.7 (매우 높음)"", ""humidity"": ""50%"", ""dew_point"": ""24° C"", ""real_feel"": 45, ""visibility"": ""16km"", ""wind_gusts"": ""30km/h"", ""cloud_cover"": ""39%"", ""cloud_ceiling"": ""9100m"", ""precip_probability"": ""49%"", ""acculumen_brightness"": ""8 (밝음)""}"
62469,2026-08-08T13:07:35.240939+09:00,2026-08-08T14:00:00+09:00,1786165200,2026-08-08T05:00:00+00:00,34,41,39,동북동 13km/h,보통,N/A,61%,"{""비"": ""3.1mm"", ""max_uv"": ""2.2 (낮음)"", ""humidity"": ""62%"", ""dew_point"": ""26° C"", ""real_feel"": 41, ""visibility"": ""6km"", ""wind_gusts"": ""32km/h"", ""cloud_cover"": ""70%"", ""cloud_ceiling"": ""600m"", ""precip_probability"": ""61%"", ""acculumen_brightness"": ""6 (중간)""}"
62551,2026-08-08T14:03:50.073730+09:00,2026-08-08T15:00:00+09:00,1786168800,2026-08-08T06:00:00+00:00,34,39,36,동북동 15km/h,보통,N/A,56%,"{""비"": ""1.5mm"", ""max_uv"": ""4.2 (보통)"", ""humidity"": ""57%"", ""dew_point"": ""24° C"", ""real_feel"": 39, ""visibility"": ""8km"", ""wind_gusts"": ""35km/h"", ""cloud_cover"": ""41%"", ""cloud_ceiling"": ""9100m"", ""precip_probability"": ""56%"", ""acculumen_brightness"": ""8 (밝음)""}"
62632,2026-08-08T15:02:57.530264+09:00,2026-08-08T16:00:00+09:00,1786172400,2026-08-08T07:00:00+00:00,33,38,36,동북동 15km/h,보통,N/A,49%,"{""max_uv"": ""2.9 (보통)"", ""humidity"": ""55%"", ""dew_point"": ""23° C"", ""real_feel"": 38, ""visibility"": ""16km"", ""wind_gusts"": ""37km/h"", ""cloud_cover"": ""36%"", ""cloud_ceiling"": ""9100m"", ""precip_probability"": ""49%"", ""acculumen_brightness"": ""9 (매우 밝음)""}"
62712,2026-08-08T16:04:36.741858+09:00,2026-08-08T17:00:00+09:00,1786176000,2026-08-08T08:00:00+00:00,32,35,35,동북동 15km/h,보통,N/A,64%,"{""비"": ""2.5mm"", ""max_uv"": ""0.6 (낮음)"", ""humidity"": ""66%"", ""dew_point"": ""25° C"", ""real_feel"": 35, ""visibility"": ""6km"", ""wind_gusts"": ""37km/h"", ""cloud_cover"": ""70%"", ""cloud_ceiling"": ""600m"", ""precip_probability"": ""64%"", ""acculumen_brightness"": ""6 (중간)""}"
62791,2026-08-08T17:06:35.480596+09:00,2026-08-08T18:00:00+09:00,1786179600,2026-08-08T09:00:00+00:00,34,35,35,동북동 15km/h,보통,N/A,73%,"{""비"": ""0.5mm"", ""max_uv"": ""0.6 (낮음)"", ""humidity"": ""50%"", ""dew_point"": ""22° C"", ""real_feel"": 35, ""visibility"": ""8km"", ""wind_gusts"": ""37km/h"", ""cloud_cover"": ""70%"", ""cloud_ceiling"": ""9100m"", ""precip_probability"": ""73%"", ""acculumen_brightness"": ""3 (칙칙함)""}"
62869,2026-08-08T18:03:54.108844+09:00,2026-08-08T19:00:00+09:00,1786183200,2026-08-08T10:00:00+00:00,32,35,35,동북동 13km/h,보통,N/A,15%,"{""max_uv"": ""0.0 (낮음)"", ""humidity"": ""57%"", ""dew_point"": ""23° C"", ""real_feel"": 35, ""visibility"": ""16km"", ""wind_gusts"": ""35km/h"", ""cloud_cover"": ""10%"", ""cloud_ceiling"": ""9100m"", ""precip_probability"": ""15%"", ""acculumen_brightness"": ""0 (어둡게)""}"
62946,2026-08-08T19:05:07.704378+09:00,2026-08-08T20:00:00+09:00,1786186800,2026-08-08T11:00:00+00:00,30,33,,동북동 13km/h,보통,N/A,20%,"{""humidity"": ""62%"", ""dew_point"": ""22° C"", ""real_feel"": 33, ""visibility"": ""16km"", ""cloud_cover"": ""7%"", ""cloud_ceiling"": ""9100m"", ""precip_probability"": ""20%"", ""acculumen_brightness"": ""0 (어둡게)""}"
63022,2026-08-08T20:08:03.901902+09:00,2026-08-08T21:00:00+09:00,1786190400,2026-08-08T12:00:00+00:00,29,31,,동북동 13km/h,보통,N/A,20%,"{""humidity"": ""67%"", ""dew_point"": ""22° C"", ""real_feel"": 31, ""visibility"": ""16km"", ""cloud_cover"": ""5%"", ""cloud_ceiling"": ""9100m"", ""precip_probability"": ""20%"", ""acculumen_brightness"": ""0 (어둡게)""}"
63097,2026-08-08T21:04:25.661576+09:00,2026-08-08T22:00:00+09:00,1786194000,2026-08-08T13:00:00+00:00,27,29,,동북동 11km/h,완벽함,N/A,20%,"{""humidity"": ""71%"", ""dew_point"": ""22° C"", ""real_feel"": 29, ""visibility"": ""16km"", ""cloud_cover"": ""10%"", ""cloud_ceiling"": ""9100m"", ""precip_probability"": ""20%"", ""acculumen_brightness"": ""0 (어둡게)""}"
63171,2026-08-08T22:03:40.989567+09:00,2026-08-08T23:00:00+09:00,1786197600,2026-08-08T14:00:00+00:00,26,28,,동북동 11km/h,완벽함,N/A,20%,"{""humidity"": ""73%"", ""dew_point"": ""21° C"", ""real_feel"": 28, ""visibility"": ""16km"", ""cloud_cover"": ""14%"", ""cloud_ceiling"": ""9100m"", ""precip_probability"": ""20%"", ""acculumen_brightness"": ""0 (어둡게)""}"
63244,2026-08-08T23:05:42.108759+09:00,2026-08-09T00:00:00+09:00,1786201200,2026-08-08T15:00:00+00:00,25,27,,동북동 11km/h,완벽함,N/A,14%,"{""dew_point"": ""21° C"", ""real_feel"": 27, ""visibility"": ""16km"", ""cloud_cover"": ""19%"", ""cloud_ceiling"": ""9100m"", ""precip_probability"": ""14%"", ""acculumen_brightness"": ""0 (어둡게)""}"
63340,2026-08-09T00:06:44.700371+09:00,2026-08-09T01:00:00+09:00,1786204800,2026-08-08T16:00:00+00:00,25,26,,동북동 9km/h,완벽함,N/A,1%,"{""dew_point"": ""21° C"", ""real_feel"": 26, ""visibility"": ""16km"", ""cloud_cover"": ""22%"", ""cloud_ceiling"": ""9100m"", ""precip_probability"": ""1%"", ""acculumen_brightness"": ""0 (어둡게)""}"
63435,2026-08-09T01:07:05.278907+09:00,2026-08-09T02:00:00+09:00,1786208400,2026-08-08T17:00:00+00:00,25,26,,동북동 9km/h,보통,N/A,1%,"{""dew_point"": ""20° C"", ""real_feel"": 26, ""visibility"": ""16km"", ""cloud_cover"": ""25%"", ""cloud_ceiling"": ""9100m"", ""precip_probability"": ""1%"", ""acculumen_brightness"": ""0 (어둡게)""}"
63529,2026-08-09T02:04:03.473824+09:00,2026-08-09T03:00:00+09:00,1786212000,2026-08-08T18:00:00+00:00,24,25,,동북동 9km/h,보통,N/A,1%,"{""dew_point"": ""20° C"", ""real_feel"": 25, ""visibility"": ""16km"", ""cloud_cover"": ""28%"", ""cloud_ceiling"": ""9100m"", ""precip_probability"": ""1%"", ""acculumen_brightness"": ""0 (어둡게)""}"
63622,2026-08-09T03:05:57.816433+09:00,2026-08-09T04:00:00+09:00,1786215600,2026-08-08T19:00:00+00:00,24,25,,동북동 7km/h,보통,N/A,1%,"{""dew_point"": ""20° C"", ""real_feel"": 25, ""visibility"": ""16km"", ""cloud_cover"": ""31%"", ""cloud_ceiling"": ""9100m"", ""precip_probability"": ""1%"", ""acculumen_brightness"": ""0 (어둡게)""}"
63714,2026-08-09T04:07:26.681831+09:00,2026-08-09T05:00:00+09:00,1786219200,2026-08-08T20:00:00+00:00,23,24,,동북동 7km/h,보통,N/A,1%,"{""dew_point"": ""20° C"", ""real_feel"": 24, ""visibility"": ""16km"", ""cloud_cover"": ""33%"", ""cloud_ceiling"": ""9100m"", ""precip_probability"": ""1%"", ""acculumen_brightness"": ""0 (어둡게)""}"
63805,2026-08-09T05:06:05.790635+09:00,2026-08-09T06:00:00+09:00,1786222800,2026-08-08T21:00:00+00:00,23,25,25,동북동 7km/h,보통,0,1%,"{""humidity"": ""88%"", ""dew_point"": ""21° C"", ""real_feel"": 25, ""visibility"": ""16km"", ""wind_gusts"": ""19km/h"", ""cloud_cover"": ""36%"", ""cloud_ceiling"": ""9100m"", ""precip_probability"": ""1%"", ""acculumen_brightness"": ""5 (중간)""}"
63895,2026-08-09T06:03:56.676230+09:00,2026-08-09T07:00:00+09:00,1786226400,2026-08-08T22:00:00+00:00,24,27,25,동북동 7km/h,보통,1,0%,"{""humidity"": ""80%"", ""dew_point"": ""20° C"", ""real_feel"": 27, ""visibility"": ""16km"", ""wind_gusts"": ""19km/h"", ""cloud_cover"": ""38%"", ""cloud_ceiling"": ""9100m"", ""precip_probability"": ""0%"", ""acculumen_brightness"": ""9 (매우 밝음)""}"
63984,2026-08-09T07:05:20.483495+09:00,2026-08-09T08:00:00+09:00,1786230000,2026-08-08T23:00:00+00:00,26,30,27,동북동 9km/h,보통,2,0%,"{""humidity"": ""72%"", ""dew_point"": ""20° C"", ""real_feel"": 30, ""visibility"": ""16km"", ""wind_gusts"": ""22km/h"", ""cloud_cover"": ""41%"", ""cloud_ceiling"": ""9100m"", ""precip_probability"": ""0%"", ""acculumen_brightness"": ""8 (밝음)""}"
64072,2026-08-09T08:03:00.439173+09:00,2026-08-09T09:00:00+09:00,1786233600,2026-08-09T00:00:00+00:00,28,32,29,동북동 9km/h,보통,N/A,0%,"{""max_uv"": ""4.3 (보통)"", ""humidity"": ""65%"", ""dew_point"": ""21° C"", ""real_feel"": 32, ""visibility"": ""16km"", ""wind_gusts"": ""26km/h"", ""cloud_cover"": ""44%"", ""cloud_ceiling"": ""9100m"", ""precip_probability"": ""0%"", ""acculumen_brightness"": ""8 (밝음)""}"
64159,2026-08-09T09:03:26.582617+09:00,2026-08-09T10:00:00+09:00,1786237200,2026-08-09T01:00:00+00:00,29,35,31,동북동 11km/h,보통,N/A,0%,"{""max_uv"": ""6.4 (높음)"", ""humidity"": ""60%"", ""dew_point"": ""21° C"", ""real_feel"": 35, ""visibility"": ""16km"", ""wind_gusts"": ""28km/h"", ""cloud_cover"": ""45%"", ""cloud_ceiling"": ""9100m"", ""precip_probability"": ""0%"", ""acculumen_brightness"": ""8 (밝음)""}"
64245,2026-08-09T10:07:38.815559+09:00,2026-08-09T11:00:00+09:00,1786240800,2026-08-09T02:00:00+00:00,31,37,32,동북동 11km/h,보통,N/A,0%,"{""max_uv"": ""8.6 (매우 높음)"", ""humidity"": ""57%"", ""dew_point"": ""22° C"", ""real_feel"": 37, ""visibility"": ""16km"", ""wind_gusts"": ""28km/h"", ""cloud_cover"": ""45%"", ""cloud_ceiling"": ""9100m"", ""precip_probability"": ""0%"", ""acculumen_brightness"": ""8 (밝음)""}"
64330,2026-08-09T11:04:48.845767+09:00,2026-08-09T12:00:00+09:00,1786244400,2026-08-09T03:00:00+00:00,32,39,34,동북동 13km/h,보통,N/A,2%,"{""max_uv"": ""9.5 (매우 높음)"", ""humidity"": ""54%"", ""dew_point"": ""22° C"", ""real_feel"": 39, ""visibility"": ""16km"", ""wind_gusts"": ""32km/h"", ""cloud_cover"": ""45%"", ""cloud_ceiling"": ""9100m"", ""precip_probability"": ""2%"", ""acculumen_brightness"": ""8 (밝음)""}"
64414,2026-08-09T12:05:13.130810+09:00,2026-08-09T13:00:00+09:00,1786248000,2026-08-09T04:00:00+00:00,33,40,35,동북동 13km/h,나쁨,N/A,43%,"{""max_uv"": ""8.3 (매우 높음)"", ""humidity"": ""53%"", ""dew_point"": ""22° C"", ""real_feel"": 40, ""visibility"": ""16km"", ""wind_gusts"": ""33km/h"", ""cloud_cover"": ""62%"", ""cloud_ceiling"": ""9100m"", ""precip_probability"": ""43%"", ""acculumen_brightness"": ""7 (밝음)""}"
64497,2026-08-09T13:04:46.391236+09:00,2026-08-09T14:00:00+09:00,1786251600,2026-08-09T05:00:00+00:00,33,38,36,동 13km/h,보통,N/A,47%,"{""max_uv"": ""4.8 (보통)"", ""humidity"": ""52%"", ""dew_point"": ""22° C"", ""real_feel"": 38, ""visibility"": ""16km"", ""wind_gusts"": ""33km/h"", ""cloud_cover"": ""79%"", ""cloud_ceiling"": ""9100m"", ""precip_probability"": ""47%"", ""acculumen_brightness"": ""4 (칙칙함)""}"
64579,2026-08-09T14:02:33.105005+09:00,2026-08-09T15:00:00+09:00,1786255200,2026-08-09T06:00:00+00:00,34,36,35,동 13km/h,보통,N/A,51%,"{""비"": ""0.4mm"", ""max_uv"": ""1.2 (낮음)"", ""humidity"": ""50%"", ""dew_point"": ""22° C"", ""real_feel"": 36, ""visibility"": ""10km"", ""wind_gusts"": ""33km/h"", ""cloud_cover"": ""96%"", ""cloud_ceiling"": ""2100m"", ""precip_probability"": ""51%"", ""acculumen_brightness"": ""1 (어둡게)""}"
64660,2026-08-09T15:04:59.446265+09:00,2026-08-09T16:00:00+09:00,1786258800,2026-08-09T07:00:00+00:00,33,36,35,동 13km/h,보통,N/A,24%,"{""max_uv"": ""1.4 (낮음)"", ""humidity"": ""53%"", ""dew_point"": ""22° C"", ""real_feel"": 36, ""visibility"": ""16km"", ""wind_gusts"": ""33km/h"", ""cloud_cover"": ""98%"", ""cloud_ceiling"": ""9100m"", ""precip_probability"": ""24%"", ""acculumen_brightness"": ""1 (어둡게)""}"
64740,2026-08-09T16:06:25.972781+09:00,2026-08-09T17:00:00+09:00,1786262400,2026-08-09T08:00:00+00:00,32,35,34,동 15km/h,보통,N/A,19%,"{""max_uv"": ""1.8 (낮음)"", ""humidity"": ""55%"", ""dew_point"": ""22° C"", ""real_feel"": 35, ""visibility"": ""16km"", ""wind_gusts"": ""35km/h"", ""cloud_cover"": ""38%"", ""cloud_ceiling"": ""9100m"", ""precip_probability"": ""19%"", ""acculumen_brightness"": ""9 (매우 밝음)""}"
64819,2026-08-09T17:07:13.377003+09:00,2026-08-09T18:00:00+09:00,1786266000,2026-08-09T09:00:00+00:00,31,33,33,동 15km/h,보통,N/A,15%,"{""max_uv"": ""0.8 (낮음)"", ""humidity"": ""57%"", ""dew_point"": ""22° C"", ""real_feel"": 33, ""visibility"": ""16km"", ""wind_gusts"": ""35km/h"", ""cloud_cover"": ""9%"", ""cloud_ceiling"": ""9100m"", ""precip_probability"": ""15%"", ""acculumen_brightness"": ""5 (중간)""}"
64897,2026-08-09T18:02:44.084200+09:00,2026-08-09T19:00:00+09:00,1786269600,2026-08-09T10:00:00+00:00,29,31,31,동북동 13km/h,보통,N/A,7%,"{""max_uv"": ""0.0 (낮음)"", ""humidity"": ""64%"", ""dew_point"": ""22° C"", ""real_feel"": 31, ""visibility"": ""16km"", ""wind_gusts"": ""33km/h"", ""cloud_cover"": ""99%"", ""cloud_ceiling"": ""9100m"", ""precip_probability"": ""7%"", ""acculumen_brightness"": ""0 (어둡게)""}"
64974,2026-08-09T19:05:01.444795+09:00,2026-08-09T20:00:00+09:00,1786273200,2026-08-09T11:00:00+00:00,28,30,,동북동 13km/h,보통,N/A,7%,"{""humidity"": ""67%"", ""dew_point"": ""22° C"", ""real_feel"": 30, ""visibility"": ""16km"", ""cloud_cover"": ""98%"", ""cloud_ceiling"": ""9100m"", ""precip_probability"": ""7%"", ""acculumen_brightness"": ""0 (어둡게)""}"
65050,2026-08-09T20:05:30.325033+09:00,2026-08-09T21:00:00+09:00,1786276800,2026-08-09T12:00:00+00:00,27,29,,동북동 11km/h,보통,N/A,7%,"{""humidity"": ""71%"", ""dew_point"": ""22° C"", ""real_feel"": 29, ""visibility"": ""16km"", ""cloud_cover"": ""96%"", ""cloud_ceiling"": ""9100m"", ""precip_probability"": ""7%"", ""acculumen_brightness"": ""0 (어둡게)""}"
65125,2026-08-09T21:07:47.335710+09:00,2026-08-09T22:00:00+09:00,1786280400,2026-08-09T13:00:00+00:00,27,29,,동북동 11km/h,보통,N/A,7%,"{""humidity"": ""74%"", ""dew_point"": ""22° C"", ""real_feel"": 29, ""visibility"": ""16km"", ""cloud_cover"": ""96%"", ""cloud_ceiling"": ""9100m"", ""precip_probability"": ""7%"", ""acculumen_brightness"": ""0 (어둡게)""}"
65199,2026-08-09T22:07:35.118850+09:00,2026-08-09T23:00:00+09:00,1786284000,2026-08-09T14:00:00+00:00,26,28,,동북동 9km/h,완벽함,N/A,7%,"{""humidity"": ""75%"", ""dew_point"": ""22° C"", ""real_feel"": 28, ""visibility"": ""16km"", ""cloud_cover"": ""95%"", ""cloud_ceiling"": ""9100m"", ""precip_probability"": ""7%"", ""acculumen_brightness"": ""0 (어둡게)""}"
65272,2026-08-09T23:07:57.779447+09:00,2026-08-10T00:00:00+09:00,1786287600,2026-08-09T15:00:00+00:00,26,28,,동북동 9km/h,완벽함,N/A,5%,"{""humidity"": ""77%"", ""dew_point"": ""22° C"", ""real_feel"": 28, ""visibility"": ""11km"", ""cloud_cover"": ""95%"", ""cloud_ceiling"": ""9100m"", ""precip_probability"": ""5%"", ""acculumen_brightness"": ""0 (어둡게)""}"
65368,2026-08-10T00:03:28.667334+09:00,2026-08-10T01:00:00+09:00,1786291200,2026-08-09T16:00:00+00:00,26,28,,동북동 9km/h,완벽함,N/A,2%,"{""dew_point"": ""22° C"", ""real_feel"": 28, ""visibility"": ""11km"", ""cloud_cover"": ""96%"", ""cloud_ceiling"": ""9100m"", ""precip_probability"": ""2%"", ""acculumen_brightness"": ""0 (어둡게)""}"
65463,2026-08-10T01:06:48.190194+09:00,2026-08-10T02:00:00+09:00,1786294800,2026-08-09T17:00:00+00:00,25,28,,동북동 7km/h,보통,N/A,2%,"{""dew_point"": ""22° C"", ""real_feel"": 28, ""visibility"": ""16km"", ""cloud_cover"": ""98%"", ""cloud_ceiling"": ""9100m"", ""precip_probability"": ""2%"", ""acculumen_brightness"": ""0 (어둡게)""}"
65557,2026-08-10T02:04:52.707987+09:00,2026-08-10T03:00:00+09:00,1786298400,2026-08-09T18:00:00+00:00,25,28,,동북동 7km/h,보통,N/A,2%,"{""dew_point"": ""22° C"", ""real_feel"": 28, ""visibility"": ""16km"", ""cloud_cover"": ""100%"", ""cloud_ceiling"": ""9100m"", ""precip_probability"": ""2%"", ""acculumen_brightness"": ""0 (어둡게)""}"
65650,2026-08-10T03:04:18.134535+09:00,2026-08-10T04:00:00+09:00,1786302000,2026-08-09T19:00:00+00:00,25,27,,동북동 7km/h,보통,N/A,2%,"{""dew_point"": ""22° C"", ""real_feel"": 27, ""visibility"": ""16km"", ""cloud_cover"": ""99%"", ""cloud_ceiling"": ""9100m"", ""precip_probability"": ""2%"", ""acculumen_brightness"": ""0 (어둡게)""}"
65742,2026-08-10T04:03:19.390135+09:00,2026-08-10T05:00:00+09:00,1786305600,2026-08-09T20:00:00+00:00,23,25,,동북동 7km/h,보통,N/A,2%,"{""dew_point"": ""21° C"", ""real_feel"": 25, ""visibility"": ""11km"", ""cloud_cover"": ""99%"", ""cloud_ceiling"": ""9100m"", ""precip_probability"": ""2%"", ""acculumen_brightness"": ""0 (어둡게)""}"
65833,2026-08-10T05:03:41.492944+09:00,2026-08-10T06:00:00+09:00,1786309200,2026-08-09T21:00:00+00:00,23,25,25,동북동 7km/h,보통,0,1%,"{""humidity"": ""85%"", ""dew_point"": ""21° C"", ""real_feel"": 25, ""visibility"": ""11km"", ""wind_gusts"": ""19km/h"", ""cloud_cover"": ""99%"", ""cloud_ceiling"": ""9100m"", ""precip_probability"": ""1%"", ""acculumen_brightness"": ""1 (어둡게)""}"
65923,2026-08-10T06:02:34.930730+09:00,2026-08-10T07:00:00+09:00,1786312800,2026-08-09T22:00:00+00:00,25,28,27,동북동 7km/h,보통,1,0%,"{""humidity"": ""76%"", ""dew_point"": ""21° C"", ""real_feel"": 28, ""visibility"": ""16km"", ""wind_gusts"": ""19km/h"", ""cloud_cover"": ""74%"", ""cloud_ceiling"": ""9100m"", ""precip_probability"": ""0%"", ""acculumen_brightness"": ""5 (중간)""}"
66012,2026-08-10T07:02:16.529471+09:00,2026-08-10T08:00:00+09:00,1786316400,2026-08-09T23:00:00+00:00,26,30,27,동북동 9km/h,보통,2,0%,"{""humidity"": ""72%"", ""dew_point"": ""21° C"", ""real_feel"": 30, ""visibility"": ""16km"", ""wind_gusts"": ""24km/h"", ""cloud_cover"": ""49%"", ""cloud_ceiling"": ""9100m"", ""precip_probability"": ""0%"", ""acculumen_brightness"": ""8 (밝음)""}"
66100,2026-08-10T08:07:45.307867+09:00,2026-08-10T09:00:00+09:00,1786320000,2026-08-10T00:00:00+00:00,28,32,29,동북동 11km/h,보통,N/A,0%,"{""max_uv"": ""4.3 (보통)"", ""humidity"": ""66%"", ""dew_point"": ""21° C"", ""real_feel"": 32, ""visibility"": ""16km"", ""wind_gusts"": ""26km/h"", ""cloud_cover"": ""24%"", ""cloud_ceiling"": ""9100m"", ""precip_probability"": ""0%"", ""acculumen_brightness"": ""9 (매우 밝음)""}"
66187,2026-08-10T09:05:54.779687+09:00,2026-08-10T10:00:00+09:00,1786323600,2026-08-10T01:00:00+00:00,29,35,30,동 9km/h,보통,N/A,0%,"{""max_uv"": ""6.3 (높음)"", ""humidity"": ""61%"", ""dew_point"": ""21° C"", ""real_feel"": 35, ""visibility"": ""16km"", ""wind_gusts"": ""26km/h"", ""cloud_cover"": ""48%"", ""cloud_ceiling"": ""9100m"", ""precip_probability"": ""0%"", ""acculumen_brightness"": ""8 (밝음)""}"
66273,2026-08-10T10:07:52.394910+09:00,2026-08-10T11:00:00+09:00,1786327200,2026-08-10T02:00:00+00:00,30,37,32,동 9km/h,보통,N/A,0%,"{""max_uv"": ""7.2 (높음)"", ""humidity"": ""57%"", ""dew_point"": ""21° C"", ""real_feel"": 37, ""visibility"": ""16km"", ""wind_gusts"": ""26km/h"", ""cloud_cover"": ""71%"", ""cloud_ceiling"": ""9100m"", ""precip_probability"": ""0%"", ""acculumen_brightness"": ""6 (중간)""}"
66358,2026-08-10T11:07:17.323075+09:00,2026-08-10T12:00:00+09:00,1786330800,2026-08-10T03:00:00+00:00,31,37,33,동 9km/h,보통,N/A,3%,"{""max_uv"": ""5.0 (보통)"", ""humidity"": ""55%"", ""dew_point"": ""21° C"", ""real_feel"": 37, ""visibility"": ""16km"", ""wind_gusts"": ""24km/h"", ""cloud_cover"": ""95%"", ""cloud_ceiling"": ""9100m"", ""precip_probability"": ""3%"", ""acculumen_brightness"": ""1 (어둡게)""}"
66442,2026-08-10T12:06:11.927495+09:00,2026-08-10T13:00:00+09:00,1786334400,2026-08-10T04:00:00+00:00,32,38,34,동 9km/h,보통,N/A,7%,"{""max_uv"": ""4.3 (보통)"", ""humidity"": ""53%"", ""dew_point"": ""22° C"", ""real_feel"": 38, ""visibility"": ""16km"", ""wind_gusts"": ""24km/h"", ""cloud_cover"": ""97%"", ""cloud_ceiling"": ""9100m"", ""precip_probability"": ""7%"", ""acculumen_brightness"": ""1 (어둡게)""}"
66525,2026-08-10T13:08:01.702223+09:00,2026-08-10T14:00:00+09:00,1786338000,2026-08-10T05:00:00+00:00,33,38,35,동남동 9km/h,나쁨,N/A,7%,"{""max_uv"": ""3.1 (보통)"", ""humidity"": ""51%"", ""dew_point"": ""22° C"", ""real_feel"": 38, ""visibility"": ""16km"", ""wind_gusts"": ""22km/h"", ""cloud_cover"": ""98%"", ""cloud_ceiling"": ""9100m"", ""precip_probability"": ""7%"", ""acculumen_brightness"": ""1 (어둡게)""}"
66607,2026-08-10T14:05:18.245716+09:00,2026-08-10T15:00:00+09:00,1786341600,2026-08-10T06:00:00+00:00,34,38,36,남동 9km/h,나쁨,N/A,7%,"{""max_uv"": ""2.0 (낮음)"", ""humidity"": ""49%"", ""dew_point"": ""22° C"", ""real_feel"": 38, ""visibility"": ""16km"", ""wind_gusts"": ""22km/h"", ""cloud_cover"": ""100%"", ""cloud_ceiling"": ""9100m"", ""precip_probability"": ""7%"", ""acculumen_brightness"": ""1 (어둡게)""}"
66688,2026-08-10T15:06:25.298340+09:00,2026-08-10T16:00:00+09:00,1786345200,2026-08-10T07:00:00+00:00,34,38,37,남동 9km/h,나쁨,N/A,7%,"{""max_uv"": ""1.3 (낮음)"", ""humidity"": ""48%"", ""dew_point"": ""22° C"", ""real_feel"": 38, ""visibility"": ""16km"", ""wind_gusts"": ""22km/h"", ""cloud_cover"": ""100%"", ""cloud_ceiling"": ""9100m"", ""precip_probability"": ""7%"", ""acculumen_brightness"": ""1 (어둡게)""}"
66768,2026-08-10T16:08:06.577057+09:00,2026-08-10T17:00:00+09:00,1786348800,2026-08-10T08:00:00+00:00,34,37,37,남남동 9km/h,나쁨,N/A,7%,"{""max_uv"": ""0.8 (낮음)"", ""humidity"": ""50%"", ""dew_point"": ""22° C"", ""real_feel"": 37, ""visibility"": ""16km"", ""wind_gusts"": ""24km/h"", ""cloud_cover"": ""100%"", ""cloud_ceiling"": ""9100m"", ""precip_probability"": ""7%"", ""acculumen_brightness"": ""1 (어둡게)""}"
66847,2026-08-10T17:05:02.507263+09:00,2026-08-10T18:00:00+09:00,1786352400,2026-08-10T09:00:00+00:00,33,36,36,남남동 7km/h,보통,N/A,5%,"{""max_uv"": ""0.2 (낮음)"", ""humidity"": ""54%"", ""dew_point"": ""22° C"", ""real_feel"": 36, ""visibility"": ""16km"", ""wind_gusts"": ""20km/h"", ""cloud_cover"": ""100%"", ""cloud_ceiling"": ""1500m"", ""precip_probability"": ""5%"", ""acculumen_brightness"": ""1 (어둡게)""}"
66925,2026-08-10T18:05:58.704719+09:00,2026-08-10T19:00:00+09:00,1786356000,2026-08-10T10:00:00+00:00,32,35,35,남남동 7km/h,보통,N/A,0%,"{""max_uv"": ""0.0 (낮음)"", ""humidity"": ""59%"", ""dew_point"": ""23° C"", ""real_feel"": 35, ""visibility"": ""16km"", ""wind_gusts"": ""20km/h"", ""cloud_cover"": ""100%"", ""cloud_ceiling"": ""9100m"", ""precip_probability"": ""0%"", ""acculumen_brightness"": ""0 (어둡게)""}"
67002,2026-08-10T19:04:18.645085+09:00,2026-08-10T20:00:00+09:00,1786359600,2026-08-10T11:00:00+00:00,31,35,,남남동 7km/h,나쁨,N/A,0%,"{""humidity"": ""63%"", ""dew_point"": ""23° C"", ""real_feel"": 35, ""visibility"": ""16km"", ""cloud_cover"": ""100%"", ""cloud_ceiling"": ""9100m"", ""precip_probability"": ""0%"", ""acculumen_brightness"": ""0 (어둡게)""}"
67078,2026-08-10T20:02:09.117802+09:00,2026-08-10T21:00:00+09:00,1786363200,2026-08-10T12:00:00+00:00,30,34,,남동 7km/h,보통,N/A,0%,"{""humidity"": ""67%"", ""dew_point"": ""23° C"", ""real_feel"": 34, ""visibility"": ""16km"", ""cloud_cover"": ""100%"", ""cloud_ceiling"": ""9100m"", ""precip_probability"": ""0%"", ""acculumen_brightness"": ""0 (어둡게)""}"
67153,2026-08-10T21:06:09.945716+09:00,2026-08-10T22:00:00+09:00,1786366800,2026-08-10T13:00:00+00:00,29,33,,남동 7km/h,보통,N/A,0%,"{""humidity"": ""71%"", ""dew_point"": ""23° C"", ""real_feel"": 33, ""visibility"": ""16km"", ""cloud_cover"": ""100%"", ""cloud_ceiling"": ""9100m"", ""precip_probability"": ""0%"", ""acculumen_brightness"": ""0 (어둡게)""}"
67227,2026-08-10T22:05:32.865566+09:00,2026-08-10T23:00:00+09:00,1786370400,2026-08-10T14:00:00+00:00,28,31,,남동 7km/h,보통,N/A,0%,"{""humidity"": ""74%"", ""dew_point"": ""23° C"", ""real_feel"": 31, ""visibility"": ""11km"", ""cloud_cover"": ""100%"", ""cloud_ceiling"": ""9100m"", ""precip_probability"": ""0%"", ""acculumen_brightness"": ""0 (어둡게)""}"
67300,2026-08-10T23:03:18.890127+09:00,2026-08-11T00:00:00+09:00,1786374000,2026-08-10T15:00:00+00:00,27,30,,동남동 7km/h,보통,N/A,0%,"{""humidity"": ""74%"", ""dew_point"": ""22° C"", ""real_feel"": 30, ""visibility"": ""11km"", ""cloud_cover"": ""100%"", ""cloud_ceiling"": ""9100m"", ""precip_probability"": ""0%"", ""acculumen_brightness"": ""0 (어둡게)""}"
67396,2026-08-11T00:06:56.229443+09:00,2026-08-11T01:00:00+09:00,1786377600,2026-08-10T16:00:00+00:00,27,30,,동남동 7km/h,보통,N/A,0%,"{""humidity"": ""72%"", ""dew_point"": ""22° C"", ""real_feel"": 30, ""visibility"": ""11km"", ""cloud_cover"": ""100%"", ""cloud_ceiling"": ""9100m"", ""precip_probability"": ""0%"", ""acculumen_brightness"": ""0 (어둡게)""}"
67491,2026-08-11T01:06:06.318785+09:00,2026-08-11T02:00:00+09:00,1786381200,2026-08-10T17:00:00+00:00,27,29,,동 7km/h,보통,N/A,0%,"{""humidity"": ""71%"", ""dew_point"": ""21° C"", ""real_feel"": 29, ""visibility"": ""11km"", ""cloud_cover"": ""100%"", ""cloud_ceiling"": ""9100m"", ""precip_probability"": ""0%"", ""acculumen_brightness"": ""0 (어둡게)""}"
67585,2026-08-11T02:03:56.873980+09:00,2026-08-11T03:00:00+09:00,1786384800,2026-08-10T18:00:00+00:00,26,28,,동북동 7km/h,보통,N/A,0%,"{""humidity"": ""72%"", ""dew_point"": ""21° C"", ""real_feel"": 28, ""visibility"": ""11km"", ""cloud_cover"": ""100%"", ""cloud_ceiling"": ""9100m"", ""precip_probability"": ""0%"", ""acculumen_brightness"": ""0 (어둡게)""}"
67678,2026-08-11T03:02:14.538055+09:00,2026-08-11T04:00:00+09:00,1786388400,2026-08-10T19:00:00+00:00,25,27,,동북동 7km/h,완벽함,N/A,0%,"{""dew_point"": ""20° C"", ""real_feel"": 27, ""visibility"": ""11km"", ""cloud_cover"": ""99%"", ""cloud_ceiling"": ""9100m"", ""precip_probability"": ""0%"", ""acculumen_brightness"": ""0 (어둡게)""}"
67770,2026-08-11T04:05:21.017961+09:00,2026-08-11T05:00:00+09:00,1786392000,2026-08-10T20:00:00+00:00,23,25,,동북동 7km/h,완벽함,N/A,0%,"{""dew_point"": ""20° C"", ""real_feel"": 25, ""visibility"": ""11km"", ""cloud_cover"": ""99%"", ""cloud_ceiling"": ""9100m"", ""precip_probability"": ""0%"", ""acculumen_brightness"": ""0 (어둡게)""}"
67861,2026-08-11T05:06:47.736817+09:00,2026-08-11T06:00:00+09:00,1786395600,2026-08-10T21:00:00+00:00,23,24,24,동북동 7km/h,보통,0,0%,"{""humidity"": ""82%"", ""dew_point"": ""20° C"", ""real_feel"": 24, ""visibility"": ""16km"", ""wind_gusts"": ""17km/h"", ""cloud_cover"": ""98%"", ""cloud_ceiling"": ""9100m"", ""precip_probability"": ""0%"", ""acculumen_brightness"": ""1 (어둡게)""}"
67951,2026-08-11T06:04:10.311447+09:00,2026-08-11T07:00:00+09:00,1786399200,2026-08-10T22:00:00+00:00,23,25,25,동 7km/h,보통,0,0%,"{""humidity"": ""80%"", ""dew_point"": ""20° C"", ""real_feel"": 25, ""visibility"": ""16km"", ""wind_gusts"": ""19km/h"", ""cloud_cover"": ""96%"", ""cloud_ceiling"": ""9100m"", ""precip_probability"": ""0%"", ""acculumen_brightness"": ""1 (어둡게)""}"
68040,2026-08-11T07:08:00.620901+09:00,2026-08-11T08:00:00+09:00,1786402800,2026-08-10T23:00:00+00:00,25,27,26,동 7km/h,보통,1,0%,"{""humidity"": ""72%"", ""dew_point"": ""20° C"", ""real_feel"": 27, ""visibility"": ""16km"", ""wind_gusts"": ""20km/h"", ""cloud_cover"": ""94%"", ""cloud_ceiling"": ""9100m"", ""precip_probability"": ""0%"", ""acculumen_brightness"": ""2 (어둡게)""}"
68128,2026-08-11T08:06:10.608873+09:00,2026-08-11T09:00:00+09:00,1786406400,2026-08-11T00:00:00+00:00,27,29,27,동 9km/h,보통,N/A,0%,"{""max_uv"": ""2.5 (낮음)"", ""humidity"": ""65%"", ""dew_point"": ""20° C"", ""real_feel"": 29, ""visibility"": ""16km"", ""wind_gusts"": ""22km/h"", ""cloud_cover"": ""92%"", ""cloud_ceiling"": ""9100m"", ""precip_probability"": ""0%"", ""acculumen_brightness"": ""2 (어둡게)""}"
68215,2026-08-11T09:05:41.781745+09:00,2026-08-11T10:00:00+09:00,1786410000,2026-08-11T01:00:00+00:00,28,32,29,동 9km/h,보통,N/A,0%,"{""max_uv"": ""3.4 (보통)"", ""humidity"": ""59%"", ""dew_point"": ""20° C"", ""real_feel"": 32, ""visibility"": ""16km"", ""wind_gusts"": ""24km/h"", ""cloud_cover"": ""94%"", ""cloud_ceiling"": ""9100m"", ""precip_probability"": ""0%"", ""acculumen_brightness"": ""2 (어둡게)""}"
68301,2026-08-11T10:02:28.136820+09:00,2026-08-11T11:00:00+09:00,1786413600,2026-08-11T02:00:00+00:00,30,34,30,동 9km/h,보통,N/A,0%,"{""max_uv"": ""4.3 (보통)"", ""humidity"": ""54%"", ""dew_point"": ""20° C"", ""real_feel"": 34, ""visibility"": ""16km"", ""wind_gusts"": ""24km/h"", ""cloud_cover"": ""97%"", ""cloud_ceiling"": ""9100m"", ""precip_probability"": ""0%"", ""acculumen_brightness"": ""1 (어둡게)""}"
68386,2026-08-11T11:02:19.852894+09:00,2026-08-11T12:00:00+09:00,1786417200,2026-08-11T03:00:00+00:00,31,35,31,동 9km/h,보통,N/A,0%,"{""max_uv"": ""4.5 (보통)"", ""humidity"": ""50%"", ""dew_point"": ""20° C"", ""real_feel"": 35, ""visibility"": ""16km"", ""wind_gusts"": ""24km/h"", ""cloud_cover"": ""99%"", ""cloud_ceiling"": ""9100m"", ""precip_probability"": ""0%"", ""acculumen_brightness"": ""1 (어둡게)""}"
68470,2026-08-11T12:05:32.411210+09:00,2026-08-11T13:00:00+09:00,1786420800,2026-08-11T04:00:00+00:00,32,36,33,동 11km/h,보통,N/A,0%,"{""max_uv"": ""4.0 (보통)"", ""humidity"": ""47%"", ""dew_point"": ""20° C"", ""real_feel"": 36, ""visibility"": ""16km"", ""wind_gusts"": ""26km/h"", ""cloud_cover"": ""99%"", ""cloud_ceiling"": ""9100m"", ""precip_probability"": ""0%"", ""acculumen_brightness"": ""1 (어둡게)""}"
68553,2026-08-11T13:05:20.782071+09:00,2026-08-11T14:00:00+09:00,1786424400,2026-08-11T05:00:00+00:00,33,36,34,동북동 11km/h,나쁨,N/A,0%,"{""max_uv"": ""3.1 (보통)"", ""humidity"": ""46%"", ""dew_point"": ""20° C"", ""real_feel"": 36, ""visibility"": ""16km"", ""wind_gusts"": ""26km/h"", ""cloud_cover"": ""98%"", ""cloud_ceiling"": ""9100m"", ""precip_probability"": ""0%"", ""acculumen_brightness"": ""1 (어둡게)""}"
68635,2026-08-11T14:08:07.570539+09:00,2026-08-11T15:00:00+09:00,1786428000,2026-08-11T06:00:00+00:00,34,36,35,동북동 11km/h,나쁨,N/A,0%,"{""max_uv"": ""2.1 (낮음)"", ""humidity"": ""43%"", ""dew_point"": ""20° C"", ""real_feel"": 36, ""visibility"": ""16km"", ""wind_gusts"": ""28km/h"", ""cloud_cover"": ""98%"", ""cloud_ceiling"": ""9100m"", ""precip_probability"": ""0%"", ""acculumen_brightness"": ""1 (어둡게)""}"
68716,2026-08-11T15:07:07.894864+09:00,2026-08-11T16:00:00+09:00,1786431600,2026-08-11T07:00:00+00:00,34,36,35,동 11km/h,나쁨,N/A,0%,"{""max_uv"": ""1.7 (낮음)"", ""humidity"": ""44%"", ""dew_point"": ""20° C"", ""real_feel"": 36, ""visibility"": ""16km"", ""wind_gusts"": ""28km/h"", ""cloud_cover"": ""90%"", ""cloud_ceiling"": ""9100m"", ""precip_probability"": ""0%"", ""acculumen_brightness"": ""2 (어둡게)""}"
68796,2026-08-11T16:05:57.289360+09:00,2026-08-11T17:00:00+09:00,1786435200,2026-08-11T08:00:00+00:00,34,35,34,동 11km/h,나쁨,N/A,0%,"{""max_uv"": ""1.2 (낮음)"", ""humidity"": ""45%"", ""dew_point"": ""20° C"", ""real_feel"": 35, ""visibility"": ""16km"", ""wind_gusts"": ""30km/h"", ""cloud_cover"": ""82%"", ""cloud_ceiling"": ""9100m"", ""precip_probability"": ""0%"", ""acculumen_brightness"": ""4 (칙칙함)""}"
68875,2026-08-11T17:02:16.306392+09:00,2026-08-11T18:00:00+09:00,1786438800,2026-08-11T09:00:00+00:00,32,33,33,동 9km/h,보통,N/A,0%,"{""max_uv"": ""0.6 (낮음)"", ""humidity"": ""48%"", ""dew_point"": ""20° C"", ""real_feel"": 33, ""visibility"": ""16km"", ""wind_gusts"": ""26km/h"", ""cloud_cover"": ""74%"", ""cloud_ceiling"": ""9100m"", ""precip_probability"": ""0%"", ""acculumen_brightness"": ""3 (칙칙함)""}"
68953,2026-08-11T18:02:43.779717+09:00,2026-08-11T19:00:00+09:00,1786442400,2026-08-11T10:00:00+00:00,30,31,31,동 9km/h,보통,N/A,0%,"{""max_uv"": ""0.0 (낮음)"", ""humidity"": ""51%"", ""dew_point"": ""19° C"", ""real_feel"": 31, ""visibility"": ""16km"", ""wind_gusts"": ""26km/h"", ""cloud_cover"": ""0%"", ""cloud_ceiling"": ""9100m"", ""precip_probability"": ""0%"", ""acculumen_brightness"": ""0 (어둡게)""}"
69030,2026-08-11T19:02:23.529069+09:00,2026-08-11T20:00:00+09:00,1786446000,2026-08-11T11:00:00+00:00,29,29,,동북동 9km/h,보통,N/A,0%,"{""humidity"": ""56%"", ""dew_point"": ""19° C"", ""real_feel"": 29, ""visibility"": ""16km"", ""cloud_cover"": ""0%"", ""cloud_ceiling"": ""9100m"", ""precip_probability"": ""0%"", ""acculumen_brightness"": ""0 (어둡게)""}"
69106,2026-08-11T20:05:31.317795+09:00,2026-08-11T21:00:00+09:00,1786449600,2026-08-11T12:00:00+00:00,28,28,,동북동 9km/h,보통,N/A,0%,"{""humidity"": ""59%"", ""dew_point"": ""19° C"", ""real_feel"": 28, ""visibility"": ""16km"", ""cloud_cover"": ""0%"", ""cloud_ceiling"": ""9100m"", ""precip_probability"": ""0%"", ""acculumen_brightness"": ""0 (어둡게)""}"
69181,2026-08-11T21:06:46.487489+09:00,2026-08-11T22:00:00+09:00,1786453200,2026-08-11T13:00:00+00:00,26,26,,동북동 9km/h,보통,N/A,0%,"{""humidity"": ""63%"", ""dew_point"": ""19° C"", ""real_feel"": 26, ""visibility"": ""16km"", ""cloud_cover"": ""0%"", ""cloud_ceiling"": ""9100m"", ""precip_probability"": ""0%"", ""acculumen_brightness"": ""0 (어둡게)""}"
69255,2026-08-11T22:03:46.542422+09:00,2026-08-11T23:00:00+09:00,1786456800,2026-08-11T14:00:00+00:00,26,25,,동북동 9km/h,보통,N/A,0%,"{""dew_point"": ""18° C"", ""real_feel"": 25, ""visibility"": ""16km"", ""cloud_cover"": ""0%"", ""cloud_ceiling"": ""9100m"", ""precip_probability"": ""0%"", ""acculumen_brightness"": ""0 (어둡게)""}"
69328,2026-08-11T23:03:45.474979+09:00,2026-08-12T00:00:00+09:00,1786460400,2026-08-11T15:00:00+00:00,25,25,,동북동 9km/h,완벽함,N/A,0%,"{""dew_point"": ""18° C"", ""real_feel"": 25, ""visibility"": ""16km"", ""cloud_cover"": ""0%"", ""cloud_ceiling"": ""9100m"", ""precip_probability"": ""0%"", ""acculumen_brightness"": ""0 (어둡게)""}"
69424,2026-08-12T00:07:10.118739+09:00,2026-08-12T01:00:00+09:00,1786464000,2026-08-11T16:00:00+00:00,24,24,,동 9km/h,완벽함,N/A,0%,"{""dew_point"": ""18° C"", ""real_feel"": 24, ""visibility"": ""16km"", ""cloud_cover"": ""0%"", ""cloud_ceiling"": ""9100m"", ""precip_probability"": ""0%"", ""acculumen_brightness"": ""0 (어둡게)""}"
69519,2026-08-12T01:02:36.696508+09:00,2026-08-12T02:00:00+09:00,1786467600,2026-08-11T17:00:00+00:00,23,23,,동 7km/h,완벽함,N/A,0%,"{""dew_point"": ""18° C"", ""real_feel"": 23, ""visibility"": ""16km"", ""cloud_cover"": ""0%"", ""cloud_ceiling"": ""9100m"", ""precip_probability"": ""0%"", ""acculumen_brightness"": ""0 (어둡게)""}"
69613,2026-08-12T02:06:35.098848+09:00,2026-08-12T03:00:00+09:00,1786471200,2026-08-11T18:00:00+00:00,23,22,,동 7km/h,보통,N/A,0%,"{""dew_point"": ""18° C"", ""real_feel"": 22, ""visibility"": ""16km"", ""cloud_cover"": ""0%"", ""cloud_ceiling"": ""9100m"", ""precip_probability"": ""0%"", ""acculumen_brightness"": ""0 (어둡게)""}"
69706,2026-08-12T03:07:17.806653+09:00,2026-08-12T04:00:00+09:00,1786474800,2026-08-11T19:00:00+00:00,22,22,,동 7km/h,보통,N/A,0%,"{""dew_point"": ""18° C"", ""real_feel"": 22, ""visibility"": ""16km"", ""cloud_cover"": ""0%"", ""cloud_ceiling"": ""9100m"", ""precip_probability"": ""0%"", ""acculumen_brightness"": ""0 (어둡게)""}"
69798,2026-08-12T04:04:24.384754+09:00,2026-08-12T05:00:00+09:00,1786478400,2026-08-11T20:00:00+00:00,21,20,,동 7km/h,보통,N/A,0%,"{""dew_point"": ""17° C"", ""real_feel"": 20, ""visibility"": ""16km"", ""cloud_cover"": ""0%"", ""cloud_ceiling"": ""9100m"", ""precip_probability"": ""0%"", ""acculumen_brightness"": ""0 (어둡게)""}"
69889,2026-08-12T05:06:22.251658+09:00,2026-08-12T06:00:00+09:00,1786482000,2026-08-11T21:00:00+00:00,20,21,21,동북동 7km/h,보통,0,0%,"{""humidity"": ""82%"", ""dew_point"": ""17° C"", ""real_feel"": 21, ""visibility"": ""16km"", ""wind_gusts"": ""17km/h"", ""cloud_cover"": ""0%"", ""cloud_ceiling"": ""9100m"", ""precip_probability"": ""0%"", ""acculumen_brightness"": ""5 (중간)""}"
69979,2026-08-12T06:05:03.459855+09:00,2026-08-12T07:00:00+09:00,1786485600,2026-08-11T22:00:00+00:00,21,22,21,동북동 7km/h,보통,1,0%,"{""humidity"": ""75%"", ""dew_point"": ""17° C"", ""real_feel"": 22, ""visibility"": ""16km"", ""wind_gusts"": ""19km/h"", ""cloud_cover"": ""0%"", ""cloud_ceiling"": ""9100m"", ""precip_probability"": ""0%"", ""acculumen_brightness"": ""10 (매우 밝음)""}"
70068,2026-08-12T07:06:02.543293+09:00,2026-08-12T08:00:00+09:00,1786489200,2026-08-11T23:00:00+00:00,23,25,22,동북동 9km/h,보통,2,0%,"{""humidity"": ""65%"", ""dew_point"": ""16° C"", ""real_feel"": 25, ""visibility"": ""16km"", ""wind_gusts"": ""24km/h"", ""cloud_cover"": ""0%"", ""cloud_ceiling"": ""9100m"", ""precip_probability"": ""0%"", ""acculumen_brightness"": ""10 (매우 밝음)""}"
70156,2026-08-12T08:03:24.588123+09:00,2026-08-12T09:00:00+09:00,1786492800,2026-08-12T00:00:00+00:00,25,27,24,동북동 11km/h,보통,4,0%,"{""humidity"": ""58%"", ""dew_point"": ""16° C"", ""real_feel"": 27, ""visibility"": ""16km"", ""wind_gusts"": ""26km/h"", ""cloud_cover"": ""1%"", ""cloud_ceiling"": ""9100m"", ""precip_probability"": ""0%"", ""acculumen_brightness"": ""10 (매우 밝음)""}"
70243,2026-08-12T09:05:07.767445+09:00,2026-08-12T10:00:00+09:00,1786496400,2026-08-12T01:00:00+00:00,26,30,25,동북동 11km/h,보통,6,0%,"{""humidity"": ""54%"", ""dew_point"": ""16° C"", ""real_feel"": 30, ""visibility"": ""16km"", ""wind_gusts"": ""26km/h"", ""cloud_cover"": ""25%"", ""cloud_ceiling"": ""9100m"", ""precip_probability"": ""0%"", ""acculumen_brightness"": ""9 (매우 밝음)""}"
70329,2026-08-12T10:04:14.915114+09:00,2026-08-12T11:00:00+09:00,1786500000,2026-08-12T02:00:00+00:00,28,33,27,동북동 11km/h,보통,N/A,0%,"{""max_uv"": ""8.4 (매우 높음)"", ""humidity"": ""51%"", ""dew_point"": ""17° C"", ""real_feel"": 33, ""visibility"": ""16km"", ""wind_gusts"": ""26km/h"", ""cloud_cover"": ""49%"", ""cloud_ceiling"": ""9100m"", ""precip_probability"": ""0%"", ""acculumen_brightness"": ""8 (밝음)""}"
70414,2026-08-12T11:07:17.038066+09:00,2026-08-12T12:00:00+09:00,1786503600,2026-08-12T03:00:00+00:00,29,32,29,동북동 11km/h,보통,N/A,0%,"{""max_uv"": ""4.2 (보통)"", ""humidity"": ""48%"", ""dew_point"": ""17° C"", ""real_feel"": 32, ""visibility"": ""16km"", ""wind_gusts"": ""26km/h"", ""cloud_cover"": ""73%"", ""cloud_ceiling"": ""1500m"", ""precip_probability"": ""0%"", ""acculumen_brightness"": ""5 (중간)""}"
70498,2026-08-12T12:03:34.419521+09:00,2026-08-12T13:00:00+09:00,1786507200,2026-08-12T04:00:00+00:00,31,32,30,동북동 11km/h,보통,N/A,0%,"{""max_uv"": ""3.3 (보통)"", ""humidity"": ""47%"", ""dew_point"": ""18° C"", ""real_feel"": 32, ""visibility"": ""16km"", ""wind_gusts"": ""28km/h"", ""cloud_cover"": ""81%"", ""cloud_ceiling"": ""1500m"", ""precip_probability"": ""0%"", ""acculumen_brightness"": ""4 (칙칙함)""}"
70581,2026-08-12T13:03:30.123842+09:00,2026-08-12T14:00:00+09:00,1786510800,2026-08-12T05:00:00+00:00,32,33,31,동북동 13km/h,보통,N/A,0%,"{""max_uv"": ""2.2 (낮음)"", ""humidity"": ""46%"", ""dew_point"": ""19° C"", ""real_feel"": 33, ""visibility"": ""16km"", ""wind_gusts"": ""30km/h"", ""cloud_cover"": ""88%"", ""cloud_ceiling"": ""1500m"", ""precip_probability"": ""0%"", ""acculumen_brightness"": ""3 (칙칙함)""}"
70663,2026-08-12T14:06:46.106735+09:00,2026-08-12T15:00:00+09:00,1786514400,2026-08-12T06:00:00+00:00,33,33,33,동북동 13km/h,보통,N/A,0%,"{""max_uv"": ""1.2 (낮음)"", ""humidity"": ""45%"", ""dew_point"": ""19° C"", ""real_feel"": 33, ""visibility"": ""16km"", ""wind_gusts"": ""32km/h"", ""cloud_cover"": ""96%"", ""cloud_ceiling"": ""1500m"", ""precip_probability"": ""0%"", ""acculumen_brightness"": ""1 (어둡게)""}"
70744,2026-08-12T15:07:42.700950+09:00,2026-08-12T16:00:00+09:00,1786518000,2026-08-12T07:00:00+00:00,32,33,32,동북동 13km/h,보통,N/A,0%,"{""max_uv"": ""1.2 (낮음)"", ""humidity"": ""47%"", ""dew_point"": ""20° C"", ""real_feel"": 33, ""visibility"": ""16km"", ""wind_gusts"": ""33km/h"", ""cloud_cover"": ""77%"", ""cloud_ceiling"": ""1500m"", ""precip_probability"": ""0%"", ""acculumen_brightness"": ""5 (중간)""}"
70824,2026-08-12T16:02:10.295967+09:00,2026-08-12T17:00:00+09:00,1786521600,2026-08-12T08:00:00+00:00,32,33,32,동북동 13km/h,보통,N/A,0%,"{""max_uv"": ""1.7 (낮음)"", ""humidity"": ""50%"", ""dew_point"": ""20° C"", ""real_feel"": 33, ""visibility"": ""16km"", ""wind_gusts"": ""33km/h"", ""cloud_cover"": ""57%"", ""cloud_ceiling"": ""9100m"", ""precip_probability"": ""0%"", ""acculumen_brightness"": ""7 (밝음)""}"
70903,2026-08-12T17:04:19.469396+09:00,2026-08-12T18:00:00+09:00,1786525200,2026-08-12T09:00:00+00:00,30,31,31,동북동 13km/h,보통,N/A,0%,"{""max_uv"": ""0.7 (낮음)"", ""humidity"": ""54%"", ""dew_point"": ""20° C"", ""real_feel"": 31, ""visibility"": ""16km"", ""wind_gusts"": ""33km/h"", ""cloud_cover"": ""38%"", ""cloud_ceiling"": ""9100m"", ""precip_probability"": ""0%"", ""acculumen_brightness"": ""4 (칙칙함)""}"
70981,2026-08-12T18:07:05.045352+09:00,2026-08-12T19:00:00+09:00,1786528800,2026-08-12T10:00:00+00:00,30,30,30,동북동 13km/h,보통,N/A,0%,"{""max_uv"": ""0.0 (낮음)"", ""humidity"": ""57%"", ""dew_point"": ""20° C"", ""real_feel"": 30, ""visibility"": ""16km"", ""wind_gusts"": ""30km/h"", ""cloud_cover"": ""31%"", ""cloud_ceiling"": ""9100m"", ""precip_probability"": ""0%"", ""acculumen_brightness"": ""0 (어둡게)""}"
71058,2026-08-12T19:03:40.337869+09:00,2026-08-12T20:00:00+09:00,1786532400,2026-08-12T11:00:00+00:00,28,29,,동북동 11km/h,보통,N/A,0%,"{""humidity"": ""62%"", ""dew_point"": ""20° C"", ""real_feel"": 29, ""visibility"": ""16km"", ""cloud_cover"": ""48%"", ""cloud_ceiling"": ""9100m"", ""precip_probability"": ""0%"", ""acculumen_brightness"": ""0 (어둡게)""}"
71134,2026-08-12T20:03:18.367963+09:00,2026-08-12T21:00:00+09:00,1786536000,2026-08-12T12:00:00+00:00,27,28,,동북동 9km/h,보통,N/A,0%,"{""humidity"": ""68%"", ""dew_point"": ""20° C"", ""real_feel"": 28, ""visibility"": ""16km"", ""cloud_cover"": ""65%"", ""cloud_ceiling"": ""9100m"", ""precip_probability"": ""0%"", ""acculumen_brightness"": ""0 (어둡게)""}"
71209,2026-08-12T21:05:59.920311+09:00,2026-08-12T22:00:00+09:00,1786539600,2026-08-12T13:00:00+00:00,25,26,,동북동 7km/h,완벽함,N/A,0%,"{""dew_point"": ""20° C"", ""real_feel"": 26, ""visibility"": ""16km"", ""cloud_cover"": ""57%"", ""cloud_ceiling"": ""9100m"", ""precip_probability"": ""0%"", ""acculumen_brightness"": ""0 (어둡게)""}"
71283,2026-08-12T22:04:47.971839+09:00,2026-08-12T23:00:00+09:00,1786543200,2026-08-12T14:00:00+00:00,24,26,,동북동 7km/h,완벽함,N/A,0%,"{""dew_point"": ""21° C"", ""real_feel"": 26, ""visibility"": ""16km"", ""cloud_cover"": ""48%"", ""cloud_ceiling"": ""9100m"", ""precip_probability"": ""0%"", ""acculumen_brightness"": ""0 (어둡게)""}"
71356,2026-08-12T23:07:20.942977+09:00,2026-08-13T00:00:00+09:00,1786546800,2026-08-12T15:00:00+00:00,24,26,,동북동 7km/h,완벽함,N/A,0%,"{""dew_point"": ""21° C"", ""real_feel"": 26, ""visibility"": ""16km"", ""cloud_cover"": ""40%"", ""cloud_ceiling"": ""9100m"", ""precip_probability"": ""0%"", ""acculumen_brightness"": ""0 (어둡게)""}"
71452,2026-08-13T00:06:58.620516+09:00,2026-08-13T01:00:00+09:00,1786550400,2026-08-12T16:00:00+00:00,24,25,,북동 6km/h,완벽함,N/A,0%,"{""dew_point"": ""21° C"", ""real_feel"": 25, ""visibility"": ""16km"", ""cloud_cover"": ""27%"", ""cloud_ceiling"": ""9100m"", ""precip_probability"": ""0%"", ""acculumen_brightness"": ""0 (어둡게)""}"
71547,2026-08-13T01:06:43.162711+09:00,2026-08-13T02:00:00+09:00,1786554000,2026-08-12T17:00:00+00:00,23,25,,북동 6km/h,완벽함,N/A,0%,"{""dew_point"": ""21° C"", ""real_feel"": 25, ""visibility"": ""16km"", ""cloud_cover"": ""14%"", ""cloud_ceiling"": ""9100m"", ""precip_probability"": ""0%"", ""acculumen_brightness"": ""0 (어둡게)""}"
71641,2026-08-13T02:02:30.310603+09:00,2026-08-13T03:00:00+09:00,1786557600,2026-08-12T18:00:00+00:00,23,25,,북북동 6km/h,완벽함,N/A,0%,"{""dew_point"": ""21° C"", ""real_feel"": 25, ""visibility"": ""16km"", ""cloud_cover"": ""1%"", ""cloud_ceiling"": ""9100m"", ""precip_probability"": ""0%"", ""acculumen_brightness"": ""0 (어둡게)""}"
71734,2026-08-13T03:07:21.058609+09:00,2026-08-13T04:00:00+09:00,1786561200,2026-08-12T19:00:00+00:00,23,24,,북북동 6km/h,완벽함,N/A,0%,"{""dew_point"": ""21° C"", ""real_feel"": 24, ""visibility"": ""16km"", ""cloud_cover"": ""22%"", ""cloud_ceiling"": ""9100m"", ""precip_probability"": ""0%"", ""acculumen_brightness"": ""0 (어둡게)""}"
71826,2026-08-13T04:05:18.410016+09:00,2026-08-13T05:00:00+09:00,1786564800,2026-08-12T20:00:00+00:00,21,23,,북동 6km/h,완벽함,N/A,0%,"{""dew_point"": ""20° C"", ""real_feel"": 23, ""visibility"": ""11km"", ""cloud_cover"": ""43%"", ""cloud_ceiling"": ""9100m"", ""precip_probability"": ""0%"", ""acculumen_brightness"": ""0 (어둡게)""}"
71917,2026-08-13T05:07:25.266966+09:00,2026-08-13T06:00:00+09:00,1786568400,2026-08-12T21:00:00+00:00,21,23,23,북동 6km/h,완벽함,0,0%,"{""humidity"": ""93%"", ""dew_point"": ""20° C"", ""real_feel"": 23, ""visibility"": ""11km"", ""wind_gusts"": ""15km/h"", ""cloud_cover"": ""63%"", ""cloud_ceiling"": ""9100m"", ""precip_probability"": ""0%"", ""acculumen_brightness"": ""3 (칙칙함)""}"
72007,2026-08-13T06:06:27.854595+09:00,2026-08-13T07:00:00+09:00,1786572000,2026-08-12T22:00:00+00:00,23,26,25,북동 6km/h,완벽함,1,0%,"{""humidity"": ""84%"", ""dew_point"": ""20° C"", ""real_feel"": 26, ""visibility"": ""11km"", ""wind_gusts"": ""17km/h"", ""cloud_cover"": ""71%"", ""cloud_ceiling"": ""9100m"", ""precip_probability"": ""0%"", ""acculumen_brightness"": ""6 (중간)""}"
72096,2026-08-13T07:07:21.504662+09:00,2026-08-13T08:00:00+09:00,1786575600,2026-08-12T23:00:00+00:00,25,29,26,북동 7km/h,완벽함,2,0%,"{""humidity"": ""75%"", ""dew_point"": ""20° C"", ""real_feel"": 29, ""visibility"": ""16km"", ""wind_gusts"": ""17km/h"", ""cloud_cover"": ""79%"", ""cloud_ceiling"": ""9100m"", ""precip_probability"": ""0%"", ""acculumen_brightness"": ""4 (칙칙함)""}"
72184,2026-08-13T08:02:58.182441+09:00,2026-08-13T09:00:00+09:00,1786579200,2026-08-13T00:00:00+00:00,27,31,28,북동 7km/h,완벽함,N/A,0%,"{""max_uv"": ""2.7 (보통)"", ""humidity"": ""68%"", ""dew_point"": ""20° C"", ""real_feel"": 31, ""visibility"": ""16km"", ""wind_gusts"": ""19km/h"", ""cloud_cover"": ""88%"", ""cloud_ceiling"": ""9100m"", ""precip_probability"": ""0%"", ""acculumen_brightness"": ""3 (칙칙함)""}"
72271,2026-08-13T09:06:59.413664+09:00,2026-08-13T10:00:00+09:00,1786582800,2026-08-13T01:00:00+00:00,28,34,30,북동 7km/h,완벽함,N/A,0%,"{""max_uv"": ""5.3 (보통)"", ""humidity"": ""63%"", ""dew_point"": ""21° C"", ""real_feel"": 34, ""visibility"": ""16km"", ""wind_gusts"": ""20km/h"", ""cloud_cover"": ""70%"", ""cloud_ceiling"": ""9100m"", ""precip_probability"": ""0%"", ""acculumen_brightness"": ""6 (중간)""}"
72357,2026-08-13T10:03:34.656600+09:00,2026-08-13T11:00:00+09:00,1786586400,2026-08-13T02:00:00+00:00,30,37,31,북동 9km/h,보통,N/A,0%,"{""max_uv"": ""8.3 (매우 높음)"", ""humidity"": ""58%"", ""dew_point"": ""21° C"", ""real_feel"": 37, ""visibility"": ""16km"", ""wind_gusts"": ""22km/h"", ""cloud_cover"": ""53%"", ""cloud_ceiling"": ""9100m"", ""precip_probability"": ""0%"", ""acculumen_brightness"": ""7 (밝음)""}"
72442,2026-08-13T11:03:17.061928+09:00,2026-08-13T12:00:00+09:00,1786590000,2026-08-13T03:00:00+00:00,31,38,32,북동 9km/h,보통,N/A,2%,"{""max_uv"": ""9.2 (매우 높음)"", ""humidity"": ""56%"", ""dew_point"": ""21° C"", ""real_feel"": 38, ""visibility"": ""16km"", ""wind_gusts"": ""24km/h"", ""cloud_cover"": ""35%"", ""cloud_ceiling"": ""9100m"", ""precip_probability"": ""2%"", ""acculumen_brightness"": ""9 (매우 밝음)""}"
72526,2026-08-13T12:06:03.142773+09:00,2026-08-13T13:00:00+09:00,1786593600,2026-08-13T04:00:00+00:00,31,38,33,북동 9km/h,보통,N/A,7%,"{""max_uv"": ""8.3 (매우 높음)"", ""humidity"": ""55%"", ""dew_point"": ""21° C"", ""real_feel"": 38, ""visibility"": ""16km"", ""wind_gusts"": ""22km/h"", ""cloud_cover"": ""57%"", ""cloud_ceiling"": ""9100m"", ""precip_probability"": ""7%"", ""acculumen_brightness"": ""7 (밝음)""}"
72609,2026-08-13T13:03:12.373764+09:00,2026-08-13T14:00:00+09:00,1786597200,2026-08-13T05:00:00+00:00,32,37,33,북동 9km/h,보통,N/A,7%,"{""max_uv"": ""4.7 (보통)"", ""humidity"": ""54%"", ""dew_point"": ""21° C"", ""real_feel"": 37, ""visibility"": ""16km"", ""wind_gusts"": ""20km/h"", ""cloud_cover"": ""78%"", ""cloud_ceiling"": ""9100m"", ""precip_probability"": ""7%"", ""acculumen_brightness"": ""5 (중간)""}"
72691,2026-08-13T14:08:00.741121+09:00,2026-08-13T15:00:00+09:00,1786600800,2026-08-13T06:00:00+00:00,32,35,34,동북동 7km/h,보통,N/A,7%,"{""max_uv"": ""2.0 (낮음)"", ""humidity"": ""54%"", ""dew_point"": ""21° C"", ""real_feel"": 35, ""visibility"": ""16km"", ""wind_gusts"": ""20km/h"", ""cloud_cover"": ""100%"", ""cloud_ceiling"": ""9100m"", ""precip_probability"": ""7%"", ""acculumen_brightness"": ""1 (어둡게)""}"
72772,2026-08-13T15:07:11.851201+09:00,2026-08-13T16:00:00+09:00,1786604400,2026-08-13T07:00:00+00:00,32,35,34,동북동 9km/h,보통,N/A,7%,"{""max_uv"": ""1.3 (낮음)"", ""humidity"": ""53%"", ""dew_point"": ""21° C"", ""real_feel"": 35, ""visibility"": ""16km"", ""wind_gusts"": ""22km/h"", ""cloud_cover"": ""100%"", ""cloud_ceiling"": ""9100m"", ""precip_probability"": ""7%"", ""acculumen_brightness"": ""1 (어둡게)""}"
72852,2026-08-13T16:05:42.842590+09:00,2026-08-13T17:00:00+09:00,1786608000,2026-08-13T08:00:00+00:00,32,34,34,북동 9km/h,보통,N/A,7%,"{""max_uv"": ""0.8 (낮음)"", ""humidity"": ""55%"", ""dew_point"": ""21° C"", ""real_feel"": 34, ""visibility"": ""16km"", ""wind_gusts"": ""26km/h"", ""cloud_cover"": ""100%"", ""cloud_ceiling"": ""9100m"", ""precip_probability"": ""7%"", ""acculumen_brightness"": ""1 (어둡게)""}"
72931,2026-08-13T17:06:55.441278+09:00,2026-08-13T18:00:00+09:00,1786611600,2026-08-13T09:00:00+00:00,31,33,33,북동 11km/h,나쁨,N/A,6%,"{""max_uv"": ""0.3 (낮음)"", ""humidity"": ""58%"", ""dew_point"": ""22° C"", ""real_feel"": 33, ""visibility"": ""16km"", ""wind_gusts"": ""26km/h"", ""cloud_cover"": ""100%"", ""cloud_ceiling"": ""9100m"", ""precip_probability"": ""6%"", ""acculumen_brightness"": ""0 (어둡게)""}"
73009,2026-08-13T18:04:31.925184+09:00,2026-08-13T19:00:00+09:00,1786615200,2026-08-13T10:00:00+00:00,30,32,32,북동 9km/h,보통,N/A,4%,"{""max_uv"": ""0.0 (낮음)"", ""humidity"": ""63%"", ""dew_point"": ""22° C"", ""real_feel"": 32, ""visibility"": ""16km"", ""wind_gusts"": ""24km/h"", ""cloud_cover"": ""71%"", ""cloud_ceiling"": ""7600m"", ""precip_probability"": ""4%"", ""acculumen_brightness"": ""0 (어둡게)""}"
73086,2026-08-13T19:06:05.772914+09:00,2026-08-13T20:00:00+09:00,1786618800,2026-08-13T11:00:00+00:00,29,32,,북북동 7km/h,보통,N/A,4%,"{""humidity"": ""67%"", ""dew_point"": ""22° C"", ""real_feel"": 32, ""visibility"": ""16km"", ""cloud_cover"": ""41%"", ""cloud_ceiling"": ""9100m"", ""precip_probability"": ""4%"", ""acculumen_brightness"": ""0 (어둡게)""}"
73162,2026-08-13T20:03:56.844468+09:00,2026-08-13T21:00:00+09:00,1786622400,2026-08-13T12:00:00+00:00,27,30,,북북동 7km/h,보통,N/A,4%,"{""humidity"": ""73%"", ""dew_point"": ""22° C"", ""real_feel"": 30, ""visibility"": ""16km"", ""cloud_cover"": ""12%"", ""cloud_ceiling"": ""9100m"", ""precip_probability"": ""4%"", ""acculumen_brightness"": ""0 (어둡게)""}"
73237,2026-08-13T21:03:00.910947+09:00,2026-08-13T22:00:00+09:00,1786626000,2026-08-13T13:00:00+00:00,26,29,,북북동 6km/h,보통,N/A,4%,"{""dew_point"": ""22° C"", ""real_feel"": 29, ""visibility"": ""16km"", ""cloud_cover"": ""10%"", ""cloud_ceiling"": ""9100m"", ""precip_probability"": ""4%"", ""acculumen_brightness"": ""0 (어둡게)""}"
73311,2026-08-13T22:06:01.120639+09:00,2026-08-13T23:00:00+09:00,1786629600,2026-08-13T14:00:00+00:00,25,28,,북동 6km/h,완벽함,N/A,4%,"{""dew_point"": ""22° C"", ""real_feel"": 28, ""visibility"": ""11km"", ""cloud_cover"": ""7%"", ""cloud_ceiling"": ""9100m"", ""precip_probability"": ""4%"", ""acculumen_brightness"": ""0 (어둡게)""}"
73384,2026-08-13T23:05:35.067869+09:00,2026-08-14T00:00:00+09:00,1786633200,2026-08-13T15:00:00+00:00,25,28,,동북동 6km/h,완벽함,N/A,5%,"{""dew_point"": ""22° C"", ""real_feel"": 28, ""visibility"": ""11km"", ""cloud_cover"": ""4%"", ""cloud_ceiling"": ""9100m"", ""precip_probability"": ""5%"", ""acculumen_brightness"": ""0 (어둡게)""}"
73480,2026-08-14T00:05:21.658244+09:00,2026-08-14T01:00:00+09:00,1786636800,2026-08-13T16:00:00+00:00,25,28,,동북동 6km/h,보통,N/A,7%,"{""dew_point"": ""22° C"", ""real_feel"": 28, ""visibility"": ""11km"", ""cloud_cover"": ""21%"", ""cloud_ceiling"": ""9100m"", ""precip_probability"": ""7%"", ""acculumen_brightness"": ""0 (어둡게)""}"
73575,2026-08-14T01:02:16.135453+09:00,2026-08-14T02:00:00+09:00,1786640400,2026-08-13T17:00:00+00:00,25,28,,동북동 6km/h,보통,N/A,7%,"{""dew_point"": ""22° C"", ""real_feel"": 28, ""visibility"": ""10km"", ""cloud_cover"": ""38%"", ""cloud_ceiling"": ""9100m"", ""precip_probability"": ""7%"", ""acculumen_brightness"": ""0 (어둡게)""}"
73669,2026-08-14T02:03:32.479057+09:00,2026-08-14T03:00:00+09:00,1786644000,2026-08-13T18:00:00+00:00,25,28,,동북동 6km/h,보통,N/A,7%,"{""dew_point"": ""22° C"", ""real_feel"": 28, ""visibility"": ""10km"", ""cloud_cover"": ""55%"", ""cloud_ceiling"": ""9100m"", ""precip_probability"": ""7%"", ""acculumen_brightness"": ""0 (어둡게)""}"
73762,2026-08-14T03:04:21.205535+09:00,2026-08-14T04:00:00+09:00,1786647600,2026-08-13T19:00:00+00:00,24,27,,동북동 6km/h,보통,N/A,7%,"{""dew_point"": ""22° C"", ""real_feel"": 27, ""visibility"": ""10km"", ""cloud_cover"": ""44%"", ""cloud_ceiling"": ""9100m"", ""precip_probability"": ""7%"", ""acculumen_brightness"": ""0 (어둡게)""}"
73854,2026-08-14T04:02:26.113343+09:00,2026-08-14T05:00:00+09:00,1786651200,2026-08-13T20:00:00+00:00,23,26,,동북동 6km/h,보통,N/A,7%,"{""dew_point"": ""22° C"", ""real_feel"": 26, ""visibility"": ""10km"", ""cloud_cover"": ""32%"", ""cloud_ceiling"": ""9100m"", ""precip_probability"": ""7%"", ""acculumen_brightness"": ""0 (어둡게)""}"
73945,2026-08-14T05:04:37.344222+09:00,2026-08-14T06:00:00+09:00,1786654800,2026-08-13T21:00:00+00:00,24,27,27,동 6km/h,보통,0,7%,"{""humidity"": ""89%"", ""dew_point"": ""22° C"", ""real_feel"": 27, ""visibility"": ""10km"", ""wind_gusts"": ""11km/h"", ""cloud_cover"": ""21%"", ""cloud_ceiling"": ""9100m"", ""precip_probability"": ""7%"", ""acculumen_brightness"": ""4 (칙칙함)""}"
74035,2026-08-14T06:07:28.602721+09:00,2026-08-14T07:00:00+09:00,1786658400,2026-08-13T22:00:00+00:00,25,29,27,동 6km/h,보통,1,7%,"{""humidity"": ""85%"", ""dew_point"": ""22° C"", ""real_feel"": 29, ""visibility"": ""10km"", ""wind_gusts"": ""13km/h"", ""cloud_cover"": ""76%"", ""cloud_ceiling"": ""9100m"", ""precip_probability"": ""7%"", ""acculumen_brightness"": ""5 (중간)""}"
74124,2026-08-14T07:06:05.751619+09:00,2026-08-14T08:00:00+09:00,1786662000,2026-08-13T23:00:00+00:00,26,31,29,동 6km/h,완벽함,2,7%,"{""humidity"": ""79%"", ""dew_point"": ""22° C"", ""real_feel"": 31, ""visibility"": ""10km"", ""wind_gusts"": ""15km/h"", ""cloud_cover"": ""76%"", ""cloud_ceiling"": ""9100m"", ""precip_probability"": ""7%"", ""acculumen_brightness"": ""5 (중간)""}"
74212,2026-08-14T08:04:45.267791+09:00,2026-08-14T09:00:00+09:00,1786665600,2026-08-14T00:00:00+00:00,27,34,30,동 7km/h,완벽함,N/A,7%,"{""max_uv"": ""3.3 (보통)"", ""humidity"": ""73%"", ""dew_point"": ""22° C"", ""real_feel"": 34, ""visibility"": ""11km"", ""wind_gusts"": ""15km/h"", ""cloud_cover"": ""76%"", ""cloud_ceiling"": ""9100m"", ""precip_probability"": ""7%"", ""acculumen_brightness"": ""5 (중간)""}"
74299,2026-08-14T09:02:12.998264+09:00,2026-08-14T10:00:00+09:00,1786669200,2026-08-14T01:00:00+00:00,29,36,32,동 7km/h,보통,N/A,7%,"{""max_uv"": ""4.8 (보통)"", ""humidity"": ""68%"", ""dew_point"": ""22° C"", ""real_feel"": 36, ""visibility"": ""11km"", ""wind_gusts"": ""15km/h"", ""cloud_cover"": ""76%"", ""cloud_ceiling"": ""9100m"", ""precip_probability"": ""7%"", ""acculumen_brightness"": ""5 (중간)""}"
74385,2026-08-14T10:02:18.130246+09:00,2026-08-14T11:00:00+09:00,1786672800,2026-08-14T02:00:00+00:00,30,38,33,동 7km/h,보통,N/A,7%,"{""max_uv"": ""6.4 (높음)"", ""humidity"": ""63%"", ""dew_point"": ""22° C"", ""real_feel"": 38, ""visibility"": ""16km"", ""wind_gusts"": ""17km/h"", ""cloud_cover"": ""76%"", ""cloud_ceiling"": ""9100m"", ""precip_probability"": ""7%"", ""acculumen_brightness"": ""5 (중간)""}"
74470,2026-08-14T11:05:41.128396+09:00,2026-08-14T12:00:00+09:00,1786676400,2026-08-14T03:00:00+00:00,31,38,34,동 7km/h,보통,N/A,11%,"{""max_uv"": ""4.0 (보통)"", ""humidity"": ""60%"", ""dew_point"": ""23° C"", ""real_feel"": 38, ""visibility"": ""10km"", ""wind_gusts"": ""17km/h"", ""cloud_cover"": ""94%"", ""cloud_ceiling"": ""5800m"", ""precip_probability"": ""11%"", ""acculumen_brightness"": ""2 (어둡게)""}"
74554,2026-08-14T12:05:18.634769+09:00,2026-08-14T13:00:00+09:00,1786680000,2026-08-14T04:00:00+00:00,32,38,35,동남동 7km/h,보통,N/A,44%,"{""max_uv"": ""3.6 (보통)"", ""humidity"": ""59%"", ""dew_point"": ""23° C"", ""real_feel"": 38, ""visibility"": ""10km"", ""wind_gusts"": ""19km/h"", ""cloud_cover"": ""94%"", ""cloud_ceiling"": ""5800m"", ""precip_probability"": ""44%"", ""acculumen_brightness"": ""2 (어둡게)""}"
74637,2026-08-14T13:03:44.664573+09:00,2026-08-14T14:00:00+09:00,1786683600,2026-08-14T05:00:00+00:00,32,38,35,서남서 7km/h,보통,N/A,47%,"{""max_uv"": ""2.7 (보통)"", ""humidity"": ""58%"", ""dew_point"": ""23° C"", ""real_feel"": 38, ""visibility"": ""16km"", ""wind_gusts"": ""20km/h"", ""cloud_cover"": ""94%"", ""cloud_ceiling"": ""5800m"", ""precip_probability"": ""47%"", ""acculumen_brightness"": ""2 (어둡게)""}"
74719,2026-08-14T14:04:46.906808+09:00,2026-08-14T15:00:00+09:00,1786687200,2026-08-14T06:00:00+00:00,32,35,34,서남서 9km/h,보통,N/A,51%,"{""비"": ""0.5mm"", ""max_uv"": ""1.2 (낮음)"", ""humidity"": ""60%"", ""dew_point"": ""23° C"", ""real_feel"": 35, ""visibility"": ""10km"", ""wind_gusts"": ""22km/h"", ""cloud_cover"": ""94%"", ""cloud_ceiling"": ""2100m"", ""precip_probability"": ""51%"", ""acculumen_brightness"": ""2 (어둡게)""}"
74800,2026-08-14T15:03:15.942411+09:00,2026-08-14T16:00:00+09:00,1786690800,2026-08-14T07:00:00+00:00,31,34,34,서남서 9km/h,보통,N/A,51%,"{""비"": ""0.7mm"", ""max_uv"": ""0.7 (낮음)"", ""humidity"": ""61%"", ""dew_point"": ""23° C"", ""real_feel"": 34, ""visibility"": ""10km"", ""wind_gusts"": ""22km/h"", ""cloud_cover"": ""94%"", ""cloud_ceiling"": ""1200m"", ""precip_probability"": ""51%"", ""acculumen_brightness"": ""2 (어둡게)""}"
74880,2026-08-14T16:06:04.402642+09:00,2026-08-14T17:00:00+09:00,1786694400,2026-08-14T08:00:00+00:00,31,35,35,서남서 9km/h,나쁨,N/A,47%,"{""max_uv"": ""0.9 (낮음)"", ""humidity"": ""62%"", ""dew_point"": ""23° C"", ""real_feel"": 35, ""visibility"": ""16km"", ""wind_gusts"": ""24km/h"", ""cloud_cover"": ""94%"", ""cloud_ceiling"": ""9100m"", ""precip_probability"": ""47%"", ""acculumen_brightness"": ""2 (어둡게)""}"
74959,2026-08-14T17:04:26.911059+09:00,2026-08-14T18:00:00+09:00,1786698000,2026-08-14T09:00:00+00:00,30,34,34,서남서 9km/h,나쁨,N/A,45%,"{""max_uv"": ""0.4 (낮음)"", ""humidity"": ""65%"", ""dew_point"": ""23° C"", ""real_feel"": 34, ""visibility"": ""11km"", ""wind_gusts"": ""22km/h"", ""cloud_cover"": ""93%"", ""cloud_ceiling"": ""9100m"", ""precip_probability"": ""45%"", ""acculumen_brightness"": ""1 (어둡게)""}"
75037,2026-08-14T18:02:10.616268+09:00,2026-08-14T19:00:00+09:00,1786701600,2026-08-14T10:00:00+00:00,29,34,34,서북서 7km/h,나쁨,N/A,49%,"{""max_uv"": ""0.0 (낮음)"", ""humidity"": ""70%"", ""dew_point"": ""23° C"", ""real_feel"": 34, ""visibility"": ""16km"", ""wind_gusts"": ""19km/h"", ""cloud_cover"": ""83%"", ""cloud_ceiling"": ""5800m"", ""precip_probability"": ""49%"", ""acculumen_brightness"": ""0 (어둡게)""}"
75114,2026-08-14T19:07:41.335509+09:00,2026-08-14T20:00:00+09:00,1786705200,2026-08-14T11:00:00+00:00,29,32,,서남서 7km/h,나쁨,N/A,51%,"{""비"": ""0.3mm"", ""humidity"": ""75%"", ""dew_point"": ""24° C"", ""real_feel"": 32, ""visibility"": ""11km"", ""cloud_cover"": ""91%"", ""cloud_ceiling"": ""2100m"", ""precip_probability"": ""51%"", ""acculumen_brightness"": ""0 (어둡게)""}"
75190,2026-08-14T20:08:04.939876+09:00,2026-08-14T21:00:00+09:00,1786708800,2026-08-14T12:00:00+00:00,28,31,,서남서 6km/h,나쁨,N/A,51%,"{""비"": ""0.5mm"", ""humidity"": ""79%"", ""dew_point"": ""24° C"", ""real_feel"": 31, ""visibility"": ""11km"", ""cloud_cover"": ""99%"", ""cloud_ceiling"": ""1200m"", ""precip_probability"": ""51%"", ""acculumen_brightness"": ""0 (어둡게)""}"
75265,2026-08-14T21:07:04.224948+09:00,2026-08-14T22:00:00+09:00,1786712400,2026-08-14T13:00:00+00:00,27,32,,남서 6km/h,나쁨,N/A,40%,"{""humidity"": ""84%"", ""dew_point"": ""24° C"", ""real_feel"": 32, ""visibility"": ""11km"", ""cloud_cover"": ""99%"", ""cloud_ceiling"": ""5800m"", ""precip_probability"": ""40%"", ""acculumen_brightness"": ""0 (어둡게)""}"
75339,2026-08-14T22:02:21.637664+09:00,2026-08-14T23:00:00+09:00,1786716000,2026-08-14T14:00:00+00:00,26,31,,남남서 6km/h,보통,N/A,40%,"{""humidity"": ""89%"", ""dew_point"": ""24° C"", ""real_feel"": 31, ""visibility"": ""11km"", ""cloud_cover"": ""99%"", ""cloud_ceiling"": ""2000m"", ""precip_probability"": ""40%"", ""acculumen_brightness"": ""0 (어둡게)""}"
75412,2026-08-14T23:06:02.146906+09:00,2026-08-15T00:00:00+09:00,1786719600,2026-08-14T15:00:00+00:00,25,31,,남 4km/h,나쁨,N/A,49%,"{""dew_point"": ""24° C"", ""real_feel"": 31, ""visibility"": ""10km"", ""cloud_cover"": ""100%"", ""cloud_ceiling"": ""2000m"", ""precip_probability"": ""49%"", ""acculumen_brightness"": ""0 (어둡게)""}"
75508,2026-08-15T00:05:25.171493+09:00,2026-08-15T01:00:00+09:00,1786723200,2026-08-14T16:00:00+00:00,25,30,,남동 6km/h,나쁨,N/A,20%,"{""dew_point"": ""24° C"", ""real_feel"": 30, ""visibility"": ""10km"", ""cloud_cover"": ""96%"", ""cloud_ceiling"": ""2000m"", ""precip_probability"": ""20%"", ""acculumen_brightness"": ""0 (어둡게)""}"
75603,2026-08-15T01:06:31.050183+09:00,2026-08-15T02:00:00+09:00,1786726800,2026-08-14T17:00:00+00:00,25,29,,동남동 6km/h,보통,N/A,47%,"{""dew_point"": ""24° C"", ""real_feel"": 29, ""visibility"": ""10km"", ""cloud_cover"": ""93%"", ""cloud_ceiling"": ""2000m"", ""precip_probability"": ""47%"", ""acculumen_brightness"": ""0 (어둡게)""}"
75697,2026-08-15T02:03:40.515629+09:00,2026-08-15T03:00:00+09:00,1786730400,2026-08-14T18:00:00+00:00,26,30,,동 6km/h,보통,N/A,47%,"{""dew_point"": ""24° C"", ""real_feel"": 30, ""visibility"": ""8km"", ""cloud_cover"": ""90%"", ""cloud_ceiling"": ""2000m"", ""precip_probability"": ""47%"", ""acculumen_brightness"": ""0 (어둡게)""}"
75790,2026-08-15T03:02:13.739341+09:00,2026-08-15T04:00:00+09:00,1786734000,2026-08-14T19:00:00+00:00,26,30,,동 6km/h,보통,N/A,32%,"{""dew_point"": ""24° C"", ""real_feel"": 30, ""visibility"": ""8km"", ""cloud_cover"": ""86%"", ""cloud_ceiling"": ""2000m"", ""precip_probability"": ""32%"", ""acculumen_brightness"": ""0 (어둡게)""}"
75882,2026-08-15T04:06:14.046657+09:00,2026-08-15T05:00:00+09:00,1786737600,2026-08-14T20:00:00+00:00,25,29,,동 6km/h,보통,N/A,40%,"{""비"": ""0.1mm"", ""dew_point"": ""24° C"", ""real_feel"": 29, ""visibility"": ""8km"", ""cloud_cover"": ""92%"", ""cloud_ceiling"": ""2000m"", ""precip_probability"": ""40%"", ""acculumen_brightness"": ""0 (어둡게)""}"
75973,2026-08-15T05:02:21.853983+09:00,2026-08-15T06:00:00+09:00,1786741200,2026-08-14T21:00:00+00:00,24,28,28,동 6km/h,보통,0,49%,"{""비"": ""0.2mm"", ""humidity"": ""98%"", ""dew_point"": ""24° C"", ""real_feel"": 28, ""visibility"": ""8km"", ""wind_gusts"": ""15km/h"", ""cloud_cover"": ""96%"", ""cloud_ceiling"": ""2000m"", ""precip_probability"": ""49%"", ""acculumen_brightness"": ""1 (어둡게)""}"
76063,2026-08-15T06:06:21.197484+09:00,2026-08-15T07:00:00+09:00,1786744800,2026-08-14T22:00:00+00:00,24,29,29,동 6km/h,보통,0,40%,"{""humidity"": ""97%"", ""dew_point"": ""23° C"", ""real_feel"": 29, ""visibility"": ""8km"", ""wind_gusts"": ""15km/h"", ""cloud_cover"": ""94%"", ""cloud_ceiling"": ""7600m"", ""precip_probability"": ""40%"", ""acculumen_brightness"": ""2 (어둡게)""}"
76152,2026-08-15T07:07:31.402328+09:00,2026-08-15T08:00:00+09:00,1786748400,2026-08-14T23:00:00+00:00,24,29,29,동북동 7km/h,보통,0,40%,"{""humidity"": ""98%"", ""dew_point"": ""24° C"", ""real_feel"": 29, ""visibility"": ""10km"", ""wind_gusts"": ""17km/h"", ""cloud_cover"": ""98%"", ""cloud_ceiling"": ""1200m"", ""precip_probability"": ""40%"", ""acculumen_brightness"": ""1 (어둡게)""}"
76240,2026-08-15T08:05:52.022833+09:00,2026-08-15T09:00:00+09:00,1786752000,2026-08-15T00:00:00+00:00,25,31,29,동북동 7km/h,보통,1,37%,"{""humidity"": ""98%"", ""dew_point"": ""24° C"", ""real_feel"": 31, ""visibility"": ""8km"", ""wind_gusts"": ""19km/h"", ""cloud_cover"": ""97%"", ""cloud_ceiling"": ""600m"", ""precip_probability"": ""37%"", ""acculumen_brightness"": ""1 (어둡게)""}"
76327,2026-08-15T09:03:50.580192+09:00,2026-08-15T10:00:00+09:00,1786755600,2026-08-15T01:00:00+00:00,25,32,29,동 7km/h,보통,2,40%,"{""비"": ""0.1mm"", ""humidity"": ""93%"", ""dew_point"": ""24° C"", ""real_feel"": 32, ""visibility"": ""10km"", ""wind_gusts"": ""19km/h"", ""cloud_cover"": ""100%"", ""cloud_ceiling"": ""7600m"", ""precip_probability"": ""40%"", ""acculumen_brightness"": ""1 (어둡게)""}"
76413,2026-08-15T10:06:08.479950+09:00,2026-08-15T11:00:00+09:00,1786759200,2026-08-15T02:00:00+00:00,25,33,29,동 7km/h,보통,3,37%,"{""humidity"": ""94%"", ""dew_point"": ""24° C"", ""real_feel"": 33, ""visibility"": ""11km"", ""wind_gusts"": ""17km/h"", ""cloud_cover"": ""85%"", ""cloud_ceiling"": ""2000m"", ""precip_probability"": ""37%"", ""acculumen_brightness"": ""3 (칙칙함)""}"
76498,2026-08-15T11:03:51.610077+09:00,2026-08-15T12:00:00+09:00,1786762800,2026-08-15T03:00:00+00:00,25,34,29,동 6km/h,보통,3,40%,"{""humidity"": ""94%"", ""dew_point"": ""24° C"", ""real_feel"": 34, ""visibility"": ""8km"", ""wind_gusts"": ""15km/h"", ""cloud_cover"": ""78%"", ""cloud_ceiling"": ""1200m"", ""precip_probability"": ""40%"", ""acculumen_brightness"": ""5 (중간)""}"
76582,2026-08-15T12:07:40.568960+09:00,2026-08-15T13:00:00+09:00,1786766400,2026-08-15T04:00:00+00:00,26,32,29,동 7km/h,보통,2,57%,"{""비"": ""2.3mm"", ""humidity"": ""91%"", ""dew_point"": ""24° C"", ""real_feel"": 32, ""visibility"": ""8km"", ""wind_gusts"": ""19km/h"", ""cloud_cover"": ""75%"", ""cloud_ceiling"": ""1200m"", ""precip_probability"": ""57%"", ""acculumen_brightness"": ""5 (중간)""}"
76665,2026-08-15T13:07:22.803248+09:00,2026-08-15T14:00:00+09:00,1786770000,2026-08-15T05:00:00+00:00,26,30,28,동 7km/h,보통,N/A,63%,"{""비"": ""6.0mm"", ""max_uv"": ""1.8 (낮음)"", ""humidity"": ""88%"", ""dew_point"": ""24° C"", ""real_feel"": 30, ""visibility"": ""5km"", ""wind_gusts"": ""20km/h"", ""cloud_cover"": ""72%"", ""cloud_ceiling"": ""600m"", ""precip_probability"": ""63%"", ""acculumen_brightness"": ""5 (중간)""}"
76747,2026-08-15T14:07:02.900235+09:00,2026-08-15T15:00:00+09:00,1786773600,2026-08-15T06:00:00+00:00,27,33,31,동 9km/h,보통,N/A,40%,"{""max_uv"": ""2.0 (낮음)"", ""humidity"": ""82%"", ""dew_point"": ""24° C"", ""real_feel"": 33, ""visibility"": ""11km"", ""wind_gusts"": ""20km/h"", ""cloud_cover"": ""86%"", ""cloud_ceiling"": ""5800m"", ""precip_probability"": ""40%"", ""acculumen_brightness"": ""3 (칙칙함)""}"
76828,2026-08-15T15:06:27.243451+09:00,2026-08-15T16:00:00+09:00,1786777200,2026-08-15T07:00:00+00:00,27,32,32,동 9km/h,보통,N/A,42%,"{""비"": ""0.2mm"", ""max_uv"": ""0.9 (낮음)"", ""humidity"": ""82%"", ""dew_point"": ""24° C"", ""real_feel"": 32, ""visibility"": ""11km"", ""wind_gusts"": ""20km/h"", ""cloud_cover"": ""99%"", ""cloud_ceiling"": ""5800m"", ""precip_probability"": ""42%"", ""acculumen_brightness"": ""1 (어둡게)""}"
76908,2026-08-15T16:06:06.792402+09:00,2026-08-15T17:00:00+09:00,1786780800,2026-08-15T08:00:00+00:00,27,30,30,동북동 9km/h,보통,N/A,54%,"{""비"": ""4.9mm"", ""max_uv"": ""0.5 (낮음)"", ""humidity"": ""83%"", ""dew_point"": ""24° C"", ""real_feel"": 30, ""visibility"": ""11km"", ""wind_gusts"": ""20km/h"", ""cloud_cover"": ""98%"", ""cloud_ceiling"": ""5800m"", ""precip_probability"": ""54%"", ""acculumen_brightness"": ""1 (어둡게)""}"
76987,2026-08-15T17:02:11.426009+09:00,2026-08-15T18:00:00+09:00,1786784400,2026-08-15T09:00:00+00:00,27,30,30,북동 9km/h,보통,N/A,47%,"{""비"": ""0.2mm"", ""max_uv"": ""0.2 (낮음)"", ""humidity"": ""85%"", ""dew_point"": ""24° C"", ""real_feel"": 30, ""visibility"": ""11km"", ""wind_gusts"": ""20km/h"", ""cloud_cover"": ""97%"", ""cloud_ceiling"": ""5800m"", ""precip_probability"": ""47%"", ""acculumen_brightness"": ""0 (어둡게)""}"
77065,2026-08-15T18:05:55.932826+09:00,2026-08-15T19:00:00+09:00,1786788000,2026-08-15T10:00:00+00:00,28,31,31,동북동 9km/h,보통,N/A,56%,"{""비"": ""0.2mm"", ""max_uv"": ""0.0 (낮음)"", ""humidity"": ""79%"", ""dew_point"": ""24° C"", ""real_feel"": 31, ""visibility"": ""10km"", ""wind_gusts"": ""15km/h"", ""cloud_cover"": ""99%"", ""cloud_ceiling"": ""4400m"", ""precip_probability"": ""56%"", ""acculumen_brightness"": ""0 (어둡게)""}"
77142,2026-08-15T19:06:29.358192+09:00,2026-08-15T20:00:00+09:00,1786791600,2026-08-15T11:00:00+00:00,27,31,,동북동 7km/h,보통,N/A,49%,"{""humidity"": ""82%"", ""dew_point"": ""23° C"", ""real_feel"": 31, ""visibility"": ""10km"", ""cloud_cover"": ""99%"", ""cloud_ceiling"": ""4400m"", ""precip_probability"": ""49%"", ""acculumen_brightness"": ""0 (어둡게)""}"
77218,2026-08-15T20:04:43.260172+09:00,2026-08-15T21:00:00+09:00,1786795200,2026-08-15T12:00:00+00:00,26,28,,동북동 7km/h,보통,N/A,63%,"{""비"": ""1.1mm"", ""dew_point"": ""23° C"", ""real_feel"": 28, ""visibility"": ""8km"", ""cloud_cover"": ""100%"", ""cloud_ceiling"": ""1200m"", ""precip_probability"": ""63%"", ""acculumen_brightness"": ""0 (어둡게)""}"
77293,2026-08-15T21:07:36.211672+09:00,2026-08-15T22:00:00+09:00,1786798800,2026-08-15T13:00:00+00:00,26,27,,동북동 7km/h,나쁨,N/A,74%,"{""비"": ""4.3mm"", ""dew_point"": ""23° C"", ""real_feel"": 27, ""visibility"": ""6km"", ""cloud_cover"": ""100%"", ""cloud_ceiling"": ""600m"", ""precip_probability"": ""74%"", ""acculumen_brightness"": ""0 (어둡게)""}"
77367,2026-08-15T22:06:29.831918+09:00,2026-08-15T23:00:00+09:00,1786802400,2026-08-15T14:00:00+00:00,26,29,,동북동 7km/h,나쁨,N/A,49%,"{""dew_point"": ""23° C"", ""real_feel"": 29, ""visibility"": ""8km"", ""cloud_cover"": ""100%"", ""cloud_ceiling"": ""3100m"", ""precip_probability"": ""49%"", ""acculumen_brightness"": ""0 (어둡게)""}"
77440,2026-08-15T23:06:16.107618+09:00,2026-08-16T00:00:00+09:00,1786806000,2026-08-15T15:00:00+00:00,26,27,,동북동 7km/h,나쁨,N/A,69%,"{""비"": ""4.1mm"", ""dew_point"": ""23° C"", ""real_feel"": 27, ""visibility"": ""6km"", ""cloud_cover"": ""100%"", ""cloud_ceiling"": ""600m"", ""precip_probability"": ""69%"", ""acculumen_brightness"": ""0 (어둡게)""}"
77536,2026-08-16T00:06:41.780812+09:00,2026-08-16T01:00:00+09:00,1786809600,2026-08-15T16:00:00+00:00,25,29,,동북동 7km/h,나쁨,N/A,25%,"{""dew_point"": ""23° C"", ""real_feel"": 29, ""visibility"": ""8km"", ""cloud_cover"": ""95%"", ""cloud_ceiling"": ""2000m"", ""precip_probability"": ""25%"", ""acculumen_brightness"": ""0 (어둡게)""}"
77631,2026-08-16T01:02:39.049214+09:00,2026-08-16T02:00:00+09:00,1786813200,2026-08-15T17:00:00+00:00,25,26,,동북동 7km/h,나쁨,N/A,62%,"{""비"": ""2.5mm"", ""dew_point"": ""23° C"", ""real_feel"": 26, ""visibility"": ""8km"", ""cloud_cover"": ""100%"", ""cloud_ceiling"": ""2000m"", ""precip_probability"": ""62%"", ""acculumen_brightness"": ""0 (어둡게)""}"
77725,2026-08-16T02:06:44.794864+09:00,2026-08-16T03:00:00+09:00,1786816800,2026-08-15T18:00:00+00:00,25,26,,동북동 7km/h,나쁨,N/A,90%,"{""비"": ""2.5mm"", ""dew_point"": ""23° C"", ""real_feel"": 26, ""visibility"": ""8km"", ""cloud_cover"": ""100%"", ""cloud_ceiling"": ""2000m"", ""precip_probability"": ""90%"", ""acculumen_brightness"": ""0 (어둡게)""}"
77818,2026-08-16T03:04:45.330053+09:00,2026-08-16T04:00:00+09:00,1786820400,2026-08-15T19:00:00+00:00,24,27,,동북동 7km/h,나쁨,N/A,55%,"{""비"": ""2.0mm"", ""dew_point"": ""23° C"", ""real_feel"": 27, ""visibility"": ""8km"", ""cloud_cover"": ""100%"", ""cloud_ceiling"": ""2000m"", ""precip_probability"": ""55%"", ""acculumen_brightness"": ""0 (어둡게)""}"
77910,2026-08-16T04:05:34.036296+09:00,2026-08-16T05:00:00+09:00,1786824000,2026-08-15T20:00:00+00:00,24,27,,북동 7km/h,나쁨,N/A,52%,"{""비"": ""0.2mm"", ""dew_point"": ""23° C"", ""real_feel"": 27, ""visibility"": ""8km"", ""cloud_cover"": ""100%"", ""cloud_ceiling"": ""2000m"", ""precip_probability"": ""52%"", ""acculumen_brightness"": ""0 (어둡게)""}"
78001,2026-08-16T05:07:47.874794+09:00,2026-08-16T06:00:00+09:00,1786827600,2026-08-15T21:00:00+00:00,24,26,26,북동 7km/h,보통,0,70%,"{""비"": ""1.3mm"", ""humidity"": ""95%"", ""dew_point"": ""23° C"", ""real_feel"": 26, ""visibility"": ""8km"", ""wind_gusts"": ""17km/h"", ""cloud_cover"": ""100%"", ""cloud_ceiling"": ""2000m"", ""precip_probability"": ""70%"", ""acculumen_brightness"": ""0 (어둡게)""}"
78091,2026-08-16T06:05:59.056635+09:00,2026-08-16T07:00:00+09:00,1786831200,2026-08-15T22:00:00+00:00,24,27,27,북동 7km/h,보통,0,51%,"{""비"": ""0.7mm"", ""humidity"": ""96%"", ""dew_point"": ""23° C"", ""real_feel"": 27, ""visibility"": ""8km"", ""wind_gusts"": ""19km/h"", ""cloud_cover"": ""100%"", ""cloud_ceiling"": ""2000m"", ""precip_probability"": ""51%"", ""acculumen_brightness"": ""1 (어둡게)""}"
78180,2026-08-16T07:04:22.078667+09:00,2026-08-16T08:00:00+09:00,1786834800,2026-08-15T23:00:00+00:00,24,28,28,동북동 7km/h,보통,0,40%,"{""humidity"": ""92%"", ""dew_point"": ""23° C"", ""real_feel"": 28, ""visibility"": ""8km"", ""wind_gusts"": ""19km/h"", ""cloud_cover"": ""97%"", ""cloud_ceiling"": ""2100m"", ""precip_probability"": ""40%"", ""acculumen_brightness"": ""1 (어둡게)""}"
78268,2026-08-16T08:03:30.120265+09:00,2026-08-16T09:00:00+09:00,1786838400,2026-08-16T00:00:00+00:00,25,29,27,동북동 7km/h,보통,2,51%,"{""비"": ""0.2mm"", ""humidity"": ""90%"", ""dew_point"": ""23° C"", ""real_feel"": 29, ""visibility"": ""8km"", ""wind_gusts"": ""20km/h"", ""cloud_cover"": ""92%"", ""cloud_ceiling"": ""9100m"", ""precip_probability"": ""51%"", ""acculumen_brightness"": ""2 (어둡게)""}"
78355,2026-08-16T09:06:55.551209+09:00,2026-08-16T10:00:00+09:00,1786842000,2026-08-16T01:00:00+00:00,25,29,28,동북동 9km/h,보통,1,40%,"{""humidity"": ""89%"", ""dew_point"": ""23° C"", ""real_feel"": 29, ""visibility"": ""8km"", ""wind_gusts"": ""22km/h"", ""cloud_cover"": ""100%"", ""cloud_ceiling"": ""1200m"", ""precip_probability"": ""40%"", ""acculumen_brightness"": ""1 (어둡게)""}"
78441,2026-08-16T10:04:57.539265+09:00,2026-08-16T11:00:00+09:00,1786845600,2026-08-16T02:00:00+00:00,25,33,28,동북동 9km/h,나쁨,5,37%,"{""humidity"": ""89%"", ""dew_point"": ""23° C"", ""real_feel"": 33, ""visibility"": ""8km"", ""wind_gusts"": ""24km/h"", ""cloud_cover"": ""82%"", ""cloud_ceiling"": ""9100m"", ""precip_probability"": ""37%"", ""acculumen_brightness"": ""4 (칙칙함)""}"
78526,2026-08-16T11:03:45.459359+09:00,2026-08-16T12:00:00+09:00,1786849200,2026-08-16T03:00:00+00:00,25,32,28,동북동 11km/h,나쁨,3,39%,"{""humidity"": ""89%"", ""dew_point"": ""23° C"", ""real_feel"": 32, ""visibility"": ""10km"", ""wind_gusts"": ""26km/h"", ""cloud_cover"": ""79%"", ""cloud_ceiling"": ""500m"", ""precip_probability"": ""39%"", ""acculumen_brightness"": ""4 (칙칙함)""}"
78610,2026-08-16T12:05:20.649581+09:00,2026-08-16T13:00:00+09:00,1786852800,2026-08-16T04:00:00+00:00,26,32,29,동북동 11km/h,보통,2,49%,"{""humidity"": ""87%"", ""dew_point"": ""23° C"", ""real_feel"": 32, ""visibility"": ""8km"", ""wind_gusts"": ""28km/h"", ""cloud_cover"": ""80%"", ""cloud_ceiling"": ""500m"", ""precip_probability"": ""49%"", ""acculumen_brightness"": ""4 (칙칙함)""}"
78693,2026-08-16T13:06:00.786581+09:00,2026-08-16T14:00:00+09:00,1786856400,2026-08-16T05:00:00+00:00,27,30,29,동북동 11km/h,보통,N/A,64%,"{""비"": ""1.7mm"", ""max_uv"": ""1.7 (낮음)"", ""humidity"": ""83%"", ""dew_point"": ""23° C"", ""real_feel"": 30, ""visibility"": ""8km"", ""wind_gusts"": ""26km/h"", ""cloud_cover"": ""81%"", ""cloud_ceiling"": ""500m"", ""precip_probability"": ""64%"", ""acculumen_brightness"": ""4 (칙칙함)""}"
78775,2026-08-16T14:04:42.409728+09:00,2026-08-16T15:00:00+09:00,1786860000,2026-08-16T06:00:00+00:00,27,31,31,동북동 11km/h,보통,N/A,58%,"{""비"": ""0.6mm"", ""max_uv"": ""0.9 (낮음)"", ""humidity"": ""86%"", ""dew_point"": ""24° C"", ""real_feel"": 31, ""visibility"": ""6km"", ""wind_gusts"": ""24km/h"", ""cloud_cover"": ""100%"", ""cloud_ceiling"": ""500m"", ""precip_probability"": ""58%"", ""acculumen_brightness"": ""1 (어둡게)""}"
78856,2026-08-16T15:08:07.847724+09:00,2026-08-16T16:00:00+09:00,1786863600,2026-08-16T07:00:00+00:00,27,30,30,동북동 11km/h,보통,N/A,51%,"{""비"": ""0.3mm"", ""max_uv"": ""0.6 (낮음)"", ""humidity"": ""79%"", ""dew_point"": ""23° C"", ""real_feel"": 30, ""visibility"": ""10km"", ""wind_gusts"": ""22km/h"", ""cloud_cover"": ""100%"", ""cloud_ceiling"": ""500m"", ""precip_probability"": ""51%"", ""acculumen_brightness"": ""1 (어둡게)""}"
78936,2026-08-16T16:05:54.617816+09:00,2026-08-16T17:00:00+09:00,1786867200,2026-08-16T08:00:00+00:00,28,33,31,동북동 11km/h,완벽함,N/A,47%,"{""max_uv"": ""1.6 (낮음)"", ""humidity"": ""77%"", ""dew_point"": ""23° C"", ""real_feel"": 33, ""visibility"": ""10km"", ""wind_gusts"": ""22km/h"", ""cloud_cover"": ""61%"", ""cloud_ceiling"": ""9100m"", ""precip_probability"": ""47%"", ""acculumen_brightness"": ""7 (밝음)""}"
79015,2026-08-16T17:03:55.444484+09:00,2026-08-16T18:00:00+09:00,1786870800,2026-08-16T09:00:00+00:00,27,31,31,동북동 11km/h,완벽함,N/A,49%,"{""max_uv"": ""0.4 (낮음)"", ""humidity"": ""79%"", ""dew_point"": ""23° C"", ""real_feel"": 31, ""visibility"": ""10km"", ""wind_gusts"": ""22km/h"", ""cloud_cover"": ""91%"", ""cloud_ceiling"": ""9100m"", ""precip_probability"": ""49%"", ""acculumen_brightness"": ""1 (어둡게)""}"
79093,2026-08-16T18:02:40.760563+09:00,2026-08-16T19:00:00+09:00,1786874400,2026-08-16T10:00:00+00:00,28,30,30,동남동 11km/h,완벽함,N/A,54%,"{""비"": ""0.3mm"", ""max_uv"": ""0.0 (낮음)"", ""humidity"": ""76%"", ""dew_point"": ""23° C"", ""real_feel"": 30, ""visibility"": ""11km"", ""wind_gusts"": ""24km/h"", ""cloud_cover"": ""85%"", ""cloud_ceiling"": ""2100m"", ""precip_probability"": ""54%"", ""acculumen_brightness"": ""0 (어둡게)""}"
79170,2026-08-16T19:02:55.614378+09:00,2026-08-16T20:00:00+09:00,1786878000,2026-08-16T11:00:00+00:00,27,29,,동남동 9km/h,완벽함,N/A,49%,"{""비"": ""0.2mm"", ""humidity"": ""78%"", ""dew_point"": ""23° C"", ""real_feel"": 29, ""visibility"": ""10km"", ""cloud_cover"": ""79%"", ""cloud_ceiling"": ""500m"", ""precip_probability"": ""49%"", ""acculumen_brightness"": ""0 (어둡게)""}"
79246,2026-08-16T20:07:39.423791+09:00,2026-08-16T21:00:00+09:00,1786881600,2026-08-16T12:00:00+00:00,26,29,,동남동 9km/h,완벽함,N/A,48%,"{""비"": ""0.1mm"", ""humidity"": ""81%"", ""dew_point"": ""23° C"", ""real_feel"": 29, ""visibility"": ""8km"", ""cloud_cover"": ""92%"", ""cloud_ceiling"": ""500m"", ""precip_probability"": ""48%"", ""acculumen_brightness"": ""0 (어둡게)""}"
79321,2026-08-16T21:07:41.581847+09:00,2026-08-16T22:00:00+09:00,1786885200,2026-08-16T13:00:00+00:00,26,29,,동남동 7km/h,완벽함,N/A,38%,"{""dew_point"": ""23° C"", ""real_feel"": 29, ""visibility"": ""8km"", ""cloud_cover"": ""96%"", ""cloud_ceiling"": ""500m"", ""precip_probability"": ""38%"", ""acculumen_brightness"": ""0 (어둡게)""}"
79395,2026-08-16T22:03:36.449399+09:00,2026-08-16T23:00:00+09:00,1786888800,2026-08-16T14:00:00+00:00,26,29,,동남동 7km/h,완벽함,N/A,32%,"{""dew_point"": ""22° C"", ""real_feel"": 29, ""visibility"": ""8km"", ""cloud_cover"": ""89%"", ""cloud_ceiling"": ""500m"", ""precip_probability"": ""32%"", ""acculumen_brightness"": ""0 (어둡게)""}"
79468,2026-08-16T23:07:35.132944+09:00,2026-08-17T00:00:00+09:00,1786892400,2026-08-16T15:00:00+00:00,25,28,,동남동 7km/h,완벽함,N/A,28%,"{""dew_point"": ""22° C"", ""real_feel"": 28, ""visibility"": ""8km"", ""cloud_cover"": ""97%"", ""cloud_ceiling"": ""500m"", ""precip_probability"": ""28%"", ""acculumen_brightness"": ""0 (어둡게)""}"
79564,2026-08-17T00:04:29.977959+09:00,2026-08-17T01:00:00+09:00,1786896000,2026-08-16T16:00:00+00:00,25,28,,동남동 7km/h,완벽함,N/A,20%,"{""dew_point"": ""22° C"", ""real_feel"": 28, ""visibility"": ""8km"", ""cloud_cover"": ""71%"", ""cloud_ceiling"": ""500m"", ""precip_probability"": ""20%"", ""acculumen_brightness"": ""0 (어둡게)""}"
79659,2026-08-17T01:02:41.298214+09:00,2026-08-17T02:00:00+09:00,1786899600,2026-08-16T17:00:00+00:00,25,27,,남동 7km/h,완벽함,N/A,47%,"{""비"": ""0.1mm"", ""dew_point"": ""23° C"", ""real_feel"": 27, ""visibility"": ""8km"", ""cloud_cover"": ""72%"", ""cloud_ceiling"": ""3000m"", ""precip_probability"": ""47%"", ""acculumen_brightness"": ""0 (어둡게)""}"
79753,2026-08-17T02:04:45.114378+09:00,2026-08-17T03:00:00+09:00,1786903200,2026-08-16T18:00:00+00:00,24,28,,남남동 6km/h,완벽함,N/A,43%,"{""dew_point"": ""23° C"", ""real_feel"": 28, ""visibility"": ""8km"", ""cloud_cover"": ""98%"", ""cloud_ceiling"": ""6100m"", ""precip_probability"": ""43%"", ""acculumen_brightness"": ""0 (어둡게)""}"
79846,2026-08-17T03:02:47.524317+09:00,2026-08-17T04:00:00+09:00,1786906800,2026-08-16T19:00:00+00:00,24,27,,남동 6km/h,완벽함,N/A,40%,"{""비"": ""0.1mm"", ""dew_point"": ""23° C"", ""real_feel"": 27, ""visibility"": ""8km"", ""cloud_cover"": ""97%"", ""cloud_ceiling"": ""3000m"", ""precip_probability"": ""40%"", ""acculumen_brightness"": ""0 (어둡게)""}"
79938,2026-08-17T04:05:14.538579+09:00,2026-08-17T05:00:00+09:00,1786910400,2026-08-16T20:00:00+00:00,24,27,,동남동 6km/h,보통,N/A,40%,"{""dew_point"": ""23° C"", ""real_feel"": 27, ""visibility"": ""8km"", ""cloud_cover"": ""88%"", ""cloud_ceiling"": ""500m"", ""precip_probability"": ""40%"", ""acculumen_brightness"": ""0 (어둡게)""}"
80029,2026-08-17T05:07:12.806212+09:00,2026-08-17T06:00:00+09:00,1786914000,2026-08-16T21:00:00+00:00,23,27,27,동 7km/h,보통,0,44%,"{""비"": ""0.2mm"", ""humidity"": ""100%"", ""dew_point"": ""23° C"", ""real_feel"": 27, ""visibility"": ""8km"", ""wind_gusts"": ""13km/h"", ""cloud_cover"": ""86%"", ""cloud_ceiling"": ""500m"", ""precip_probability"": ""44%"", ""acculumen_brightness"": ""1 (어둡게)""}"
80119,2026-08-17T06:07:59.420689+09:00,2026-08-17T07:00:00+09:00,1786917600,2026-08-16T22:00:00+00:00,24,28,28,동 7km/h,완벽함,0,51%,"{""비"": ""0.3mm"", ""humidity"": ""99%"", ""dew_point"": ""24° C"", ""real_feel"": 28, ""visibility"": ""8km"", ""wind_gusts"": ""13km/h"", ""cloud_cover"": ""80%"", ""cloud_ceiling"": ""500m"", ""precip_probability"": ""51%"", ""acculumen_brightness"": ""4 (칙칙함)""}"
80208,2026-08-17T07:04:21.678355+09:00,2026-08-17T08:00:00+09:00,1786921200,2026-08-16T23:00:00+00:00,24,29,29,동 7km/h,완벽함,1,47%,"{""humidity"": ""97%"", ""dew_point"": ""24° C"", ""real_feel"": 29, ""visibility"": ""5km"", ""wind_gusts"": ""13km/h"", ""cloud_cover"": ""75%"", ""cloud_ceiling"": ""500m"", ""precip_probability"": ""47%"", ""acculumen_brightness"": ""5 (중간)""}"
80296,2026-08-17T08:05:10.452509+09:00,2026-08-17T09:00:00+09:00,1786924800,2026-08-17T00:00:00+00:00,25,29,29,동 7km/h,완벽함,0,53%,"{""비"": ""0.3mm"", ""humidity"": ""95%"", ""dew_point"": ""24° C"", ""real_feel"": 29, ""visibility"": ""10km"", ""wind_gusts"": ""15km/h"", ""cloud_cover"": ""99%"", ""cloud_ceiling"": ""500m"", ""precip_probability"": ""53%"", ""acculumen_brightness"": ""1 (어둡게)""}"
80383,2026-08-17T09:04:28.372844+09:00,2026-08-17T10:00:00+09:00,1786928400,2026-08-17T01:00:00+00:00,25,30,28,동남동 7km/h,완벽함,1,51%,"{""비"": ""1.9mm"", ""humidity"": ""93%"", ""dew_point"": ""24° C"", ""real_feel"": 30, ""visibility"": ""10km"", ""wind_gusts"": ""17km/h"", ""cloud_cover"": ""100%"", ""cloud_ceiling"": ""500m"", ""precip_probability"": ""51%"", ""acculumen_brightness"": ""1 (어둡게)""}"
80469,2026-08-17T10:02:40.125310+09:00,2026-08-17T11:00:00+09:00,1786932000,2026-08-17T02:00:00+00:00,26,33,30,동남동 7km/h,보통,N/A,40%,"{""max_uv"": ""3.3 (보통)"", ""humidity"": ""91%"", ""dew_point"": ""24° C"", ""real_feel"": 33, ""visibility"": ""11km"", ""wind_gusts"": ""19km/h"", ""cloud_cover"": ""72%"", ""cloud_ceiling"": ""500m"", ""precip_probability"": ""40%"", ""acculumen_brightness"": ""5 (중간)""}"
80554,2026-08-17T11:03:40.308274+09:00,2026-08-17T12:00:00+09:00,1786935600,2026-08-17T03:00:00+00:00,26,34,30,남동 9km/h,보통,N/A,31%,"{""max_uv"": ""3.6 (보통)"", ""humidity"": ""90%"", ""dew_point"": ""24° C"", ""real_feel"": 34, ""visibility"": ""8km"", ""wind_gusts"": ""20km/h"", ""cloud_cover"": ""74%"", ""cloud_ceiling"": ""500m"", ""precip_probability"": ""31%"", ""acculumen_brightness"": ""5 (중간)""}"
80638,2026-08-17T12:03:09.113522+09:00,2026-08-17T13:00:00+09:00,1786939200,2026-08-17T04:00:00+00:00,27,37,31,남남동 9km/h,보통,N/A,20%,"{""max_uv"": ""8.0 (매우 높음)"", ""humidity"": ""86%"", ""dew_point"": ""25° C"", ""real_feel"": 37, ""visibility"": ""11km"", ""wind_gusts"": ""22km/h"", ""cloud_cover"": ""58%"", ""cloud_ceiling"": ""9100m"", ""precip_probability"": ""20%"", ""acculumen_brightness"": ""7 (밝음)""}"
80721,2026-08-17T13:02:57.917798+09:00,2026-08-17T14:00:00+09:00,1786942800,2026-08-17T05:00:00+00:00,28,38,33,남 9km/h,보통,N/A,20%,"{""max_uv"": ""5.9 (높음)"", ""humidity"": ""82%"", ""dew_point"": ""25° C"", ""real_feel"": 38, ""visibility"": ""10km"", ""wind_gusts"": ""22km/h"", ""cloud_cover"": ""43%"", ""cloud_ceiling"": ""9100m"", ""precip_probability"": ""20%"", ""acculumen_brightness"": ""8 (밝음)""}"
80803,2026-08-17T14:04:34.143590+09:00,2026-08-17T15:00:00+09:00,1786946400,2026-08-17T06:00:00+00:00,29,36,34,남남서 9km/h,완벽함,N/A,62%,"{""비"": ""0.2mm"", ""max_uv"": ""1.5 (낮음)"", ""humidity"": ""78%"", ""dew_point"": ""25° C"", ""real_feel"": 36, ""visibility"": ""10km"", ""wind_gusts"": ""22km/h"", ""cloud_cover"": ""99%"", ""cloud_ceiling"": ""6100m"", ""precip_probability"": ""62%"", ""acculumen_brightness"": ""1 (어둡게)""}"
80884,2026-08-17T15:04:46.928538+09:00,2026-08-17T16:00:00+09:00,1786950000,2026-08-17T07:00:00+00:00,29,35,35,남남서 9km/h,완벽함,N/A,51%,"{""비"": ""0.2mm"", ""max_uv"": ""0.8 (낮음)"", ""humidity"": ""82%"", ""dew_point"": ""25° C"", ""real_feel"": 35, ""visibility"": ""10km"", ""wind_gusts"": ""22km/h"", ""cloud_cover"": ""99%"", ""cloud_ceiling"": ""3000m"", ""precip_probability"": ""51%"", ""acculumen_brightness"": ""1 (어둡게)""}"
80964,2026-08-17T16:07:43.245616+09:00,2026-08-17T17:00:00+09:00,1786953600,2026-08-17T08:00:00+00:00,28,36,33,남남서 9km/h,완벽함,N/A,49%,"{""max_uv"": ""1.4 (낮음)"", ""humidity"": ""85%"", ""dew_point"": ""26° C"", ""real_feel"": 36, ""visibility"": ""8km"", ""wind_gusts"": ""20km/h"", ""cloud_cover"": ""70%"", ""cloud_ceiling"": ""9100m"", ""precip_probability"": ""49%"", ""acculumen_brightness"": ""6 (중간)""}"
81043,2026-08-17T17:02:53.562062+09:00,2026-08-17T18:00:00+09:00,1786957200,2026-08-17T09:00:00+00:00,28,34,34,남남서 9km/h,완벽함,N/A,67%,"{""비"": ""0.2mm"", ""max_uv"": ""0.3 (낮음)"", ""humidity"": ""89%"", ""dew_point"": ""26° C"", ""real_feel"": 34, ""visibility"": ""10km"", ""wind_gusts"": ""19km/h"", ""cloud_cover"": ""99%"", ""cloud_ceiling"": ""9100m"", ""precip_probability"": ""67%"", ""acculumen_brightness"": ""0 (어둡게)""}"
81121,2026-08-17T18:07:09.634890+09:00,2026-08-17T19:00:00+09:00,1786960800,2026-08-17T10:00:00+00:00,29,35,35,서 6km/h,완벽함,N/A,40%,"{""비"": ""0.1mm"", ""max_uv"": ""0.0 (낮음)"", ""humidity"": ""85%"", ""dew_point"": ""26° C"", ""real_feel"": 35, ""visibility"": ""10km"", ""wind_gusts"": ""15km/h"", ""cloud_cover"": ""91%"", ""cloud_ceiling"": ""2700m"", ""precip_probability"": ""40%"", ""acculumen_brightness"": ""0 (어둡게)""}"
81198,2026-08-17T19:02:42.411772+09:00,2026-08-17T20:00:00+09:00,1786964400,2026-08-17T11:00:00+00:00,28,34,,서 6km/h,보통,N/A,41%,"{""humidity"": ""87%"", ""dew_point"": ""25° C"", ""real_feel"": 34, ""visibility"": ""8km"", ""cloud_cover"": ""91%"", ""cloud_ceiling"": ""3000m"", ""precip_probability"": ""41%"", ""acculumen_brightness"": ""0 (어둡게)""}"
81274,2026-08-17T20:05:06.862165+09:00,2026-08-17T21:00:00+09:00,1786968000,2026-08-17T12:00:00+00:00,27,34,,서 6km/h,보통,N/A,37%,"{""humidity"": ""91%"", ""dew_point"": ""25° C"", ""real_feel"": 34, ""visibility"": ""8km"", ""cloud_cover"": ""61%"", ""cloud_ceiling"": ""6100m"", ""precip_probability"": ""37%"", ""acculumen_brightness"": ""0 (어둡게)""}"
81349,2026-08-17T21:06:16.385253+09:00,2026-08-17T22:00:00+09:00,1786971600,2026-08-17T13:00:00+00:00,26,32,,서 4km/h,보통,N/A,34%,"{""humidity"": ""94%"", ""dew_point"": ""25° C"", ""real_feel"": 32, ""visibility"": ""8km"", ""cloud_cover"": ""29%"", ""cloud_ceiling"": ""9100m"", ""precip_probability"": ""34%"", ""acculumen_brightness"": ""0 (어둡게)""}"
81423,2026-08-17T22:02:16.417816+09:00,2026-08-17T23:00:00+09:00,1786975200,2026-08-17T14:00:00+00:00,24,30,,남서 4km/h,보통,N/A,34%,"{""dew_point"": ""24° C"", ""real_feel"": 30, ""visibility"": ""8km"", ""cloud_cover"": ""23%"", ""cloud_ceiling"": ""9100m"", ""precip_probability"": ""34%"", ""acculumen_brightness"": ""0 (어둡게)""}"
81496,2026-08-17T23:07:09.520222+09:00,2026-08-18T00:00:00+09:00,1786978800,2026-08-17T15:00:00+00:00,24,30,,남동 4km/h,나쁨,N/A,34%,"{""dew_point"": ""24° C"", ""real_feel"": 30, ""visibility"": ""8km"", ""cloud_cover"": ""18%"", ""cloud_ceiling"": ""9100m"", ""precip_probability"": ""34%"", ""acculumen_brightness"": ""0 (어둡게)""}"
81592,2026-08-18T00:06:09.509101+09:00,2026-08-18T01:00:00+09:00,1786982400,2026-08-17T16:00:00+00:00,24,29,,남동 4km/h,나쁨,N/A,34%,"{""dew_point"": ""24° C"", ""real_feel"": 29, ""visibility"": ""8km"", ""cloud_cover"": ""27%"", ""cloud_ceiling"": ""9100m"", ""precip_probability"": ""34%"", ""acculumen_brightness"": ""0 (어둡게)""}"
81687,2026-08-18T01:07:00.599793+09:00,2026-08-18T02:00:00+09:00,1786986000,2026-08-17T17:00:00+00:00,23,28,,남동 4km/h,나쁨,N/A,44%,"{""dew_point"": ""23° C"", ""real_feel"": 28, ""visibility"": ""8km"", ""cloud_cover"": ""50%"", ""cloud_ceiling"": ""3000m"", ""precip_probability"": ""44%"", ""acculumen_brightness"": ""0 (어둡게)""}"
81781,2026-08-18T02:07:45.488292+09:00,2026-08-18T03:00:00+09:00,1786989600,2026-08-17T18:00:00+00:00,23,28,,남남동 4km/h,나쁨,N/A,44%,"{""dew_point"": ""23° C"", ""real_feel"": 28, ""visibility"": ""8km"", ""cloud_cover"": ""46%"", ""cloud_ceiling"": ""9100m"", ""precip_probability"": ""44%"", ""acculumen_brightness"": ""0 (어둡게)""}"
81874,2026-08-18T03:04:56.844162+09:00,2026-08-18T04:00:00+09:00,1786993200,2026-08-17T19:00:00+00:00,23,27,,남남동 4km/h,보통,N/A,43%,"{""dew_point"": ""23° C"", ""real_feel"": 27, ""visibility"": ""8km"", ""cloud_cover"": ""63%"", ""cloud_ceiling"": ""500m"", ""precip_probability"": ""43%"", ""acculumen_brightness"": ""0 (어둡게)""}"
81966,2026-08-18T04:05:30.855424+09:00,2026-08-18T05:00:00+09:00,1786996800,2026-08-17T20:00:00+00:00,23,28,,남남동 4km/h,보통,N/A,47%,"{""dew_point"": ""23° C"", ""real_feel"": 28, ""visibility"": ""8km"", ""cloud_cover"": ""80%"", ""cloud_ceiling"": ""500m"", ""precip_probability"": ""47%"", ""acculumen_brightness"": ""0 (어둡게)""}"
82057,2026-08-18T05:03:39.711628+09:00,2026-08-18T06:00:00+09:00,1787000400,2026-08-17T21:00:00+00:00,23,26,26,남 4km/h,나쁨,0,51%,"{""비"": ""0.4mm"", ""humidity"": ""100%"", ""dew_point"": ""23° C"", ""real_feel"": 26, ""visibility"": ""8km"", ""wind_gusts"": ""7km/h"", ""cloud_cover"": ""97%"", ""cloud_ceiling"": ""500m"", ""precip_probability"": ""51%"", ""acculumen_brightness"": ""0 (어둡게)""}"
82147,2026-08-18T06:07:27.122612+09:00,2026-08-18T07:00:00+09:00,1787004000,2026-08-17T22:00:00+00:00,24,29,29,남 4km/h,보통,0,5%,"{""humidity"": ""95%"", ""dew_point"": ""23° C"", ""real_feel"": 29, ""visibility"": ""8km"", ""wind_gusts"": ""11km/h"", ""cloud_cover"": ""79%"", ""cloud_ceiling"": ""500m"", ""precip_probability"": ""5%"", ""acculumen_brightness"": ""4 (칙칙함)""}"
82236,2026-08-18T07:04:32.906755+09:00,2026-08-18T08:00:00+09:00,1787007600,2026-08-17T23:00:00+00:00,25,33,30,남남서 6km/h,보통,2,2%,"{""humidity"": ""95%"", ""dew_point"": ""24° C"", ""real_feel"": 33, ""visibility"": ""10km"", ""wind_gusts"": ""15km/h"", ""cloud_cover"": ""61%"", ""cloud_ceiling"": ""9100m"", ""precip_probability"": ""2%"", ""acculumen_brightness"": ""7 (밝음)""}"
82324,2026-08-18T08:03:04.729174+09:00,2026-08-18T09:00:00+09:00,1787011200,2026-08-18T00:00:00+00:00,27,36,31,남남서 7km/h,보통,N/A,2%,"{""max_uv"": ""4.1 (보통)"", ""humidity"": ""87%"", ""dew_point"": ""24° C"", ""real_feel"": 36, ""visibility"": ""10km"", ""wind_gusts"": ""17km/h"", ""cloud_cover"": ""43%"", ""cloud_ceiling"": ""9100m"", ""precip_probability"": ""2%"", ""acculumen_brightness"": ""8 (밝음)""}"
82411,2026-08-18T09:06:05.318048+09:00,2026-08-18T10:00:00+09:00,1787014800,2026-08-18T01:00:00+00:00,28,37,32,남서 7km/h,보통,N/A,2%,"{""max_uv"": ""5.9 (높음)"", ""humidity"": ""79%"", ""dew_point"": ""24° C"", ""real_feel"": 37, ""visibility"": ""11km"", ""wind_gusts"": ""20km/h"", ""cloud_cover"": ""30%"", ""cloud_ceiling"": ""9100m"", ""precip_probability"": ""2%"", ""acculumen_brightness"": ""9 (매우 밝음)""}"
82497,2026-08-18T10:03:55.310966+09:00,2026-08-18T11:00:00+09:00,1787018400,2026-08-18T02:00:00+00:00,29,38,33,서남서 9km/h,보통,N/A,2%,"{""max_uv"": ""7.9 (매우 높음)"", ""humidity"": ""71%"", ""dew_point"": ""24° C"", ""real_feel"": 38, ""visibility"": ""16km"", ""wind_gusts"": ""22km/h"", ""cloud_cover"": ""17%"", ""cloud_ceiling"": ""9100m"", ""precip_probability"": ""2%"", ""acculumen_brightness"": ""9 (매우 밝음)""}"
82582,2026-08-18T11:07:45.123890+09:00,2026-08-18T12:00:00+09:00,1787022000,2026-08-18T03:00:00+00:00,30,38,33,서남서 11km/h,나쁨,N/A,1%,"{""max_uv"": ""8.8 (매우 높음)"", ""humidity"": ""65%"", ""dew_point"": ""23° C"", ""real_feel"": 38, ""visibility"": ""16km"", ""wind_gusts"": ""24km/h"", ""cloud_cover"": ""5%"", ""cloud_ceiling"": ""9100m"", ""precip_probability"": ""1%"", ""acculumen_brightness"": ""9 (매우 밝음)""}"
82666,2026-08-18T12:05:27.036221+09:00,2026-08-18T13:00:00+09:00,1787025600,2026-08-18T04:00:00+00:00,31,38,33,서남서 11km/h,나쁨,N/A,0%,"{""max_uv"": ""7.9 (매우 높음)"", ""humidity"": ""63%"", ""dew_point"": ""23° C"", ""real_feel"": 38, ""visibility"": ""16km"", ""wind_gusts"": ""26km/h"", ""cloud_cover"": ""5%"", ""cloud_ceiling"": ""9100m"", ""precip_probability"": ""0%"", ""acculumen_brightness"": ""9 (매우 밝음)""}"
82749,2026-08-18T13:07:14.363625+09:00,2026-08-18T14:00:00+09:00,1787029200,2026-08-18T05:00:00+00:00,31,38,34,서남서 11km/h,보통,N/A,0%,"{""max_uv"": ""5.9 (높음)"", ""humidity"": ""59%"", ""dew_point"": ""23° C"", ""real_feel"": 38, ""visibility"": ""16km"", ""wind_gusts"": ""26km/h"", ""cloud_cover"": ""6%"", ""cloud_ceiling"": ""9100m"", ""precip_probability"": ""0%"", ""acculumen_brightness"": ""9 (매우 밝음)""}"
82831,2026-08-18T14:03:48.583785+09:00,2026-08-18T15:00:00+09:00,1787032800,2026-08-18T06:00:00+00:00,31,36,33,서남서 13km/h,보통,N/A,0%,"{""max_uv"": ""4.1 (보통)"", ""humidity"": ""60%"", ""dew_point"": ""22° C"", ""real_feel"": 36, ""visibility"": ""16km"", ""wind_gusts"": ""28km/h"", ""cloud_cover"": ""6%"", ""cloud_ceiling"": ""9100m"", ""precip_probability"": ""0%"", ""acculumen_brightness"": ""9 (매우 밝음)""}"
82912,2026-08-18T15:06:48.353768+09:00,2026-08-18T16:00:00+09:00,1787036400,2026-08-18T07:00:00+00:00,31,35,33,서남서 11km/h,나쁨,N/A,0%,"{""max_uv"": ""2.7 (보통)"", ""humidity"": ""61%"", ""dew_point"": ""22° C"", ""real_feel"": 35, ""visibility"": ""16km"", ""wind_gusts"": ""30km/h"", ""cloud_cover"": ""8%"", ""cloud_ceiling"": ""9100m"", ""precip_probability"": ""0%"", ""acculumen_brightness"": ""9 (매우 밝음)""}"
82992,2026-08-18T16:05:54.110191+09:00,2026-08-18T17:00:00+09:00,1787040000,2026-08-18T08:00:00+00:00,30,34,33,서 11km/h,나쁨,N/A,0%,"{""max_uv"": ""1.6 (낮음)"", ""humidity"": ""62%"", ""dew_point"": ""22° C"", ""real_feel"": 34, ""visibility"": ""16km"", ""wind_gusts"": ""28km/h"", ""cloud_cover"": ""9%"", ""cloud_ceiling"": ""9100m"", ""precip_probability"": ""0%"", ""acculumen_brightness"": ""9 (매우 밝음)""}"
83071,2026-08-18T17:05:46.708868+09:00,2026-08-18T18:00:00+09:00,1787043600,2026-08-18T09:00:00+00:00,29,32,32,서 11km/h,나쁨,N/A,0%,"{""max_uv"": ""0.6 (낮음)"", ""humidity"": ""67%"", ""dew_point"": ""22° C"", ""real_feel"": 32, ""visibility"": ""16km"", ""wind_gusts"": ""24km/h"", ""cloud_cover"": ""11%"", ""cloud_ceiling"": ""9100m"", ""precip_probability"": ""0%"", ""acculumen_brightness"": ""4 (칙칙함)""}"
83149,2026-08-18T18:03:09.346423+09:00,2026-08-18T19:00:00+09:00,1787047200,2026-08-18T10:00:00+00:00,29,32,32,서 9km/h,나쁨,N/A,0%,"{""max_uv"": ""0.0 (낮음)"", ""humidity"": ""69%"", ""dew_point"": ""23° C"", ""real_feel"": 32, ""visibility"": ""11km"", ""wind_gusts"": ""20km/h"", ""cloud_cover"": ""65%"", ""cloud_ceiling"": ""7600m"", ""precip_probability"": ""0%"", ""acculumen_brightness"": ""0 (어둡게)""}"
83226,2026-08-18T19:06:20.217186+09:00,2026-08-18T20:00:00+09:00,1787050800,2026-08-18T11:00:00+00:00,28,32,,서 7km/h,나쁨,N/A,0%,"{""humidity"": ""79%"", ""dew_point"": ""24° C"", ""real_feel"": 32, ""visibility"": ""11km"", ""cloud_cover"": ""60%"", ""cloud_ceiling"": ""9100m"", ""precip_probability"": ""0%"", ""acculumen_brightness"": ""0 (어둡게)""}"
83302,2026-08-18T20:06:56.363604+09:00,2026-08-18T21:00:00+09:00,1787054400,2026-08-18T12:00:00+00:00,26,31,,서남서 6km/h,나쁨,N/A,0%,"{""humidity"": ""87%"", ""dew_point"": ""24° C"", ""real_feel"": 31, ""visibility"": ""10km"", ""cloud_cover"": ""54%"", ""cloud_ceiling"": ""9100m"", ""precip_probability"": ""0%"", ""acculumen_brightness"": ""0 (어둡게)""}"
83377,2026-08-18T21:02:55.452865+09:00,2026-08-18T22:00:00+09:00,1787058000,2026-08-18T13:00:00+00:00,25,30,,남서 6km/h,보통,N/A,0%,"{""dew_point"": ""24° C"", ""real_feel"": 30, ""visibility"": ""10km"", ""cloud_cover"": ""69%"", ""cloud_ceiling"": ""9100m"", ""precip_probability"": ""0%"", ""acculumen_brightness"": ""0 (어둡게)""}"
83451,2026-08-18T22:07:59.978862+09:00,2026-08-18T23:00:00+09:00,1787061600,2026-08-18T14:00:00+00:00,25,30,,남 6km/h,보통,N/A,0%,"{""dew_point"": ""24° C"", ""real_feel"": 30, ""visibility"": ""8km"", ""cloud_cover"": ""84%"", ""cloud_ceiling"": ""9100m"", ""precip_probability"": ""0%"", ""acculumen_brightness"": ""0 (어둡게)""}"
83524,2026-08-18T23:02:18.177614+09:00,2026-08-19T00:00:00+09:00,1787065200,2026-08-18T15:00:00+00:00,25,30,,남남동 6km/h,나쁨,N/A,2%,"{""dew_point"": ""24° C"", ""real_feel"": 30, ""visibility"": ""8km"", ""cloud_cover"": ""99%"", ""cloud_ceiling"": ""9100m"", ""precip_probability"": ""2%"", ""acculumen_brightness"": ""0 (어둡게)""}"
83620,2026-08-19T00:03:35.958768+09:00,2026-08-19T01:00:00+09:00,1787068800,2026-08-18T16:00:00+00:00,25,30,,남남동 6km/h,나쁨,N/A,22%,"{""dew_point"": ""24° C"", ""real_feel"": 30, ""visibility"": ""8km"", ""cloud_cover"": ""86%"", ""cloud_ceiling"": ""9100m"", ""precip_probability"": ""22%"", ""acculumen_brightness"": ""0 (어둡게)""}"
83715,2026-08-19T01:07:10.662806+09:00,2026-08-19T02:00:00+09:00,1787072400,2026-08-18T17:00:00+00:00,25,30,,남남동 6km/h,나쁨,N/A,22%,"{""dew_point"": ""24° C"", ""real_feel"": 30, ""visibility"": ""8km"", ""cloud_cover"": ""73%"", ""cloud_ceiling"": ""9100m"", ""precip_probability"": ""22%"", ""acculumen_brightness"": ""0 (어둡게)""}"
83809,2026-08-19T02:03:21.750219+09:00,2026-08-19T03:00:00+09:00,1787076000,2026-08-18T18:00:00+00:00,25,30,,남남동 6km/h,보통,N/A,27%,"{""dew_point"": ""24° C"", ""real_feel"": 30, ""visibility"": ""8km"", ""cloud_cover"": ""60%"", ""cloud_ceiling"": ""9100m"", ""precip_probability"": ""27%"", ""acculumen_brightness"": ""0 (어둡게)""}"
83902,2026-08-19T03:04:04.260182+09:00,2026-08-19T04:00:00+09:00,1787079600,2026-08-18T19:00:00+00:00,24,29,,남남동 6km/h,나쁨,N/A,47%,"{""dew_point"": ""24° C"", ""real_feel"": 29, ""visibility"": ""8km"", ""cloud_cover"": ""71%"", ""cloud_ceiling"": ""9100m"", ""precip_probability"": ""47%"", ""acculumen_brightness"": ""0 (어둡게)""}"
83994,2026-08-19T04:06:55.581427+09:00,2026-08-19T05:00:00+09:00,1787083200,2026-08-18T20:00:00+00:00,24,27,,남남동 6km/h,나쁨,N/A,40%,"{""비"": ""0.1mm"", ""dew_point"": ""23° C"", ""real_feel"": 27, ""visibility"": ""6km"", ""cloud_cover"": ""97%"", ""cloud_ceiling"": ""1200m"", ""precip_probability"": ""40%"", ""acculumen_brightness"": ""0 (어둡게)""}"
84085,2026-08-19T05:07:39.106782+09:00,2026-08-19T06:00:00+09:00,1787086800,2026-08-18T21:00:00+00:00,23,27,27,남남동 6km/h,나쁨,0,40%,"{""비"": ""0.1mm"", ""humidity"": ""100%"", ""dew_point"": ""23° C"", ""real_feel"": 27, ""visibility"": ""8km"", ""wind_gusts"": ""15km/h"", ""cloud_cover"": ""95%"", ""cloud_ceiling"": ""9100m"", ""precip_probability"": ""40%"", ""acculumen_brightness"": ""1 (어둡게)""}"
84175,2026-08-19T06:05:16.324970+09:00,2026-08-19T07:00:00+09:00,1787090400,2026-08-18T22:00:00+00:00,24,28,28,남남동 7km/h,나쁨,0,51%,"{""비"": ""0.1mm"", ""humidity"": ""100%"", ""dew_point"": ""24° C"", ""real_feel"": 28, ""visibility"": ""6km"", ""wind_gusts"": ""17km/h"", ""cloud_cover"": ""96%"", ""cloud_ceiling"": ""2100m"", ""precip_probability"": ""51%"", ""acculumen_brightness"": ""1 (어둡게)""}"
84264,2026-08-19T07:05:15.497962+09:00,2026-08-19T08:00:00+09:00,1787094000,2026-08-18T23:00:00+00:00,25,30,30,남 7km/h,나쁨,0,61%,"{""비"": ""1.2mm"", ""humidity"": ""95%"", ""dew_point"": ""24° C"", ""real_feel"": 30, ""visibility"": ""8km"", ""wind_gusts"": ""17km/h"", ""cloud_cover"": ""97%"", ""cloud_ceiling"": ""1200m"", ""precip_probability"": ""61%"", ""acculumen_brightness"": ""1 (어둡게)""}"
84352,2026-08-19T08:04:38.711992+09:00,2026-08-19T09:00:00+09:00,1787097600,2026-08-19T00:00:00+00:00,27,34,31,남남서 7km/h,나쁨,N/A,49%,"{""max_uv"": ""2.0 (낮음)"", ""humidity"": ""89%"", ""dew_point"": ""25° C"", ""real_feel"": 34, ""visibility"": ""10km"", ""wind_gusts"": ""19km/h"", ""cloud_cover"": ""98%"", ""cloud_ceiling"": ""9100m"", ""precip_probability"": ""49%"", ""acculumen_brightness"": ""1 (어둡게)""}"
84439,2026-08-19T09:02:48.056014+09:00,2026-08-19T10:00:00+09:00,1787101200,2026-08-19T01:00:00+00:00,28,34,31,남서 9km/h,나쁨,N/A,53%,"{""비"": ""0.6mm"", ""max_uv"": ""2.9 (보통)"", ""humidity"": ""81%"", ""dew_point"": ""25° C"", ""real_feel"": 34, ""visibility"": ""11km"", ""wind_gusts"": ""20km/h"", ""cloud_cover"": ""93%"", ""cloud_ceiling"": ""9100m"", ""precip_probability"": ""53%"", ""acculumen_brightness"": ""2 (어둡게)""}"
84525,2026-08-19T10:03:14.127525+09:00,2026-08-19T11:00:00+09:00,1787104800,2026-08-19T02:00:00+00:00,29,36,33,서남서 11km/h,나쁨,N/A,49%,"{""max_uv"": ""2.6 (보통)"", ""humidity"": ""73%"", ""dew_point"": ""24° C"", ""real_feel"": 36, ""visibility"": ""11km"", ""wind_gusts"": ""24km/h"", ""cloud_cover"": ""88%"", ""cloud_ceiling"": ""1200m"", ""precip_probability"": ""49%"", ""acculumen_brightness"": ""3 (칙칙함)""}"
84610,2026-08-19T11:04:35.747445+09:00,2026-08-19T12:00:00+09:00,1787108400,2026-08-19T03:00:00+00:00,30,37,33,서남서 11km/h,나쁨,N/A,37%,"{""max_uv"": ""6.0 (높음)"", ""humidity"": ""68%"", ""dew_point"": ""24° C"", ""real_feel"": 37, ""visibility"": ""16km"", ""wind_gusts"": ""26km/h"", ""cloud_cover"": ""83%"", ""cloud_ceiling"": ""9100m"", ""precip_probability"": ""37%"", ""acculumen_brightness"": ""4 (칙칙함)""}"
84694,2026-08-19T12:05:08.259069+09:00,2026-08-19T13:00:00+09:00,1787112000,2026-08-19T04:00:00+00:00,31,37,34,서남서 11km/h,나쁨,N/A,20%,"{""max_uv"": ""4.9 (보통)"", ""humidity"": ""65%"", ""dew_point"": ""23° C"", ""real_feel"": 37, ""visibility"": ""16km"", ""wind_gusts"": ""28km/h"", ""cloud_cover"": ""88%"", ""cloud_ceiling"": ""9100m"", ""precip_probability"": ""20%"", ""acculumen_brightness"": ""3 (칙칙함)""}"
84777,2026-08-19T13:06:53.883207+09:00,2026-08-19T14:00:00+09:00,1787115600,2026-08-19T05:00:00+00:00,30,36,33,서 11km/h,나쁨,N/A,20%,"{""max_uv"": ""3.2 (보통)"", ""humidity"": ""66%"", ""dew_point"": ""23° C"", ""real_feel"": 36, ""visibility"": ""16km"", ""wind_gusts"": ""28km/h"", ""cloud_cover"": ""94%"", ""cloud_ceiling"": ""9100m"", ""precip_probability"": ""20%"", ""acculumen_brightness"": ""2 (어둡게)""}"
84859,2026-08-19T14:07:44.841414+09:00,2026-08-19T15:00:00+09:00,1787119200,2026-08-19T06:00:00+00:00,30,35,33,서 11km/h,나쁨,N/A,20%,"{""max_uv"": ""1.9 (낮음)"", ""humidity"": ""66%"", ""dew_point"": ""23° C"", ""real_feel"": 35, ""visibility"": ""16km"", ""wind_gusts"": ""28km/h"", ""cloud_cover"": ""100%"", ""cloud_ceiling"": ""9100m"", ""precip_probability"": ""20%"", ""acculumen_brightness"": ""1 (어둡게)""}"
84940,2026-08-19T15:06:50.215084+09:00,2026-08-19T16:00:00+09:00,1787122800,2026-08-19T07:00:00+00:00,30,34,33,서 11km/h,나쁨,N/A,20%,"{""max_uv"": ""1.2 (낮음)"", ""humidity"": ""65%"", ""dew_point"": ""23° C"", ""real_feel"": 34, ""visibility"": ""16km"", ""wind_gusts"": ""28km/h"", ""cloud_cover"": ""98%"", ""cloud_ceiling"": ""7600m"", ""precip_probability"": ""20%"", ""acculumen_brightness"": ""1 (어둡게)""}"
85020,2026-08-19T16:07:09.136975+09:00,2026-08-19T17:00:00+09:00,1787126400,2026-08-19T08:00:00+00:00,30,33,33,서 9km/h,나쁨,N/A,20%,"{""max_uv"": ""0.7 (낮음)"", ""humidity"": ""65%"", ""dew_point"": ""23° C"", ""real_feel"": 33, ""visibility"": ""16km"", ""wind_gusts"": ""22km/h"", ""cloud_cover"": ""97%"", ""cloud_ceiling"": ""7600m"", ""precip_probability"": ""20%"", ""acculumen_brightness"": ""1 (어둡게)""}"
85099,2026-08-19T17:06:18.615659+09:00,2026-08-19T18:00:00+09:00,1787130000,2026-08-19T09:00:00+00:00,29,32,32,서 9km/h,나쁨,N/A,13%,"{""max_uv"": ""0.3 (낮음)"", ""humidity"": ""67%"", ""dew_point"": ""22° C"", ""real_feel"": 32, ""visibility"": ""16km"", ""wind_gusts"": ""20km/h"", ""cloud_cover"": ""96%"", ""cloud_ceiling"": ""7600m"", ""precip_probability"": ""13%"", ""acculumen_brightness"": ""1 (어둡게)""}"
85177,2026-08-19T18:06:30.630327+09:00,2026-08-19T19:00:00+09:00,1787133600,2026-08-19T10:00:00+00:00,29,32,32,서 9km/h,나쁨,N/A,0%,"{""max_uv"": ""0.0 (낮음)"", ""humidity"": ""65%"", ""dew_point"": ""22° C"", ""real_feel"": 32, ""visibility"": ""16km"", ""wind_gusts"": ""17km/h"", ""cloud_cover"": ""82%"", ""cloud_ceiling"": ""7600m"", ""precip_probability"": ""0%"", ""acculumen_brightness"": ""0 (어둡게)""}"
85254,2026-08-19T19:05:06.103466+09:00,2026-08-19T20:00:00+09:00,1787137200,2026-08-19T11:00:00+00:00,28,32,,서 7km/h,나쁨,N/A,0%,"{""humidity"": ""75%"", ""dew_point"": ""23° C"", ""real_feel"": 32, ""visibility"": ""16km"", ""cloud_cover"": ""65%"", ""cloud_ceiling"": ""7600m"", ""precip_probability"": ""0%"", ""acculumen_brightness"": ""0 (어둡게)""}"
85330,2026-08-19T20:04:21.144664+09:00,2026-08-19T21:00:00+09:00,1787140800,2026-08-19T12:00:00+00:00,26,31,,서 6km/h,나쁨,N/A,0%,"{""humidity"": ""83%"", ""dew_point"": ""23° C"", ""real_feel"": 31, ""visibility"": ""11km"", ""cloud_cover"": ""47%"", ""cloud_ceiling"": ""9100m"", ""precip_probability"": ""0%"", ""acculumen_brightness"": ""0 (어둡게)""}"
85405,2026-08-19T21:02:52.120698+09:00,2026-08-19T22:00:00+09:00,1787144400,2026-08-19T13:00:00+00:00,26,31,,서 4km/h,나쁨,N/A,0%,"{""dew_point"": ""23° C"", ""real_feel"": 31, ""visibility"": ""11km"", ""cloud_cover"": ""64%"", ""cloud_ceiling"": ""7600m"", ""precip_probability"": ""0%"", ""acculumen_brightness"": ""0 (어둡게)""}"
85479,2026-08-19T22:04:25.880593+09:00,2026-08-19T23:00:00+09:00,1787148000,2026-08-19T14:00:00+00:00,25,30,,서남서 4km/h,나쁨,N/A,0%,"{""dew_point"": ""24° C"", ""real_feel"": 30, ""visibility"": ""11km"", ""cloud_cover"": ""80%"", ""cloud_ceiling"": ""7600m"", ""precip_probability"": ""0%"", ""acculumen_brightness"": ""0 (어둡게)""}"
85552,2026-08-19T23:05:04.883032+09:00,2026-08-20T00:00:00+09:00,1787151600,2026-08-19T15:00:00+00:00,25,30,,남서 2km/h,나쁨,N/A,1%,"{""dew_point"": ""24° C"", ""real_feel"": 30, ""visibility"": ""10km"", ""cloud_cover"": ""97%"", ""cloud_ceiling"": ""7600m"", ""precip_probability"": ""1%"", ""acculumen_brightness"": ""0 (어둡게)""}"
85648,2026-08-20T00:04:52.800371+09:00,2026-08-20T01:00:00+09:00,1787155200,2026-08-19T16:00:00+00:00,25,30,,남남동 4km/h,나쁨,N/A,3%,"{""dew_point"": ""24° C"", ""real_feel"": 30, ""visibility"": ""10km"", ""cloud_cover"": ""98%"", ""cloud_ceiling"": ""7600m"", ""precip_probability"": ""3%"", ""acculumen_brightness"": ""0 (어둡게)""}"
85743,2026-08-20T01:08:02.665826+09:00,2026-08-20T02:00:00+09:00,1787158800,2026-08-19T17:00:00+00:00,25,30,,남동 4km/h,나쁨,N/A,3%,"{""dew_point"": ""23° C"", ""real_feel"": 30, ""visibility"": ""10km"", ""cloud_cover"": ""99%"", ""cloud_ceiling"": ""7600m"", ""precip_probability"": ""3%"", ""acculumen_brightness"": ""0 (어둡게)""}"
85837,2026-08-20T02:05:11.835475+09:00,2026-08-20T03:00:00+09:00,1787162400,2026-08-19T18:00:00+00:00,25,30,,동남동 4km/h,나쁨,N/A,3%,"{""dew_point"": ""23° C"", ""real_feel"": 30, ""visibility"": ""8km"", ""cloud_cover"": ""100%"", ""cloud_ceiling"": ""5900m"", ""precip_probability"": ""3%"", ""acculumen_brightness"": ""0 (어둡게)""}"
85930,2026-08-20T03:07:36.492416+09:00,2026-08-20T04:00:00+09:00,1787166000,2026-08-19T19:00:00+00:00,25,30,,동남동 4km/h,나쁨,N/A,3%,"{""dew_point"": ""23° C"", ""real_feel"": 30, ""visibility"": ""8km"", ""cloud_cover"": ""100%"", ""cloud_ceiling"": ""5900m"", ""precip_probability"": ""3%"", ""acculumen_brightness"": ""0 (어둡게)""}"
86022,2026-08-20T04:05:24.608235+09:00,2026-08-20T05:00:00+09:00,1787169600,2026-08-19T20:00:00+00:00,24,28,,동남동 6km/h,건강에 해로움,N/A,3%,"{""dew_point"": ""23° C"", ""real_feel"": 28, ""visibility"": ""8km"", ""cloud_cover"": ""100%"", ""cloud_ceiling"": ""5900m"", ""precip_probability"": ""3%"", ""acculumen_brightness"": ""0 (어둡게)""}"
86113,2026-08-20T05:04:12.106487+09:00,2026-08-20T06:00:00+09:00,1787173200,2026-08-19T21:00:00+00:00,24,28,28,동남동 6km/h,나쁨,0,3%,"{""humidity"": ""90%"", ""dew_point"": ""23° C"", ""real_feel"": 28, ""visibility"": ""8km"", ""wind_gusts"": ""9km/h"", ""cloud_cover"": ""100%"", ""cloud_ceiling"": ""5900m"", ""precip_probability"": ""3%"", ""acculumen_brightness"": ""0 (어둡게)""}"
86203,2026-08-20T06:04:43.078106+09:00,2026-08-20T07:00:00+09:00,1787176800,2026-08-19T22:00:00+00:00,25,29,29,동 6km/h,나쁨,0,5%,"{""humidity"": ""89%"", ""dew_point"": ""23° C"", ""real_feel"": 29, ""visibility"": ""8km"", ""wind_gusts"": ""9km/h"", ""cloud_cover"": ""100%"", ""cloud_ceiling"": ""4400m"", ""precip_probability"": ""5%"", ""acculumen_brightness"": ""1 (어둡게)""}"
86292,2026-08-20T07:06:43.472701+09:00,2026-08-20T08:00:00+09:00,1787180400,2026-08-19T23:00:00+00:00,25,30,30,동북동 6km/h,나쁨,0,5%,"{""humidity"": ""85%"", ""dew_point"": ""23° C"", ""real_feel"": 30, ""visibility"": ""8km"", ""wind_gusts"": ""11km/h"", ""cloud_cover"": ""100%"", ""cloud_ceiling"": ""4400m"", ""precip_probability"": ""5%"", ""acculumen_brightness"": ""1 (어둡게)""}"
86380,2026-08-20T08:05:39.426987+09:00,2026-08-20T09:00:00+09:00,1787184000,2026-08-20T00:00:00+00:00,26,32,30,북동 6km/h,나쁨,N/A,5%,"{""max_uv"": ""1.4 (낮음)"", ""humidity"": ""82%"", ""dew_point"": ""23° C"", ""real_feel"": 32, ""visibility"": ""10km"", ""wind_gusts"": ""11km/h"", ""cloud_cover"": ""100%"", ""cloud_ceiling"": ""4400m"", ""precip_probability"": ""5%"", ""acculumen_brightness"": ""1 (어둡게)""}"
86467,2026-08-20T09:07:00.832535+09:00,2026-08-20T10:00:00+09:00,1787187600,2026-08-20T01:00:00+00:00,27,33,31,동북동 7km/h,나쁨,N/A,5%,"{""max_uv"": ""1.9 (낮음)"", ""humidity"": ""81%"", ""dew_point"": ""23° C"", ""real_feel"": 33, ""visibility"": ""10km"", ""wind_gusts"": ""11km/h"", ""cloud_cover"": ""100%"", ""cloud_ceiling"": ""4400m"", ""precip_probability"": ""5%"", ""acculumen_brightness"": ""1 (어둡게)""}"
86553,2026-08-20T10:06:27.606950+09:00,2026-08-20T11:00:00+09:00,1787191200,2026-08-20T02:00:00+00:00,27,34,31,동 7km/h,나쁨,N/A,5%,"{""max_uv"": ""2.6 (보통)"", ""humidity"": ""80%"", ""dew_point"": ""24° C"", ""real_feel"": 34, ""visibility"": ""11km"", ""wind_gusts"": ""13km/h"", ""cloud_cover"": ""100%"", ""cloud_ceiling"": ""4400m"", ""precip_probability"": ""5%"", ""acculumen_brightness"": ""1 (어둡게)""}"
86638,2026-08-20T11:04:23.493261+09:00,2026-08-20T12:00:00+09:00,1787194800,2026-08-20T03:00:00+00:00,28,35,32,동 7km/h,나쁨,N/A,5%,"{""max_uv"": ""2.9 (보통)"", ""humidity"": ""77%"", ""dew_point"": ""24° C"", ""real_feel"": 35, ""visibility"": ""11km"", ""wind_gusts"": ""13km/h"", ""cloud_cover"": ""100%"", ""cloud_ceiling"": ""4400m"", ""precip_probability"": ""5%"", ""acculumen_brightness"": ""1 (어둡게)""}"
86722,2026-08-20T12:04:30.694518+09:00,2026-08-20T13:00:00+09:00,1787198400,2026-08-20T04:00:00+00:00,27,35,32,동 7km/h,나쁨,N/A,6%,"{""max_uv"": ""3.1 (보통)"", ""humidity"": ""81%"", ""dew_point"": ""24° C"", ""real_feel"": 35, ""visibility"": ""11km"", ""wind_gusts"": ""13km/h"", ""cloud_cover"": ""93%"", ""cloud_ceiling"": ""4400m"", ""precip_probability"": ""6%"", ""acculumen_brightness"": ""2 (어둡게)""}"
86805,2026-08-20T13:04:13.019400+09:00,2026-08-20T14:00:00+09:00,1787202000,2026-08-20T05:00:00+00:00,27,34,31,동북동 7km/h,나쁨,N/A,6%,"{""max_uv"": ""2.7 (보통)"", ""humidity"": ""84%"", ""dew_point"": ""24° C"", ""real_feel"": 34, ""visibility"": ""11km"", ""wind_gusts"": ""15km/h"", ""cloud_cover"": ""87%"", ""cloud_ceiling"": ""4400m"", ""precip_probability"": ""6%"", ""acculumen_brightness"": ""3 (칙칙함)""}"
86887,2026-08-20T14:06:46.558701+09:00,2026-08-20T15:00:00+09:00,1787205600,2026-08-20T06:00:00+00:00,27,33,31,동북동 7km/h,나쁨,N/A,6%,"{""max_uv"": ""2.4 (낮음)"", ""humidity"": ""85%"", ""dew_point"": ""24° C"", ""real_feel"": 33, ""visibility"": ""16km"", ""wind_gusts"": ""15km/h"", ""cloud_cover"": ""80%"", ""cloud_ceiling"": ""5900m"", ""precip_probability"": ""6%"", ""acculumen_brightness"": ""4 (칙칙함)""}"
86888,2026-08-20T14:06:46.558701+09:00,2026-08-20T16:00:00+09:00,1787209200,2026-08-20T07:00:00+00:00,27,33,31,동북동 7km/h,나쁨,N/A,6%,"{""max_uv"": ""1.4 (낮음)"", ""humidity"": ""84%"", ""dew_point"": ""24° C"", ""real_feel"": 33, ""visibility"": ""16km"", ""wind_gusts"": ""15km/h"", ""cloud_cover"": ""84%"", ""cloud_ceiling"": ""5900m"", ""precip_probability"": ""6%"", ""acculumen_brightness"": ""4 (칙칙함)""}"
87040,2026-08-20T16:03:54.582984+09:00,2026-08-20T17:00:00+09:00,1787212800,2026-08-20T08:00:00+00:00,27,32,32,동북동 6km/h,나쁨,N/A,6%,"{""max_uv"": ""0.8 (낮음)"", ""humidity"": ""84%"", ""dew_point"": ""24° C"", ""real_feel"": 32, ""visibility"": ""16km"", ""wind_gusts"": ""15km/h"", ""cloud_cover"": ""88%"", ""cloud_ceiling"": ""5900m"", ""precip_probability"": ""6%"", ""acculumen_brightness"": ""3 (칙칙함)""}"
87119,2026-08-20T17:05:52.943090+09:00,2026-08-20T18:00:00+09:00,1787216400,2026-08-20T09:00:00+00:00,27,32,32,동북동 6km/h,건강에 해로움,N/A,9%,"{""max_uv"": ""0.3 (낮음)"", ""humidity"": ""84%"", ""dew_point"": ""24° C"", ""real_feel"": 32, ""visibility"": ""16km"", ""wind_gusts"": ""11km/h"", ""cloud_cover"": ""92%"", ""cloud_ceiling"": ""7600m"", ""precip_probability"": ""9%"", ""acculumen_brightness"": ""1 (어둡게)""}"
87197,2026-08-20T18:02:15.957333+09:00,2026-08-20T19:00:00+09:00,1787220000,2026-08-20T10:00:00+00:00,28,34,34,북동 7km/h,건강에 해로움,N/A,14%,"{""max_uv"": ""0.0 (낮음)"", ""humidity"": ""79%"", ""dew_point"": ""24° C"", ""real_feel"": 34, ""visibility"": ""11km"", ""wind_gusts"": ""15km/h"", ""cloud_cover"": ""94%"", ""cloud_ceiling"": ""4400m"", ""precip_probability"": ""14%"", ""acculumen_brightness"": ""0 (어둡게)""}"
87274,2026-08-20T19:02:09.791807+09:00,2026-08-20T20:00:00+09:00,1787223600,2026-08-20T11:00:00+00:00,27,33,,동북동 6km/h,건강에 해로움,N/A,14%,"{""humidity"": ""83%"", ""dew_point"": ""24° C"", ""real_feel"": 33, ""visibility"": ""11km"", ""cloud_cover"": ""97%"", ""cloud_ceiling"": ""4400m"", ""precip_probability"": ""14%"", ""acculumen_brightness"": ""0 (어둡게)""}"
87350,2026-08-20T20:05:56.855301+09:00,2026-08-20T21:00:00+09:00,1787227200,2026-08-20T12:00:00+00:00,27,32,,동 6km/h,건강에 해로움,N/A,18%,"{""humidity"": ""86%"", ""dew_point"": ""24° C"", ""real_feel"": 32, ""visibility"": ""11km"", ""cloud_cover"": ""99%"", ""cloud_ceiling"": ""4400m"", ""precip_probability"": ""18%"", ""acculumen_brightness"": ""0 (어둡게)""}"
87425,2026-08-20T21:07:50.388763+09:00,2026-08-20T22:00:00+09:00,1787230800,2026-08-20T13:00:00+00:00,26,30,,동 6km/h,건강에 해로움,N/A,54%,"{""비"": ""0.4mm"", ""humidity"": ""88%"", ""dew_point"": ""24° C"", ""real_feel"": 30, ""visibility"": ""11km"", ""cloud_cover"": ""97%"", ""cloud_ceiling"": ""2100m"", ""precip_probability"": ""54%"", ""acculumen_brightness"": ""0 (어둡게)""}"
87499,2026-08-20T22:03:33.036303+09:00,2026-08-20T23:00:00+09:00,1787234400,2026-08-20T14:00:00+00:00,26,31,,동북동 6km/h,건강에 해로움,N/A,47%,"{""비"": ""0.1mm"", ""humidity"": ""89%"", ""dew_point"": ""24° C"", ""real_feel"": 31, ""visibility"": ""11km"", ""cloud_cover"": ""89%"", ""cloud_ceiling"": ""2100m"", ""precip_probability"": ""47%"", ""acculumen_brightness"": ""0 (어둡게)""}"
87572,2026-08-20T23:03:53.023573+09:00,2026-08-21T00:00:00+09:00,1787238000,2026-08-20T15:00:00+00:00,26,31,,동북동 4km/h,건강에 해로움,N/A,47%,"{""dew_point"": ""24° C"", ""real_feel"": 31, ""visibility"": ""11km"", ""cloud_cover"": ""87%"", ""cloud_ceiling"": ""2000m"", ""precip_probability"": ""47%"", ""acculumen_brightness"": ""0 (어둡게)""}"
87668,2026-08-21T00:03:15.913313+09:00,2026-08-21T01:00:00+09:00,1787241600,2026-08-20T16:00:00+00:00,25,30,,동북동 4km/h,건강에 해로움,N/A,20%,"{""dew_point"": ""24° C"", ""real_feel"": 30, ""visibility"": ""10km"", ""cloud_cover"": ""89%"", ""cloud_ceiling"": ""4400m"", ""precip_probability"": ""20%"", ""acculumen_brightness"": ""0 (어둡게)""}"
87763,2026-08-21T01:07:43.779910+09:00,2026-08-21T02:00:00+09:00,1787245200,2026-08-20T17:00:00+00:00,25,30,,동북동 6km/h,건강에 해로움,N/A,43%,"{""dew_point"": ""24° C"", ""real_feel"": 30, ""visibility"": ""10km"", ""cloud_cover"": ""94%"", ""cloud_ceiling"": ""4400m"", ""precip_probability"": ""43%"", ""acculumen_brightness"": ""0 (어둡게)""}"
87857,2026-08-21T02:03:24.616954+09:00,2026-08-21T03:00:00+09:00,1787248800,2026-08-20T18:00:00+00:00,25,28,,동북동 6km/h,건강에 해로움,N/A,51%,"{""비"": ""0.2mm"", ""dew_point"": ""24° C"", ""real_feel"": 28, ""visibility"": ""10km"", ""cloud_cover"": ""99%"", ""cloud_ceiling"": ""4400m"", ""precip_probability"": ""51%"", ""acculumen_brightness"": ""0 (어둡게)""}"
87950,2026-08-21T03:07:25.034504+09:00,2026-08-21T04:00:00+09:00,1787252400,2026-08-20T19:00:00+00:00,25,29,,동북동 6km/h,건강에 해로움,N/A,40%,"{""비"": ""0.1mm"", ""dew_point"": ""24° C"", ""real_feel"": 29, ""visibility"": ""8km"", ""cloud_cover"": ""99%"", ""cloud_ceiling"": ""4400m"", ""precip_probability"": ""40%"", ""acculumen_brightness"": ""0 (어둡게)""}"
88042,2026-08-21T04:05:30.939412+09:00,2026-08-21T05:00:00+09:00,1787256000,2026-08-20T20:00:00+00:00,24,27,,동북동 6km/h,나쁨,N/A,51%,"{""비"": ""0.4mm"", ""dew_point"": ""23° C"", ""real_feel"": 27, ""visibility"": ""8km"", ""cloud_cover"": ""100%"", ""cloud_ceiling"": ""4400m"", ""precip_probability"": ""51%"", ""acculumen_brightness"": ""0 (어둡게)""}"
88133,2026-08-21T05:07:52.604013+09:00,2026-08-21T06:00:00+09:00,1787259600,2026-08-20T21:00:00+00:00,24,27,27,동 6km/h,나쁨,0,52%,"{""비"": ""0.7mm"", ""humidity"": ""95%"", ""dew_point"": ""23° C"", ""real_feel"": 27, ""visibility"": ""8km"", ""wind_gusts"": ""13km/h"", ""cloud_cover"": ""100%"", ""cloud_ceiling"": ""4400m"", ""precip_probability"": ""52%"", ""acculumen_brightness"": ""0 (어둡게)""}"
88223,2026-08-21T06:03:56.707388+09:00,2026-08-21T07:00:00+09:00,1787263200,2026-08-20T22:00:00+00:00,24,27,27,동 6km/h,나쁨,0,51%,"{""비"": ""0.7mm"", ""humidity"": ""96%"", ""dew_point"": ""23° C"", ""real_feel"": 27, ""visibility"": ""8km"", ""wind_gusts"": ""13km/h"", ""cloud_cover"": ""100%"", ""cloud_ceiling"": ""4400m"", ""precip_probability"": ""51%"", ""acculumen_brightness"": ""1 (어둡게)""}"
88312,2026-08-21T07:05:56.402488+09:00,2026-08-21T08:00:00+09:00,1787266800,2026-08-20T23:00:00+00:00,24,28,28,남남동 6km/h,나쁨,0,55%,"{""비"": ""1.4mm"", ""humidity"": ""96%"", ""dew_point"": ""24° C"", ""real_feel"": 28, ""visibility"": ""8km"", ""wind_gusts"": ""13km/h"", ""cloud_cover"": ""100%"", ""cloud_ceiling"": ""4400m"", ""precip_probability"": ""55%"", ""acculumen_brightness"": ""1 (어둡게)""}"
88400,2026-08-21T08:04:22.107079+09:00,2026-08-21T09:00:00+09:00,1787270400,2026-08-21T00:00:00+00:00,25,28,28,남 6km/h,나쁨,0,85%,"{""비"": ""2.5mm"", ""humidity"": ""95%"", ""dew_point"": ""24° C"", ""real_feel"": 28, ""visibility"": ""8km"", ""wind_gusts"": ""13km/h"", ""cloud_cover"": ""100%"", ""cloud_ceiling"": ""2000m"", ""precip_probability"": ""85%"", ""acculumen_brightness"": ""1 (어둡게)""}"
88487,2026-08-21T09:04:26.976920+09:00,2026-08-21T10:00:00+09:00,1787274000,2026-08-21T01:00:00+00:00,25,30,28,남 7km/h,나쁨,1,58%,"{""비"": ""1.1mm"", ""humidity"": ""92%"", ""dew_point"": ""24° C"", ""real_feel"": 30, ""visibility"": ""8km"", ""wind_gusts"": ""13km/h"", ""cloud_cover"": ""100%"", ""cloud_ceiling"": ""2000m"", ""precip_probability"": ""58%"", ""acculumen_brightness"": ""1 (어둡게)""}"
88573,2026-08-21T10:06:49.730575+09:00,2026-08-21T11:00:00+09:00,1787277600,2026-08-21T02:00:00+00:00,26,32,29,남동 9km/h,나쁨,2,49%,"{""humidity"": ""88%"", ""dew_point"": ""24° C"", ""real_feel"": 32, ""visibility"": ""8km"", ""wind_gusts"": ""15km/h"", ""cloud_cover"": ""100%"", ""cloud_ceiling"": ""2000m"", ""precip_probability"": ""49%"", ""acculumen_brightness"": ""1 (어둡게)""}"
88658,2026-08-21T11:05:54.584282+09:00,2026-08-21T12:00:00+09:00,1787281200,2026-08-21T03:00:00+00:00,26,32,30,동남동 11km/h,나쁨,N/A,49%,"{""max_uv"": ""2.3 (낮음)"", ""humidity"": ""84%"", ""dew_point"": ""24° C"", ""real_feel"": 32, ""visibility"": ""8km"", ""wind_gusts"": ""15km/h"", ""cloud_cover"": ""100%"", ""cloud_ceiling"": ""2000m"", ""precip_probability"": ""49%"", ""acculumen_brightness"": ""1 (어둡게)""}"
88742,2026-08-21T12:06:26.503069+09:00,2026-08-21T13:00:00+09:00,1787284800,2026-08-21T04:00:00+00:00,26,32,30,동남동 9km/h,나쁨,N/A,49%,"{""max_uv"": ""2.1 (낮음)"", ""humidity"": ""88%"", ""dew_point"": ""24° C"", ""real_feel"": 32, ""visibility"": ""8km"", ""wind_gusts"": ""13km/h"", ""cloud_cover"": ""100%"", ""cloud_ceiling"": ""2000m"", ""precip_probability"": ""49%"", ""acculumen_brightness"": ""1 (어둡게)""}"
88825,2026-08-21T13:05:56.635095+09:00,2026-08-21T14:00:00+09:00,1787288400,2026-08-21T05:00:00+00:00,26,29,28,동남동 6km/h,나쁨,1,71%,"{""비"": ""3.1mm"", ""humidity"": ""88%"", ""dew_point"": ""24° C"", ""real_feel"": 29, ""visibility"": ""6km"", ""wind_gusts"": ""13km/h"", ""cloud_cover"": ""100%"", ""cloud_ceiling"": ""600m"", ""precip_probability"": ""71%"", ""acculumen_brightness"": ""1 (어둡게)""}"
88907,2026-08-21T14:06:03.911644+09:00,2026-08-21T15:00:00+09:00,1787292000,2026-08-21T06:00:00+00:00,26,30,30,북동 4km/h,나쁨,0,60%,"{""비"": ""0.8mm"", ""humidity"": ""90%"", ""dew_point"": ""24° C"", ""real_feel"": 30, ""visibility"": ""6km"", ""wind_gusts"": ""11km/h"", ""cloud_cover"": ""100%"", ""cloud_ceiling"": ""600m"", ""precip_probability"": ""60%"", ""acculumen_brightness"": ""1 (어둡게)""}"
88988,2026-08-21T15:05:53.152708+09:00,2026-08-21T16:00:00+09:00,1787295600,2026-08-21T07:00:00+00:00,26,30,30,동 6km/h,나쁨,0,41%,"{""비"": ""0.2mm"", ""humidity"": ""90%"", ""dew_point"": ""24° C"", ""real_feel"": 30, ""visibility"": ""8km"", ""wind_gusts"": ""13km/h"", ""cloud_cover"": ""100%"", ""cloud_ceiling"": ""2000m"", ""precip_probability"": ""41%"", ""acculumen_brightness"": ""1 (어둡게)""}"
89068,2026-08-21T16:04:38.029740+09:00,2026-08-21T17:00:00+09:00,1787299200,2026-08-21T08:00:00+00:00,25,31,31,동남동 7km/h,나쁨,0,38%,"{""humidity"": ""91%"", ""dew_point"": ""24° C"", ""real_feel"": 31, ""visibility"": ""8km"", ""wind_gusts"": ""13km/h"", ""cloud_cover"": ""99%"", ""cloud_ceiling"": ""2000m"", ""precip_probability"": ""38%"", ""acculumen_brightness"": ""1 (어둡게)""}"
89147,2026-08-21T17:02:39.988453+09:00,2026-08-21T18:00:00+09:00,1787302800,2026-08-21T09:00:00+00:00,25,30,30,동남동 7km/h,나쁨,0,51%,"{""humidity"": ""92%"", ""dew_point"": ""24° C"", ""real_feel"": 30, ""visibility"": ""8km"", ""wind_gusts"": ""13km/h"", ""cloud_cover"": ""99%"", ""cloud_ceiling"": ""2000m"", ""precip_probability"": ""51%"", ""acculumen_brightness"": ""0 (어둡게)""}"
89225,2026-08-21T18:03:22.968817+09:00,2026-08-21T19:00:00+09:00,1787306400,2026-08-21T10:00:00+00:00,27,30,30,남 9km/h,나쁨,N/A,40%,"{""비"": ""0.1mm"", ""max_uv"": ""0.0 (낮음)"", ""humidity"": ""85%"", ""dew_point"": ""24° C"", ""real_feel"": 30, ""visibility"": ""8km"", ""wind_gusts"": ""17km/h"", ""cloud_cover"": ""100%"", ""cloud_ceiling"": ""2000m"", ""precip_probability"": ""40%"", ""acculumen_brightness"": ""0 (어둡게)""}"
89302,2026-08-21T19:02:56.564748+09:00,2026-08-21T20:00:00+09:00,1787310000,2026-08-21T11:00:00+00:00,26,30,,남동 9km/h,나쁨,N/A,40%,"{""비"": ""0.1mm"", ""humidity"": ""86%"", ""dew_point"": ""24° C"", ""real_feel"": 30, ""visibility"": ""8km"", ""cloud_cover"": ""100%"", ""cloud_ceiling"": ""2000m"", ""precip_probability"": ""40%"", ""acculumen_brightness"": ""0 (어둡게)""}"
89378,2026-08-21T20:05:02.101452+09:00,2026-08-21T21:00:00+09:00,1787313600,2026-08-21T12:00:00+00:00,25,28,,동남동 9km/h,나쁨,N/A,46%,"{""비"": ""0.2mm"", ""dew_point"": ""23° C"", ""real_feel"": 28, ""visibility"": ""8km"", ""cloud_cover"": ""100%"", ""cloud_ceiling"": ""2000m"", ""precip_probability"": ""46%"", ""acculumen_brightness"": ""0 (어둡게)""}"
89453,2026-08-21T21:07:40.457969+09:00,2026-08-21T22:00:00+09:00,1787317200,2026-08-21T13:00:00+00:00,25,29,,동 7km/h,나쁨,N/A,40%,"{""dew_point"": ""23° C"", ""real_feel"": 29, ""visibility"": ""8km"", ""cloud_cover"": ""100%"", ""cloud_ceiling"": ""2000m"", ""precip_probability"": ""40%"", ""acculumen_brightness"": ""0 (어둡게)""}"
89527,2026-08-21T22:07:34.939098+09:00,2026-08-21T23:00:00+09:00,1787320800,2026-08-21T14:00:00+00:00,25,28,,동 7km/h,나쁨,N/A,45%,"{""비"": ""0.1mm"", ""dew_point"": ""23° C"", ""real_feel"": 28, ""visibility"": ""8km"", ""cloud_cover"": ""100%"", ""cloud_ceiling"": ""2000m"", ""precip_probability"": ""45%"", ""acculumen_brightness"": ""0 (어둡게)""}"
89600,2026-08-21T23:06:19.995118+09:00,2026-08-22T00:00:00+09:00,1787324400,2026-08-21T15:00:00+00:00,25,28,,동 7km/h,나쁨,N/A,41%,"{""dew_point"": ""23° C"", ""real_feel"": 28, ""visibility"": ""8km"", ""cloud_cover"": ""100%"", ""cloud_ceiling"": ""2000m"", ""precip_probability"": ""41%"", ""acculumen_brightness"": ""0 (어둡게)""}"
89696,2026-08-22T00:08:00.080919+09:00,2026-08-22T01:00:00+09:00,1787328000,2026-08-21T16:00:00+00:00,24,28,,동 7km/h,나쁨,N/A,73%,"{""dew_point"": ""23° C"", ""real_feel"": 28, ""visibility"": ""8km"", ""cloud_cover"": ""100%"", ""cloud_ceiling"": ""2000m"", ""precip_probability"": ""73%"", ""acculumen_brightness"": ""0 (어둡게)""}"
89791,2026-08-22T01:05:08.283747+09:00,2026-08-22T02:00:00+09:00,1787331600,2026-08-21T17:00:00+00:00,24,27,,동 7km/h,나쁨,N/A,63%,"{""비"": ""0.1mm"", ""dew_point"": ""23° C"", ""real_feel"": 27, ""visibility"": ""8km"", ""cloud_cover"": ""100%"", ""cloud_ceiling"": ""2000m"", ""precip_probability"": ""63%"", ""acculumen_brightness"": ""0 (어둡게)""}"
89885,2026-08-22T02:03:56.975538+09:00,2026-08-22T03:00:00+09:00,1787335200,2026-08-21T18:00:00+00:00,24,27,,동 7km/h,나쁨,N/A,61%,"{""dew_point"": ""23° C"", ""real_feel"": 27, ""visibility"": ""8km"", ""cloud_cover"": ""100%"", ""cloud_ceiling"": ""2000m"", ""precip_probability"": ""61%"", ""acculumen_brightness"": ""0 (어둡게)""}"
89978,2026-08-22T03:05:25.672800+09:00,2026-08-22T04:00:00+09:00,1787338800,2026-08-21T19:00:00+00:00,24,27,,동북동 7km/h,나쁨,N/A,56%,"{""dew_point"": ""23° C"", ""real_feel"": 27, ""visibility"": ""5km"", ""cloud_cover"": ""100%"", ""cloud_ceiling"": ""600m"", ""precip_probability"": ""56%"", ""acculumen_brightness"": ""0 (어둡게)""}"
90070,2026-08-22T04:08:07.253034+09:00,2026-08-22T05:00:00+09:00,1787342400,2026-08-21T20:00:00+00:00,24,27,,북동 7km/h,보통,N/A,57%,"{""비"": ""0.1mm"", ""dew_point"": ""23° C"", ""real_feel"": 27, ""visibility"": ""8km"", ""cloud_cover"": ""100%"", ""cloud_ceiling"": ""600m"", ""precip_probability"": ""57%"", ""acculumen_brightness"": ""0 (어둡게)""}"
90161,2026-08-22T05:08:02.886257+09:00,2026-08-22T06:00:00+09:00,1787346000,2026-08-21T21:00:00+00:00,24,25,25,북동 9km/h,보통,0,69%,"{""비"": ""4.2mm"", ""humidity"": ""95%"", ""dew_point"": ""23° C"", ""real_feel"": 25, ""visibility"": ""8km"", ""wind_gusts"": ""17km/h"", ""cloud_cover"": ""100%"", ""cloud_ceiling"": ""2000m"", ""precip_probability"": ""69%"", ""acculumen_brightness"": ""0 (어둡게)""}"
90251,2026-08-22T06:05:04.268184+09:00,2026-08-22T07:00:00+09:00,1787349600,2026-08-21T22:00:00+00:00,24,27,27,북동 9km/h,보통,0,51%,"{""비"": ""0.4mm"", ""humidity"": ""95%"", ""dew_point"": ""23° C"", ""real_feel"": 27, ""visibility"": ""5km"", ""wind_gusts"": ""17km/h"", ""cloud_cover"": ""100%"", ""cloud_ceiling"": ""600m"", ""precip_probability"": ""51%"", ""acculumen_brightness"": ""1 (어둡게)""}"
90340,2026-08-22T07:05:09.314805+09:00,2026-08-22T08:00:00+09:00,1787353200,2026-08-21T23:00:00+00:00,25,30,30,동북동 7km/h,보통,0,43%,"{""비"": ""0.1mm"", ""humidity"": ""90%"", ""dew_point"": ""24° C"", ""real_feel"": 30, ""visibility"": ""5km"", ""wind_gusts"": ""17km/h"", ""cloud_cover"": ""100%"", ""cloud_ceiling"": ""1200m"", ""precip_probability"": ""43%"", ""acculumen_brightness"": ""1 (어둡게)""}"
90428,2026-08-22T08:04:48.605989+09:00,2026-08-22T09:00:00+09:00,1787356800,2026-08-22T00:00:00+00:00,25,30,29,동 7km/h,보통,1,47%,"{""humidity"": ""90%"", ""dew_point"": ""24° C"", ""real_feel"": 30, ""visibility"": ""8km"", ""wind_gusts"": ""17km/h"", ""cloud_cover"": ""100%"", ""cloud_ceiling"": ""4400m"", ""precip_probability"": ""47%"", ""acculumen_brightness"": ""1 (어둡게)""}"
90515,2026-08-22T09:04:55.876889+09:00,2026-08-22T10:00:00+09:00,1787360400,2026-08-22T01:00:00+00:00,25,30,28,동 9km/h,보통,1,40%,"{""비"": ""0.2mm"", ""humidity"": ""93%"", ""dew_point"": ""24° C"", ""real_feel"": 30, ""visibility"": ""8km"", ""wind_gusts"": ""17km/h"", ""cloud_cover"": ""100%"", ""cloud_ceiling"": ""4500m"", ""precip_probability"": ""40%"", ""acculumen_brightness"": ""1 (어둡게)""}"
90601,2026-08-22T10:04:08.346982+09:00,2026-08-22T11:00:00+09:00,1787364000,2026-08-22T02:00:00+00:00,26,32,29,동남동 9km/h,보통,2,37%,"{""humidity"": ""91%"", ""dew_point"": ""24° C"", ""real_feel"": 32, ""visibility"": ""8km"", ""wind_gusts"": ""17km/h"", ""cloud_cover"": ""100%"", ""cloud_ceiling"": ""4500m"", ""precip_probability"": ""37%"", ""acculumen_brightness"": ""1 (어둡게)""}"
90686,2026-08-22T11:05:40.722511+09:00,2026-08-22T12:00:00+09:00,1787367600,2026-08-22T03:00:00+00:00,26,33,30,동남동 9km/h,보통,N/A,29%,"{""max_uv"": ""2.3 (낮음)"", ""humidity"": ""89%"", ""dew_point"": ""24° C"", ""real_feel"": 33, ""visibility"": ""8km"", ""wind_gusts"": ""19km/h"", ""cloud_cover"": ""100%"", ""cloud_ceiling"": ""2100m"", ""precip_probability"": ""29%"", ""acculumen_brightness"": ""1 (어둡게)""}"
90770,2026-08-22T12:03:02.697616+09:00,2026-08-22T13:00:00+09:00,1787371200,2026-08-22T04:00:00+00:00,26,33,30,동남동 9km/h,보통,N/A,20%,"{""max_uv"": ""2.9 (보통)"", ""humidity"": ""88%"", ""dew_point"": ""24° C"", ""real_feel"": 33, ""visibility"": ""8km"", ""wind_gusts"": ""19km/h"", ""cloud_cover"": ""100%"", ""cloud_ceiling"": ""5900m"", ""precip_probability"": ""20%"", ""acculumen_brightness"": ""1 (어둡게)""}"
90853,2026-08-22T13:06:08.288005+09:00,2026-08-22T14:00:00+09:00,1787374800,2026-08-22T05:00:00+00:00,26,33,30,동북동 9km/h,보통,N/A,20%,"{""max_uv"": ""2.1 (낮음)"", ""humidity"": ""88%"", ""dew_point"": ""24° C"", ""real_feel"": 33, ""visibility"": ""10km"", ""wind_gusts"": ""19km/h"", ""cloud_cover"": ""100%"", ""cloud_ceiling"": ""5900m"", ""precip_probability"": ""20%"", ""acculumen_brightness"": ""1 (어둡게)""}"
90935,2026-08-22T14:02:40.800344+09:00,2026-08-22T15:00:00+09:00,1787378400,2026-08-22T06:00:00+00:00,28,32,31,북동 7km/h,보통,N/A,66%,"{""비"": ""0.8mm"", ""max_uv"": ""1.4 (낮음)"", ""humidity"": ""80%"", ""dew_point"": ""24° C"", ""real_feel"": 32, ""visibility"": ""10km"", ""wind_gusts"": ""19km/h"", ""cloud_cover"": ""100%"", ""cloud_ceiling"": ""5900m"", ""precip_probability"": ""66%"", ""acculumen_brightness"": ""1 (어둡게)""}"
91016,2026-08-22T15:04:19.701495+09:00,2026-08-22T16:00:00+09:00,1787382000,2026-08-22T07:00:00+00:00,27,33,33,동북동 7km/h,보통,N/A,44%,"{""비"": ""0.1mm"", ""max_uv"": ""0.9 (낮음)"", ""humidity"": ""83%"", ""dew_point"": ""24° C"", ""real_feel"": 33, ""visibility"": ""8km"", ""wind_gusts"": ""19km/h"", ""cloud_cover"": ""100%"", ""cloud_ceiling"": ""5900m"", ""precip_probability"": ""44%"", ""acculumen_brightness"": ""1 (어둡게)""}"
91096,2026-08-22T16:05:31.980198+09:00,2026-08-22T17:00:00+09:00,1787385600,2026-08-22T08:00:00+00:00,28,33,33,동 7km/h,보통,N/A,40%,"{""max_uv"": ""0.4 (낮음)"", ""humidity"": ""82%"", ""dew_point"": ""24° C"", ""real_feel"": 33, ""visibility"": ""8km"", ""wind_gusts"": ""19km/h"", ""cloud_cover"": ""99%"", ""cloud_ceiling"": ""500m"", ""precip_probability"": ""40%"", ""acculumen_brightness"": ""1 (어둡게)""}"
91175,2026-08-22T17:02:53.101779+09:00,2026-08-22T18:00:00+09:00,1787389200,2026-08-22T09:00:00+00:00,28,32,32,동 7km/h,보통,N/A,77%,"{""비"": ""1.3mm"", ""max_uv"": ""0.1 (낮음)"", ""humidity"": ""81%"", ""dew_point"": ""25° C"", ""real_feel"": 32, ""visibility"": ""8km"", ""wind_gusts"": ""19km/h"", ""cloud_cover"": ""100%"", ""cloud_ceiling"": ""500m"", ""precip_probability"": ""77%"", ""acculumen_brightness"": ""0 (어둡게)""}"
91253,2026-08-22T18:04:00.070562+09:00,2026-08-22T19:00:00+09:00,1787392800,2026-08-22T10:00:00+00:00,27,32,32,동 9km/h,보통,N/A,58%,"{""비"": ""0.1mm"", ""max_uv"": ""0.0 (낮음)"", ""humidity"": ""86%"", ""dew_point"": ""25° C"", ""real_feel"": 32, ""visibility"": ""6km"", ""wind_gusts"": ""17km/h"", ""cloud_cover"": ""99%"", ""cloud_ceiling"": ""600m"", ""precip_probability"": ""58%"", ""acculumen_brightness"": ""0 (어둡게)""}"
91330,2026-08-22T19:03:40.168843+09:00,2026-08-22T20:00:00+09:00,1787396400,2026-08-22T11:00:00+00:00,27,30,,동 9km/h,보통,N/A,68%,"{""비"": ""1.6mm"", ""humidity"": ""88%"", ""dew_point"": ""24° C"", ""real_feel"": 30, ""visibility"": ""6km"", ""cloud_cover"": ""95%"", ""cloud_ceiling"": ""1200m"", ""precip_probability"": ""68%"", ""acculumen_brightness"": ""0 (어둡게)""}"
91406,2026-08-22T20:04:57.404540+09:00,2026-08-22T21:00:00+09:00,1787400000,2026-08-22T12:00:00+00:00,26,30,,동 9km/h,나쁨,N/A,49%,"{""humidity"": ""91%"", ""dew_point"": ""24° C"", ""real_feel"": 30, ""visibility"": ""8km"", ""cloud_cover"": ""76%"", ""cloud_ceiling"": ""9100m"", ""precip_probability"": ""49%"", ""acculumen_brightness"": ""0 (어둡게)""}"
91481,2026-08-22T21:05:18.486346+09:00,2026-08-22T22:00:00+09:00,1787403600,2026-08-22T13:00:00+00:00,23,27,,동 9km/h,나쁨,N/A,49%,"{""dew_point"": ""23° C"", ""real_feel"": 27, ""visibility"": ""8km"", ""cloud_cover"": ""76%"", ""cloud_ceiling"": ""9100m"", ""precip_probability"": ""49%"", ""acculumen_brightness"": ""0 (어둡게)""}"
91555,2026-08-22T22:02:56.708143+09:00,2026-08-22T23:00:00+09:00,1787407200,2026-08-22T14:00:00+00:00,23,25,,동 9km/h,나쁨,N/A,63%,"{""비"": ""5.5mm"", ""dew_point"": ""23° C"", ""real_feel"": 25, ""visibility"": ""5km"", ""cloud_cover"": ""78%"", ""cloud_ceiling"": ""600m"", ""precip_probability"": ""63%"", ""acculumen_brightness"": ""0 (어둡게)""}"
91628,2026-08-22T23:04:18.101261+09:00,2026-08-23T00:00:00+09:00,1787410800,2026-08-22T15:00:00+00:00,23,27,,동 9km/h,나쁨,N/A,49%,"{""dew_point"": ""23° C"", ""real_feel"": 27, ""visibility"": ""8km"", ""cloud_cover"": ""76%"", ""cloud_ceiling"": ""9100m"", ""precip_probability"": ""49%"", ""acculumen_brightness"": ""0 (어둡게)""}"
91724,2026-08-23T00:04:21.129189+09:00,2026-08-23T01:00:00+09:00,1787414400,2026-08-22T16:00:00+00:00,23,27,,동 9km/h,나쁨,N/A,25%,"{""dew_point"": ""23° C"", ""real_feel"": 27, ""visibility"": ""8km"", ""cloud_cover"": ""76%"", ""cloud_ceiling"": ""9100m"", ""precip_probability"": ""25%"", ""acculumen_brightness"": ""0 (어둡게)""}"
91819,2026-08-23T01:02:16.539011+09:00,2026-08-23T02:00:00+09:00,1787418000,2026-08-22T17:00:00+00:00,23,27,,동 9km/h,나쁨,N/A,37%,"{""dew_point"": ""23° C"", ""real_feel"": 27, ""visibility"": ""8km"", ""cloud_cover"": ""76%"", ""cloud_ceiling"": ""9100m"", ""precip_probability"": ""37%"", ""acculumen_brightness"": ""0 (어둡게)""}"
91913,2026-08-23T02:07:17.148299+09:00,2026-08-23T03:00:00+09:00,1787421600,2026-08-22T18:00:00+00:00,23,27,,동 9km/h,보통,N/A,33%,"{""dew_point"": ""23° C"", ""real_feel"": 27, ""visibility"": ""8km"", ""cloud_cover"": ""76%"", ""cloud_ceiling"": ""9100m"", ""precip_probability"": ""33%"", ""acculumen_brightness"": ""0 (어둡게)""}"
92006,2026-08-23T03:07:06.081645+09:00,2026-08-23T04:00:00+09:00,1787425200,2026-08-22T19:00:00+00:00,23,27,,동 9km/h,보통,N/A,32%,"{""dew_point"": ""23° C"", ""real_feel"": 27, ""visibility"": ""8km"", ""cloud_cover"": ""76%"", ""cloud_ceiling"": ""9100m"", ""precip_probability"": ""32%"", ""acculumen_brightness"": ""0 (어둡게)""}"
92098,2026-08-23T04:05:28.161994+09:00,2026-08-23T05:00:00+09:00,1787428800,2026-08-22T20:00:00+00:00,24,26,,동 9km/h,보통,N/A,34%,"{""dew_point"": ""22° C"", ""real_feel"": 26, ""visibility"": ""10km"", ""cloud_cover"": ""76%"", ""cloud_ceiling"": ""9100m"", ""precip_probability"": ""34%"", ""acculumen_brightness"": ""0 (어둡게)""}"
92189,2026-08-23T05:07:14.066178+09:00,2026-08-23T06:00:00+09:00,1787432400,2026-08-22T21:00:00+00:00,24,27,27,동 9km/h,보통,0,29%,"{""humidity"": ""91%"", ""dew_point"": ""22° C"", ""real_feel"": 27, ""visibility"": ""10km"", ""wind_gusts"": ""17km/h"", ""cloud_cover"": ""76%"", ""cloud_ceiling"": ""9100m"", ""precip_probability"": ""29%"", ""acculumen_brightness"": ""2 (어둡게)""}"
92279,2026-08-23T06:03:28.952854+09:00,2026-08-23T07:00:00+09:00,1787436000,2026-08-22T22:00:00+00:00,25,30,28,동 7km/h,보통,1,20%,"{""humidity"": ""86%"", ""dew_point"": ""23° C"", ""real_feel"": 30, ""visibility"": ""10km"", ""wind_gusts"": ""17km/h"", ""cloud_cover"": ""25%"", ""cloud_ceiling"": ""9100m"", ""precip_probability"": ""20%"", ""acculumen_brightness"": ""9 (매우 밝음)""}"
92368,2026-08-23T07:08:05.322667+09:00,2026-08-23T08:00:00+09:00,1787439600,2026-08-22T23:00:00+00:00,26,33,30,동 9km/h,보통,N/A,20%,"{""max_uv"": ""2.5 (보통)"", ""humidity"": ""84%"", ""dew_point"": ""24° C"", ""real_feel"": 33, ""visibility"": ""10km"", ""wind_gusts"": ""19km/h"", ""cloud_cover"": ""25%"", ""cloud_ceiling"": ""9100m"", ""precip_probability"": ""20%"", ""acculumen_brightness"": ""9 (매우 밝음)""}"
92456,2026-08-23T08:05:25.085990+09:00,2026-08-23T09:00:00+09:00,1787443200,2026-08-23T00:00:00+00:00,28,36,32,동남동 9km/h,보통,N/A,20%,"{""max_uv"": ""4.0 (보통)"", ""humidity"": ""80%"", ""dew_point"": ""24° C"", ""real_feel"": 36, ""visibility"": ""10km"", ""wind_gusts"": ""19km/h"", ""cloud_cover"": ""26%"", ""cloud_ceiling"": ""9100m"", ""precip_probability"": ""20%"", ""acculumen_brightness"": ""9 (매우 밝음)""}"
92543,2026-08-23T09:03:54.930138+09:00,2026-08-23T10:00:00+09:00,1787446800,2026-08-23T01:00:00+00:00,29,38,34,동남동 9km/h,보통,N/A,20%,"{""max_uv"": ""5.5 (높음)"", ""humidity"": ""79%"", ""dew_point"": ""25° C"", ""real_feel"": 38, ""visibility"": ""11km"", ""wind_gusts"": ""17km/h"", ""cloud_cover"": ""36%"", ""cloud_ceiling"": ""9100m"", ""precip_probability"": ""20%"", ""acculumen_brightness"": ""9 (매우 밝음)""}"
92629,2026-08-23T10:06:37.807537+09:00,2026-08-23T11:00:00+09:00,1787450400,2026-08-23T02:00:00+00:00,31,41,36,남남동 9km/h,보통,N/A,20%,"{""max_uv"": ""7.6 (매우 높음)"", ""humidity"": ""71%"", ""dew_point"": ""25° C"", ""real_feel"": 41, ""visibility"": ""16km"", ""wind_gusts"": ""19km/h"", ""cloud_cover"": ""46%"", ""cloud_ceiling"": ""9100m"", ""precip_probability"": ""20%"", ""acculumen_brightness"": ""8 (밝음)""}"
92714,2026-08-23T11:04:31.599982+09:00,2026-08-23T12:00:00+09:00,1787454000,2026-08-23T03:00:00+00:00,33,42,38,남남서 9km/h,보통,N/A,18%,"{""max_uv"": ""4.2 (보통)"", ""humidity"": ""66%"", ""dew_point"": ""26° C"", ""real_feel"": 42, ""visibility"": ""10km"", ""wind_gusts"": ""20km/h"", ""cloud_cover"": ""70%"", ""cloud_ceiling"": ""2100m"", ""precip_probability"": ""18%"", ""acculumen_brightness"": ""6 (중간)""}"
92798,2026-08-23T12:04:10.818692+09:00,2026-08-23T13:00:00+09:00,1787457600,2026-08-23T04:00:00+00:00,33,43,38,남서 11km/h,보통,N/A,14%,"{""max_uv"": ""7.1 (높음)"", ""humidity"": ""63%"", ""dew_point"": ""26° C"", ""real_feel"": 43, ""visibility"": ""16km"", ""wind_gusts"": ""22km/h"", ""cloud_cover"": ""64%"", ""cloud_ceiling"": ""9100m"", ""precip_probability"": ""14%"", ""acculumen_brightness"": ""6 (중간)""}"
92881,2026-08-23T13:03:03.217206+09:00,2026-08-23T14:00:00+09:00,1787461200,2026-08-23T05:00:00+00:00,34,42,38,남서 11km/h,보통,N/A,14%,"{""max_uv"": ""4.7 (보통)"", ""humidity"": ""60%"", ""dew_point"": ""25° C"", ""real_feel"": 42, ""visibility"": ""16km"", ""wind_gusts"": ""22km/h"", ""cloud_cover"": ""71%"", ""cloud_ceiling"": ""9100m"", ""precip_probability"": ""14%"", ""acculumen_brightness"": ""6 (중간)""}"
92963,2026-08-23T14:03:21.189998+09:00,2026-08-23T15:00:00+09:00,1787464800,2026-08-23T06:00:00+00:00,33,40,38,서남서 13km/h,완벽함,N/A,18%,"{""max_uv"": ""3.0 (보통)"", ""humidity"": ""61%"", ""dew_point"": ""25° C"", ""real_feel"": 40, ""visibility"": ""16km"", ""wind_gusts"": ""24km/h"", ""cloud_cover"": ""78%"", ""cloud_ceiling"": ""9100m"", ""precip_probability"": ""18%"", ""acculumen_brightness"": ""5 (중간)""}"
93044,2026-08-23T15:02:51.234573+09:00,2026-08-23T16:00:00+09:00,1787468400,2026-08-23T07:00:00+00:00,33,39,37,서남서 13km/h,보통,N/A,43%,"{""max_uv"": ""1.8 (낮음)"", ""humidity"": ""62%"", ""dew_point"": ""25° C"", ""real_feel"": 39, ""visibility"": ""11km"", ""wind_gusts"": ""24km/h"", ""cloud_cover"": ""82%"", ""cloud_ceiling"": ""9100m"", ""precip_probability"": ""43%"", ""acculumen_brightness"": ""4 (칙칙함)""}"
93124,2026-08-23T16:04:48.117912+09:00,2026-08-23T17:00:00+09:00,1787472000,2026-08-23T08:00:00+00:00,32,38,37,서 11km/h,보통,N/A,47%,"{""max_uv"": ""1.0 (낮음)"", ""humidity"": ""64%"", ""dew_point"": ""25° C"", ""real_feel"": 38, ""visibility"": ""11km"", ""wind_gusts"": ""22km/h"", ""cloud_cover"": ""86%"", ""cloud_ceiling"": ""9100m"", ""precip_probability"": ""47%"", ""acculumen_brightness"": ""3 (칙칙함)""}"
93203,2026-08-23T17:07:28.335186+09:00,2026-08-23T18:00:00+09:00,1787475600,2026-08-23T09:00:00+00:00,31,36,36,서 11km/h,보통,N/A,51%,"{""비"": ""0.5mm"", ""max_uv"": ""0.3 (낮음)"", ""humidity"": ""68%"", ""dew_point"": ""25° C"", ""real_feel"": 36, ""visibility"": ""16km"", ""wind_gusts"": ""22km/h"", ""cloud_cover"": ""90%"", ""cloud_ceiling"": ""9100m"", ""precip_probability"": ""51%"", ""acculumen_brightness"": ""1 (어둡게)""}"
93281,2026-08-23T18:05:37.853764+09:00,2026-08-23T19:00:00+09:00,1787479200,2026-08-23T10:00:00+00:00,31,36,36,서 9km/h,보통,N/A,5%,"{""max_uv"": ""0.0 (낮음)"", ""humidity"": ""71%"", ""dew_point"": ""25° C"", ""real_feel"": 36, ""visibility"": ""11km"", ""wind_gusts"": ""19km/h"", ""cloud_cover"": ""55%"", ""cloud_ceiling"": ""9100m"", ""precip_probability"": ""5%"", ""acculumen_brightness"": ""0 (어둡게)""}"
93358,2026-08-23T19:06:45.569529+09:00,2026-08-23T20:00:00+09:00,1787482800,2026-08-23T11:00:00+00:00,30,36,,서북서 7km/h,보통,N/A,0%,"{""humidity"": ""77%"", ""dew_point"": ""25° C"", ""real_feel"": 36, ""visibility"": ""11km"", ""cloud_cover"": ""31%"", ""cloud_ceiling"": ""9100m"", ""precip_probability"": ""0%"", ""acculumen_brightness"": ""0 (어둡게)""}"
93434,2026-08-23T20:06:17.748117+09:00,2026-08-23T21:00:00+09:00,1787486400,2026-08-23T12:00:00+00:00,28,35,,서북서 6km/h,보통,N/A,0%,"{""humidity"": ""82%"", ""dew_point"": ""25° C"", ""real_feel"": 35, ""visibility"": ""10km"", ""cloud_cover"": ""7%"", ""cloud_ceiling"": ""9100m"", ""precip_probability"": ""0%"", ""acculumen_brightness"": ""0 (어둡게)""}"
93509,2026-08-23T21:06:50.198616+09:00,2026-08-23T22:00:00+09:00,1787490000,2026-08-23T13:00:00+00:00,27,33,,서 6km/h,보통,N/A,0%,"{""humidity"": ""88%"", ""dew_point"": ""25° C"", ""real_feel"": 33, ""visibility"": ""10km"", ""cloud_cover"": ""27%"", ""cloud_ceiling"": ""9100m"", ""precip_probability"": ""0%"", ""acculumen_brightness"": ""0 (어둡게)""}"
93583,2026-08-23T22:06:33.286593+09:00,2026-08-23T23:00:00+09:00,1787493600,2026-08-23T14:00:00+00:00,26,32,,서남서 6km/h,보통,N/A,0%,"{""humidity"": ""91%"", ""dew_point"": ""25° C"", ""real_feel"": 32, ""visibility"": ""10km"", ""cloud_cover"": ""47%"", ""cloud_ceiling"": ""9100m"", ""precip_probability"": ""0%"", ""acculumen_brightness"": ""0 (어둡게)""}"
93656,2026-08-23T23:02:13.228085+09:00,2026-08-24T00:00:00+09:00,1787497200,2026-08-23T15:00:00+00:00,26,31,,남서 6km/h,보통,N/A,0%,"{""humidity"": ""92%"", ""dew_point"": ""24° C"", ""real_feel"": 31, ""visibility"": ""10km"", ""cloud_cover"": ""66%"", ""cloud_ceiling"": ""9100m"", ""precip_probability"": ""0%"", ""acculumen_brightness"": ""0 (어둡게)""}"
93752,2026-08-24T00:07:58.868873+09:00,2026-08-24T01:00:00+09:00,1787500800,2026-08-23T16:00:00+00:00,26,31,,남서 6km/h,보통,N/A,0%,"{""dew_point"": ""24° C"", ""real_feel"": 31, ""visibility"": ""8km"", ""cloud_cover"": ""51%"", ""cloud_ceiling"": ""9100m"", ""precip_probability"": ""0%"", ""acculumen_brightness"": ""0 (어둡게)""}"
93847,2026-08-24T01:07:48.515537+09:00,2026-08-24T02:00:00+09:00,1787504400,2026-08-23T17:00:00+00:00,25,31,,서남서 6km/h,보통,N/A,0%,"{""dew_point"": ""24° C"", ""real_feel"": 31, ""visibility"": ""8km"", ""cloud_cover"": ""36%"", ""cloud_ceiling"": ""9100m"", ""precip_probability"": ""0%"", ""acculumen_brightness"": ""0 (어둡게)""}"
93941,2026-08-24T02:05:18.688142+09:00,2026-08-24T03:00:00+09:00,1787508000,2026-08-23T18:00:00+00:00,25,30,,서남서 6km/h,보통,N/A,0%,"{""dew_point"": ""24° C"", ""real_feel"": 30, ""visibility"": ""8km"", ""cloud_cover"": ""21%"", ""cloud_ceiling"": ""9100m"", ""precip_probability"": ""0%"", ""acculumen_brightness"": ""0 (어둡게)""}"
94034,2026-08-24T03:04:32.673279+09:00,2026-08-24T04:00:00+09:00,1787511600,2026-08-23T19:00:00+00:00,25,30,,남남서 6km/h,보통,N/A,0%,"{""dew_point"": ""24° C"", ""real_feel"": 30, ""visibility"": ""8km"", ""cloud_cover"": ""31%"", ""cloud_ceiling"": ""9100m"", ""precip_probability"": ""0%"", ""acculumen_brightness"": ""0 (어둡게)""}"
94126,2026-08-24T04:05:55.368034+09:00,2026-08-24T05:00:00+09:00,1787515200,2026-08-23T20:00:00+00:00,25,29,,남동 6km/h,보통,N/A,0%,"{""dew_point"": ""24° C"", ""real_feel"": 29, ""visibility"": ""8km"", ""cloud_cover"": ""42%"", ""cloud_ceiling"": ""9100m"", ""precip_probability"": ""0%"", ""acculumen_brightness"": ""0 (어둡게)""}"
94217,2026-08-24T05:07:40.242151+09:00,2026-08-24T06:00:00+09:00,1787518800,2026-08-23T21:00:00+00:00,24,29,29,남동 6km/h,보통,0,3%,"{""humidity"": ""97%"", ""dew_point"": ""24° C"", ""real_feel"": 29, ""visibility"": ""8km"", ""wind_gusts"": ""7km/h"", ""cloud_cover"": ""52%"", ""cloud_ceiling"": ""9100m"", ""precip_probability"": ""3%"", ""acculumen_brightness"": ""3 (칙칙함)""}"
94307,2026-08-24T06:07:00.439189+09:00,2026-08-24T07:00:00+09:00,1787522400,2026-08-23T22:00:00+00:00,25,32,29,남동 6km/h,보통,1,7%,"{""humidity"": ""93%"", ""dew_point"": ""24° C"", ""real_feel"": 32, ""visibility"": ""8km"", ""wind_gusts"": ""9km/h"", ""cloud_cover"": ""43%"", ""cloud_ceiling"": ""9100m"", ""precip_probability"": ""7%"", ""acculumen_brightness"": ""8 (밝음)""}"
94396,2026-08-24T07:02:16.377583+09:00,2026-08-24T08:00:00+09:00,1787526000,2026-08-23T23:00:00+00:00,27,35,31,남남동 7km/h,보통,N/A,7%,"{""max_uv"": ""2.5 (보통)"", ""humidity"": ""84%"", ""dew_point"": ""24° C"", ""real_feel"": 35, ""visibility"": ""10km"", ""wind_gusts"": ""11km/h"", ""cloud_cover"": ""34%"", ""cloud_ceiling"": ""9100m"", ""precip_probability"": ""7%"", ""acculumen_brightness"": ""9 (매우 밝음)""}"
94484,2026-08-24T08:03:29.956013+09:00,2026-08-24T09:00:00+09:00,1787529600,2026-08-24T00:00:00+00:00,29,37,33,남 7km/h,보통,N/A,7%,"{""max_uv"": ""3.4 (보통)"", ""humidity"": ""78%"", ""dew_point"": ""25° C"", ""real_feel"": 37, ""visibility"": ""10km"", ""wind_gusts"": ""15km/h"", ""cloud_cover"": ""70%"", ""cloud_ceiling"": ""9100m"", ""precip_probability"": ""7%"", ""acculumen_brightness"": ""6 (중간)""}"
94571,2026-08-24T09:02:09.433513+09:00,2026-08-24T10:00:00+09:00,1787533200,2026-08-24T01:00:00+00:00,30,39,35,남남서 9km/h,보통,N/A,7%,"{""max_uv"": ""5.5 (보통)"", ""humidity"": ""72%"", ""dew_point"": ""25° C"", ""real_feel"": 39, ""visibility"": ""11km"", ""wind_gusts"": ""20km/h"", ""cloud_cover"": ""21%"", ""cloud_ceiling"": ""9100m"", ""precip_probability"": ""7%"", ""acculumen_brightness"": ""9 (매우 밝음)""}"
94657,2026-08-24T10:07:28.055210+09:00,2026-08-24T11:00:00+09:00,1787536800,2026-08-24T02:00:00+00:00,32,41,36,남서 11km/h,보통,N/A,7%,"{""max_uv"": ""7.5 (높음)"", ""humidity"": ""67%"", ""dew_point"": ""25° C"", ""real_feel"": 41, ""visibility"": ""11km"", ""wind_gusts"": ""26km/h"", ""cloud_cover"": ""18%"", ""cloud_ceiling"": ""9100m"", ""precip_probability"": ""7%"", ""acculumen_brightness"": ""9 (매우 밝음)""}"
94742,2026-08-24T11:05:39.177001+09:00,2026-08-24T12:00:00+09:00,1787540400,2026-08-24T03:00:00+00:00,32,41,37,서남서 13km/h,보통,N/A,5%,"{""max_uv"": ""8.3 (매우 높음)"", ""humidity"": ""65%"", ""dew_point"": ""25° C"", ""real_feel"": 41, ""visibility"": ""16km"", ""wind_gusts"": ""32km/h"", ""cloud_cover"": ""14%"", ""cloud_ceiling"": ""9100m"", ""precip_probability"": ""5%"", ""acculumen_brightness"": ""9 (매우 밝음)""}"
94826,2026-08-24T12:03:39.573233+09:00,2026-08-24T13:00:00+09:00,1787544000,2026-08-24T04:00:00+00:00,33,41,37,서남서 13km/h,보통,N/A,0%,"{""max_uv"": ""7.5 (높음)"", ""humidity"": ""64%"", ""dew_point"": ""25° C"", ""real_feel"": 41, ""visibility"": ""16km"", ""wind_gusts"": ""32km/h"", ""cloud_cover"": ""10%"", ""cloud_ceiling"": ""9100m"", ""precip_probability"": ""0%"", ""acculumen_brightness"": ""9 (매우 밝음)""}"
94909,2026-08-24T13:05:19.931288+09:00,2026-08-24T14:00:00+09:00,1787547600,2026-08-24T05:00:00+00:00,33,40,37,서남서 15km/h,보통,N/A,0%,"{""max_uv"": ""5.5 (보통)"", ""humidity"": ""61%"", ""dew_point"": ""25° C"", ""real_feel"": 40, ""visibility"": ""16km"", ""wind_gusts"": ""30km/h"", ""cloud_cover"": ""6%"", ""cloud_ceiling"": ""9100m"", ""precip_probability"": ""0%"", ""acculumen_brightness"": ""9 (매우 밝음)""}"
94991,2026-08-24T14:05:32.038792+09:00,2026-08-24T15:00:00+09:00,1787551200,2026-08-24T06:00:00+00:00,33,39,36,서남서 15km/h,보통,N/A,0%,"{""max_uv"": ""3.9 (보통)"", ""humidity"": ""62%"", ""dew_point"": ""25° C"", ""real_feel"": 39, ""visibility"": ""16km"", ""wind_gusts"": ""30km/h"", ""cloud_cover"": ""2%"", ""cloud_ceiling"": ""9100m"", ""precip_probability"": ""0%"", ""acculumen_brightness"": ""10 (매우 밝음)""}"
95072,2026-08-24T15:03:00.072034+09:00,2026-08-24T16:00:00+09:00,1787554800,2026-08-24T07:00:00+00:00,32,38,36,서남서 15km/h,나쁨,N/A,0%,"{""max_uv"": ""2.5 (보통)"", ""humidity"": ""64%"", ""dew_point"": ""25° C"", ""real_feel"": 38, ""visibility"": ""16km"", ""wind_gusts"": ""30km/h"", ""cloud_cover"": ""8%"", ""cloud_ceiling"": ""9100m"", ""precip_probability"": ""0%"", ""acculumen_brightness"": ""9 (매우 밝음)""}"
95152,2026-08-24T16:04:17.052632+09:00,2026-08-24T17:00:00+09:00,1787558400,2026-08-24T08:00:00+00:00,31,37,35,서 15km/h,나쁨,N/A,0%,"{""max_uv"": ""1.5 (낮음)"", ""humidity"": ""67%"", ""dew_point"": ""25° C"", ""real_feel"": 37, ""visibility"": ""11km"", ""wind_gusts"": ""28km/h"", ""cloud_cover"": ""14%"", ""cloud_ceiling"": ""9100m"", ""precip_probability"": ""0%"", ""acculumen_brightness"": ""9 (매우 밝음)""}"
95231,2026-08-24T17:02:14.733631+09:00,2026-08-24T18:00:00+09:00,1787562000,2026-08-24T09:00:00+00:00,30,36,36,서 13km/h,나쁨,N/A,0%,"{""max_uv"": ""0.5 (낮음)"", ""humidity"": ""71%"", ""dew_point"": ""25° C"", ""real_feel"": 36, ""visibility"": ""11km"", ""wind_gusts"": ""24km/h"", ""cloud_cover"": ""20%"", ""cloud_ceiling"": ""9100m"", ""precip_probability"": ""0%"", ""acculumen_brightness"": ""3 (칙칙함)""}"
95309,2026-08-24T18:05:27.798412+09:00,2026-08-24T19:00:00+09:00,1787565600,2026-08-24T10:00:00+00:00,30,35,35,서 11km/h,나쁨,N/A,0%,"{""max_uv"": ""0.0 (낮음)"", ""humidity"": ""73%"", ""dew_point"": ""25° C"", ""real_feel"": 35, ""visibility"": ""16km"", ""wind_gusts"": ""20km/h"", ""cloud_cover"": ""6%"", ""cloud_ceiling"": ""9100m"", ""precip_probability"": ""0%"", ""acculumen_brightness"": ""0 (어둡게)""}"
95386,2026-08-24T19:08:07.853490+09:00,2026-08-24T20:00:00+09:00,1787569200,2026-08-24T11:00:00+00:00,29,35,,서 9km/h,나쁨,N/A,0%,"{""humidity"": ""80%"", ""dew_point"": ""25° C"", ""real_feel"": 35, ""visibility"": ""11km"", ""cloud_cover"": ""11%"", ""cloud_ceiling"": ""9100m"", ""precip_probability"": ""0%"", ""acculumen_brightness"": ""0 (어둡게)""}"
95462,2026-08-24T20:04:16.357002+09:00,2026-08-24T21:00:00+09:00,1787572800,2026-08-24T12:00:00+00:00,27,34,,서 7km/h,나쁨,N/A,0%,"{""humidity"": ""88%"", ""dew_point"": ""25° C"", ""real_feel"": 34, ""visibility"": ""11km"", ""cloud_cover"": ""15%"", ""cloud_ceiling"": ""9100m"", ""precip_probability"": ""0%"", ""acculumen_brightness"": ""0 (어둡게)""}"
95537,2026-08-24T21:06:22.430671+09:00,2026-08-24T22:00:00+09:00,1787576400,2026-08-24T13:00:00+00:00,27,33,,서남서 7km/h,나쁨,N/A,0%,"{""humidity"": ""92%"", ""dew_point"": ""25° C"", ""real_feel"": 33, ""visibility"": ""10km"", ""cloud_cover"": ""31%"", ""cloud_ceiling"": ""9100m"", ""precip_probability"": ""0%"", ""acculumen_brightness"": ""0 (어둡게)""}"
95611,2026-08-24T22:02:29.350134+09:00,2026-08-24T23:00:00+09:00,1787580000,2026-08-24T14:00:00+00:00,26,33,,서남서 7km/h,나쁨,N/A,0%,"{""humidity"": ""94%"", ""dew_point"": ""25° C"", ""real_feel"": 33, ""visibility"": ""10km"", ""cloud_cover"": ""47%"", ""cloud_ceiling"": ""9100m"", ""precip_probability"": ""0%"", ""acculumen_brightness"": ""0 (어둡게)""}"
95684,2026-08-24T23:04:08.529769+09:00,2026-08-25T00:00:00+09:00,1787583600,2026-08-24T15:00:00+00:00,25,32,,남서 7km/h,보통,N/A,3%,"{""dew_point"": ""25° C"", ""real_feel"": 32, ""visibility"": ""8km"", ""cloud_cover"": ""63%"", ""cloud_ceiling"": ""500m"", ""precip_probability"": ""3%"", ""acculumen_brightness"": ""0 (어둡게)""}"
95780,2026-08-25T00:06:38.930863+09:00,2026-08-25T01:00:00+09:00,1787587200,2026-08-24T16:00:00+00:00,26,33,,남남서 7km/h,보통,N/A,43%,"{""humidity"": ""95%"", ""dew_point"": ""25° C"", ""real_feel"": 33, ""visibility"": ""8km"", ""cloud_cover"": ""75%"", ""cloud_ceiling"": ""500m"", ""precip_probability"": ""43%"", ""acculumen_brightness"": ""0 (어둡게)""}"
95875,2026-08-25T01:02:29.599661+09:00,2026-08-25T02:00:00+09:00,1787590800,2026-08-24T17:00:00+00:00,26,33,,남남서 7km/h,나쁨,N/A,47%,"{""humidity"": ""96%"", ""dew_point"": ""26° C"", ""real_feel"": 33, ""visibility"": ""8km"", ""cloud_cover"": ""87%"", ""cloud_ceiling"": ""500m"", ""precip_probability"": ""47%"", ""acculumen_brightness"": ""0 (어둡게)""}"
95969,2026-08-25T02:07:11.537941+09:00,2026-08-25T03:00:00+09:00,1787594400,2026-08-24T18:00:00+00:00,27,33,,남서 7km/h,나쁨,N/A,42%,"{""비"": ""0.1mm"", ""humidity"": ""96%"", ""dew_point"": ""26° C"", ""real_feel"": 33, ""visibility"": ""8km"", ""cloud_cover"": ""99%"", ""cloud_ceiling"": ""500m"", ""precip_probability"": ""42%"", ""acculumen_brightness"": ""0 (어둡게)""}"
96062,2026-08-25T03:03:10.502739+09:00,2026-08-25T04:00:00+09:00,1787598000,2026-08-24T19:00:00+00:00,26,33,,남남서 7km/h,보통,N/A,40%,"{""humidity"": ""97%"", ""dew_point"": ""26° C"", ""real_feel"": 33, ""visibility"": ""8km"", ""cloud_cover"": ""97%"", ""cloud_ceiling"": ""500m"", ""precip_probability"": ""40%"", ""acculumen_brightness"": ""0 (어둡게)""}"
96154,2026-08-25T04:05:31.001654+09:00,2026-08-25T05:00:00+09:00,1787601600,2026-08-24T20:00:00+00:00,26,31,,남남서 7km/h,보통,N/A,58%,"{""비"": ""0.4mm"", ""humidity"": ""98%"", ""dew_point"": ""25° C"", ""real_feel"": 31, ""visibility"": ""8km"", ""cloud_cover"": ""96%"", ""cloud_ceiling"": ""500m"", ""precip_probability"": ""58%"", ""acculumen_brightness"": ""0 (어둡게)""}"
96245,2026-08-25T05:02:26.558761+09:00,2026-08-25T06:00:00+09:00,1787605200,2026-08-24T21:00:00+00:00,26,31,31,남남서 7km/h,보통,N/A,67%,"{""비"": ""0.8mm"", ""max_uv"": ""0.1 (낮음)"", ""humidity"": ""98%"", ""dew_point"": ""25° C"", ""real_feel"": 31, ""visibility"": ""8km"", ""wind_gusts"": ""17km/h"", ""cloud_cover"": ""99%"", ""cloud_ceiling"": ""500m"", ""precip_probability"": ""67%"", ""acculumen_brightness"": ""0 (어둡게)""}"
96335,2026-08-25T06:06:42.575677+09:00,2026-08-25T07:00:00+09:00,1787608800,2026-08-24T22:00:00+00:00,26,32,32,남서 7km/h,보통,N/A,59%,"{""max_uv"": ""0.3 (낮음)"", ""humidity"": ""97%"", ""dew_point"": ""26° C"", ""real_feel"": 32, ""visibility"": ""8km"", ""wind_gusts"": ""19km/h"", ""cloud_cover"": ""96%"", ""cloud_ceiling"": ""500m"", ""precip_probability"": ""59%"", ""acculumen_brightness"": ""1 (어둡게)""}"
96424,2026-08-25T07:06:06.083576+09:00,2026-08-25T08:00:00+09:00,1787612400,2026-08-24T23:00:00+00:00,28,34,34,서남서 9km/h,보통,N/A,58%,"{""비"": ""0.1mm"", ""max_uv"": ""0.5 (낮음)"", ""humidity"": ""89%"", ""dew_point"": ""26° C"", ""real_feel"": 34, ""visibility"": ""8km"", ""wind_gusts"": ""20km/h"", ""cloud_cover"": ""99%"", ""cloud_ceiling"": ""500m"", ""precip_probability"": ""58%"", ""acculumen_brightness"": ""1 (어둡게)""}"
96512,2026-08-25T08:05:52.062624+09:00,2026-08-25T09:00:00+09:00,1787616000,2026-08-25T00:00:00+00:00,29,37,34,서남서 9km/h,보통,N/A,49%,"{""max_uv"": ""3.2 (보통)"", ""humidity"": ""83%"", ""dew_point"": ""26° C"", ""real_feel"": 37, ""visibility"": ""8km"", ""wind_gusts"": ""20km/h"", ""cloud_cover"": ""74%"", ""cloud_ceiling"": ""9100m"", ""precip_probability"": ""49%"", ""acculumen_brightness"": ""5 (중간)""}"
96599,2026-08-25T09:03:32.643467+09:00,2026-08-25T10:00:00+09:00,1787619600,2026-08-25T01:00:00+00:00,30,37,35,서남서 9km/h,완벽함,N/A,49%,"{""max_uv"": ""2.3 (낮음)"", ""humidity"": ""77%"", ""dew_point"": ""25° C"", ""real_feel"": 37, ""visibility"": ""10km"", ""wind_gusts"": ""22km/h"", ""cloud_cover"": ""81%"", ""cloud_ceiling"": ""2100m"", ""precip_probability"": ""49%"", ""acculumen_brightness"": ""4 (칙칙함)""}"
96685,2026-08-25T10:02:54.186618+09:00,2026-08-25T11:00:00+09:00,1787623200,2026-08-25T02:00:00+00:00,30,36,34,서남서 11km/h,보통,N/A,63%,"{""비"": ""0.3mm"", ""max_uv"": ""2.1 (낮음)"", ""humidity"": ""72%"", ""dew_point"": ""25° C"", ""real_feel"": 36, ""visibility"": ""10km"", ""wind_gusts"": ""22km/h"", ""cloud_cover"": ""88%"", ""cloud_ceiling"": ""600m"", ""precip_probability"": ""63%"", ""acculumen_brightness"": ""3 (칙칙함)""}"
96770,2026-08-25T11:06:31.186107+09:00,2026-08-25T12:00:00+09:00,1787626800,2026-08-25T03:00:00+00:00,31,36,34,서 13km/h,보통,N/A,67%,"{""비"": ""0.5mm"", ""max_uv"": ""2.0 (낮음)"", ""humidity"": ""68%"", ""dew_point"": ""25° C"", ""real_feel"": 36, ""visibility"": ""10km"", ""wind_gusts"": ""24km/h"", ""cloud_cover"": ""94%"", ""cloud_ceiling"": ""500m"", ""precip_probability"": ""67%"", ""acculumen_brightness"": ""2 (어둡게)""}"
96854,2026-08-25T12:04:07.877859+09:00,2026-08-25T13:00:00+09:00,1787630400,2026-08-25T04:00:00+00:00,31,38,35,서 13km/h,보통,N/A,22%,"{""max_uv"": ""3.0 (보통)"", ""humidity"": ""66%"", ""dew_point"": ""24° C"", ""real_feel"": 38, ""visibility"": ""11km"", ""wind_gusts"": ""26km/h"", ""cloud_cover"": ""73%"", ""cloud_ceiling"": ""500m"", ""precip_probability"": ""22%"", ""acculumen_brightness"": ""5 (중간)""}"
96937,2026-08-25T13:02:46.542800+09:00,2026-08-25T14:00:00+09:00,1787634000,2026-08-25T05:00:00+00:00,32,39,36,서 13km/h,보통,N/A,17%,"{""max_uv"": ""5.4 (보통)"", ""humidity"": ""64%"", ""dew_point"": ""24° C"", ""real_feel"": 39, ""visibility"": ""11km"", ""wind_gusts"": ""26km/h"", ""cloud_cover"": ""52%"", ""cloud_ceiling"": ""9100m"", ""precip_probability"": ""17%"", ""acculumen_brightness"": ""8 (밝음)""}"
97019,2026-08-25T14:07:38.674159+09:00,2026-08-25T15:00:00+09:00,1787637600,2026-08-25T06:00:00+00:00,31,38,35,서 13km/h,보통,N/A,17%,"{""max_uv"": ""3.9 (보통)"", ""humidity"": ""65%"", ""dew_point"": ""24° C"", ""real_feel"": 38, ""visibility"": ""11km"", ""wind_gusts"": ""28km/h"", ""cloud_cover"": ""31%"", ""cloud_ceiling"": ""9100m"", ""precip_probability"": ""17%"", ""acculumen_brightness"": ""9 (매우 밝음)""}"
97100,2026-08-25T15:07:54.641894+09:00,2026-08-25T16:00:00+09:00,1787641200,2026-08-25T07:00:00+00:00,31,37,35,서 13km/h,보통,N/A,17%,"{""max_uv"": ""2.5 (낮음)"", ""humidity"": ""65%"", ""dew_point"": ""24° C"", ""real_feel"": 37, ""visibility"": ""11km"", ""wind_gusts"": ""26km/h"", ""cloud_cover"": ""23%"", ""cloud_ceiling"": ""9100m"", ""precip_probability"": ""17%"", ""acculumen_brightness"": ""9 (매우 밝음)""}"
97180,2026-08-25T16:07:38.945692+09:00,2026-08-25T17:00:00+09:00,1787644800,2026-08-25T08:00:00+00:00,31,36,34,서 13km/h,보통,N/A,17%,"{""max_uv"": ""1.5 (낮음)"", ""humidity"": ""66%"", ""dew_point"": ""24° C"", ""real_feel"": 36, ""visibility"": ""11km"", ""wind_gusts"": ""24km/h"", ""cloud_cover"": ""15%"", ""cloud_ceiling"": ""9100m"", ""precip_probability"": ""17%"", ""acculumen_brightness"": ""9 (매우 밝음)""}"
97259,2026-08-25T17:05:29.962768+09:00,2026-08-25T18:00:00+09:00,1787648400,2026-08-25T09:00:00+00:00,30,34,34,서 13km/h,보통,N/A,13%,"{""max_uv"": ""0.5 (낮음)"", ""humidity"": ""70%"", ""dew_point"": ""24° C"", ""real_feel"": 34, ""visibility"": ""11km"", ""wind_gusts"": ""22km/h"", ""cloud_cover"": ""7%"", ""cloud_ceiling"": ""9100m"", ""precip_probability"": ""13%"", ""acculumen_brightness"": ""3 (칙칙함)""}"
97337,2026-08-25T18:04:20.368887+09:00,2026-08-25T19:00:00+09:00,1787652000,2026-08-25T10:00:00+00:00,30,35,35,서 11km/h,보통,N/A,6%,"{""max_uv"": ""0.0 (낮음)"", ""humidity"": ""70%"", ""dew_point"": ""24° C"", ""real_feel"": 35, ""visibility"": ""11km"", ""wind_gusts"": ""22km/h"", ""cloud_cover"": ""6%"", ""cloud_ceiling"": ""9100m"", ""precip_probability"": ""6%"", ""acculumen_brightness"": ""0 (어둡게)""}"
97414,2026-08-25T19:03:01.172740+09:00,2026-08-25T20:00:00+09:00,1787655600,2026-08-25T11:00:00+00:00,29,35,,서 9km/h,보통,N/A,6%,"{""humidity"": ""76%"", ""dew_point"": ""25° C"", ""real_feel"": 35, ""visibility"": ""10km"", ""cloud_cover"": ""6%"", ""cloud_ceiling"": ""9100m"", ""precip_probability"": ""6%"", ""acculumen_brightness"": ""0 (어둡게)""}"
97490,2026-08-25T20:02:25.773655+09:00,2026-08-25T21:00:00+09:00,1787659200,2026-08-25T12:00:00+00:00,28,34,,서북서 7km/h,보통,N/A,6%,"{""humidity"": ""83%"", ""dew_point"": ""25° C"", ""real_feel"": 34, ""visibility"": ""10km"", ""cloud_cover"": ""6%"", ""cloud_ceiling"": ""9100m"", ""precip_probability"": ""6%"", ""acculumen_brightness"": ""0 (어둡게)""}"
97565,2026-08-25T21:07:04.304439+09:00,2026-08-25T22:00:00+09:00,1787662800,2026-08-25T13:00:00+00:00,27,33,,서북서 6km/h,보통,N/A,6%,"{""humidity"": ""88%"", ""dew_point"": ""25° C"", ""real_feel"": 33, ""visibility"": ""10km"", ""cloud_cover"": ""14%"", ""cloud_ceiling"": ""9100m"", ""precip_probability"": ""6%"", ""acculumen_brightness"": ""0 (어둡게)""}"
97639,2026-08-25T22:05:40.587003+09:00,2026-08-25T23:00:00+09:00,1787666400,2026-08-25T14:00:00+00:00,26,33,,서북서 6km/h,보통,N/A,6%,"{""humidity"": ""91%"", ""dew_point"": ""25° C"", ""real_feel"": 33, ""visibility"": ""10km"", ""cloud_cover"": ""22%"", ""cloud_ceiling"": ""9100m"", ""precip_probability"": ""6%"", ""acculumen_brightness"": ""0 (어둡게)""}"
97712,2026-08-25T23:03:54.780786+09:00,2026-08-26T00:00:00+09:00,1787670000,2026-08-25T15:00:00+00:00,26,33,,서 4km/h,나쁨,N/A,6%,"{""humidity"": ""92%"", ""dew_point"": ""25° C"", ""real_feel"": 33, ""visibility"": ""10km"", ""cloud_cover"": ""30%"", ""cloud_ceiling"": ""9100m"", ""precip_probability"": ""6%"", ""acculumen_brightness"": ""0 (어둡게)""}"
97808,2026-08-26T00:04:48.513039+09:00,2026-08-26T01:00:00+09:00,1787673600,2026-08-25T16:00:00+00:00,26,33,,서 4km/h,보통,N/A,6%,"{""humidity"": ""91%"", ""dew_point"": ""25° C"", ""real_feel"": 33, ""visibility"": ""10km"", ""cloud_cover"": ""49%"", ""cloud_ceiling"": ""9100m"", ""precip_probability"": ""6%"", ""acculumen_brightness"": ""0 (어둡게)""}"
97903,2026-08-26T01:06:36.714187+09:00,2026-08-26T02:00:00+09:00,1787677200,2026-08-25T17:00:00+00:00,26,33,,서북서 4km/h,보통,N/A,6%,"{""humidity"": ""91%"", ""dew_point"": ""25° C"", ""real_feel"": 33, ""visibility"": ""10km"", ""cloud_cover"": ""68%"", ""cloud_ceiling"": ""9100m"", ""precip_probability"": ""6%"", ""acculumen_brightness"": ""0 (어둡게)""}"
97997,2026-08-26T02:02:35.192972+09:00,2026-08-26T03:00:00+09:00,1787680800,2026-08-25T18:00:00+00:00,26,32,,북서 4km/h,보통,N/A,5%,"{""humidity"": ""91%"", ""dew_point"": ""25° C"", ""real_feel"": 32, ""visibility"": ""8km"", ""cloud_cover"": ""86%"", ""cloud_ceiling"": ""9100m"", ""precip_probability"": ""5%"", ""acculumen_brightness"": ""0 (어둡게)""}"
98090,2026-08-26T03:04:37.336793+09:00,2026-08-26T04:00:00+09:00,1787684400,2026-08-25T19:00:00+00:00,26,32,,북서 4km/h,보통,N/A,4%,"{""humidity"": ""92%"", ""dew_point"": ""24° C"", ""real_feel"": 32, ""visibility"": ""8km"", ""cloud_cover"": ""89%"", ""cloud_ceiling"": ""500m"", ""precip_probability"": ""4%"", ""acculumen_brightness"": ""0 (어둡게)""}"
98182,2026-08-26T04:07:16.251695+09:00,2026-08-26T05:00:00+09:00,1787688000,2026-08-25T20:00:00+00:00,25,31,,남동 4km/h,보통,N/A,4%,"{""dew_point"": ""24° C"", ""real_feel"": 31, ""visibility"": ""8km"", ""cloud_cover"": ""92%"", ""cloud_ceiling"": ""500m"", ""precip_probability"": ""4%"", ""acculumen_brightness"": ""0 (어둡게)""}"
98273,2026-08-26T05:05:50.480642+09:00,2026-08-26T06:00:00+09:00,1787691600,2026-08-25T21:00:00+00:00,25,31,31,남동 4km/h,보통,0,7%,"{""humidity"": ""96%"", ""dew_point"": ""24° C"", ""real_feel"": 31, ""visibility"": ""8km"", ""wind_gusts"": ""7km/h"", ""cloud_cover"": ""95%"", ""cloud_ceiling"": ""500m"", ""precip_probability"": ""7%"", ""acculumen_brightness"": ""0 (어둡게)""}"
98363,2026-08-26T06:03:38.600043+09:00,2026-08-26T07:00:00+09:00,1787695200,2026-08-25T22:00:00+00:00,26,31,31,남 4km/h,보통,0,62%,"{""비"": ""0.3mm"", ""humidity"": ""94%"", ""dew_point"": ""25° C"", ""real_feel"": 31, ""visibility"": ""8km"", ""wind_gusts"": ""9km/h"", ""cloud_cover"": ""92%"", ""cloud_ceiling"": ""500m"", ""precip_probability"": ""62%"", ""acculumen_brightness"": ""2 (어둡게)""}"
98452,2026-08-26T07:04:04.885632+09:00,2026-08-26T08:00:00+09:00,1787698800,2026-08-25T23:00:00+00:00,27,33,33,서남서 4km/h,보통,N/A,64%,"{""비"": ""0.4mm"", ""max_uv"": ""0.7 (낮음)"", ""humidity"": ""88%"", ""dew_point"": ""25° C"", ""real_feel"": 33, ""visibility"": ""10km"", ""wind_gusts"": ""11km/h"", ""cloud_cover"": ""89%"", ""cloud_ceiling"": ""500m"", ""precip_probability"": ""64%"", ""acculumen_brightness"": ""3 (칙칙함)""}"
98540,2026-08-26T08:07:41.889385+09:00,2026-08-26T09:00:00+09:00,1787702400,2026-08-26T00:00:00+00:00,28,37,33,서 6km/h,보통,N/A,49%,"{""max_uv"": ""2.1 (낮음)"", ""humidity"": ""82%"", ""dew_point"": ""25° C"", ""real_feel"": 37, ""visibility"": ""10km"", ""wind_gusts"": ""15km/h"", ""cloud_cover"": ""90%"", ""cloud_ceiling"": ""7600m"", ""precip_probability"": ""49%"", ""acculumen_brightness"": ""2 (어둡게)""}"
98627,2026-08-26T09:07:14.116570+09:00,2026-08-26T10:00:00+09:00,1787706000,2026-08-26T01:00:00+00:00,30,38,34,서북서 7km/h,보통,N/A,30%,"{""max_uv"": ""2.9 (보통)"", ""humidity"": ""76%"", ""dew_point"": ""25° C"", ""real_feel"": 38, ""visibility"": ""11km"", ""wind_gusts"": ""19km/h"", ""cloud_cover"": ""90%"", ""cloud_ceiling"": ""7600m"", ""precip_probability"": ""30%"", ""acculumen_brightness"": ""2 (어둡게)""}"
98713,2026-08-26T10:06:39.597818+09:00,2026-08-26T11:00:00+09:00,1787709600,2026-08-26T02:00:00+00:00,30,38,35,북서 9km/h,보통,N/A,30%,"{""max_uv"": ""3.6 (보통)"", ""humidity"": ""71%"", ""dew_point"": ""25° C"", ""real_feel"": 38, ""visibility"": ""11km"", ""wind_gusts"": ""19km/h"", ""cloud_cover"": ""94%"", ""cloud_ceiling"": ""7600m"", ""precip_probability"": ""30%"", ""acculumen_brightness"": ""2 (어둡게)""}"
98798,2026-08-26T11:07:42.118675+09:00,2026-08-26T12:00:00+09:00,1787713200,2026-08-26T03:00:00+00:00,31,38,35,북서 11km/h,보통,N/A,31%,"{""max_uv"": ""3.7 (보통)"", ""humidity"": ""67%"", ""dew_point"": ""24° C"", ""real_feel"": 38, ""visibility"": ""16km"", ""wind_gusts"": ""20km/h"", ""cloud_cover"": ""97%"", ""cloud_ceiling"": ""7600m"", ""precip_probability"": ""31%"", ""acculumen_brightness"": ""1 (어둡게)""}"
98882,2026-08-26T12:06:29.481830+09:00,2026-08-26T13:00:00+09:00,1787716800,2026-08-26T04:00:00+00:00,31,38,35,북서 11km/h,나쁨,N/A,37%,"{""max_uv"": ""3.3 (보통)"", ""humidity"": ""65%"", ""dew_point"": ""24° C"", ""real_feel"": 38, ""visibility"": ""11km"", ""wind_gusts"": ""22km/h"", ""cloud_cover"": ""97%"", ""cloud_ceiling"": ""7600m"", ""precip_probability"": ""37%"", ""acculumen_brightness"": ""1 (어둡게)""}"
98965,2026-08-26T13:03:26.916301+09:00,2026-08-26T14:00:00+09:00,1787720400,2026-08-26T05:00:00+00:00,32,36,34,서북서 13km/h,보통,N/A,40%,"{""비"": ""0.2mm"", ""max_uv"": ""1.5 (낮음)"", ""humidity"": ""63%"", ""dew_point"": ""24° C"", ""real_feel"": 36, ""visibility"": ""11km"", ""wind_gusts"": ""24km/h"", ""cloud_cover"": ""96%"", ""cloud_ceiling"": ""2100m"", ""precip_probability"": ""40%"", ""acculumen_brightness"": ""1 (어둡게)""}"
99047,2026-08-26T14:03:26.805847+09:00,2026-08-26T15:00:00+09:00,1787724000,2026-08-26T06:00:00+00:00,31,35,34,서북서 13km/h,보통,N/A,46%,"{""비"": ""0.1mm"", ""max_uv"": ""1.1 (낮음)"", ""humidity"": ""64%"", ""dew_point"": ""24° C"", ""real_feel"": 35, ""visibility"": ""11km"", ""wind_gusts"": ""26km/h"", ""cloud_cover"": ""95%"", ""cloud_ceiling"": ""2100m"", ""precip_probability"": ""46%"", ""acculumen_brightness"": ""1 (어둡게)""}"
99128,2026-08-26T15:06:06.290286+09:00,2026-08-26T16:00:00+09:00,1787727600,2026-08-26T07:00:00+00:00,31,36,34,서북서 13km/h,보통,N/A,39%,"{""max_uv"": ""1.0 (낮음)"", ""humidity"": ""64%"", ""dew_point"": ""24° C"", ""real_feel"": 36, ""visibility"": ""11km"", ""wind_gusts"": ""26km/h"", ""cloud_cover"": ""100%"", ""cloud_ceiling"": ""7600m"", ""precip_probability"": ""39%"", ""acculumen_brightness"": ""1 (어둡게)""}"
99208,2026-08-26T16:02:30.666537+09:00,2026-08-26T17:00:00+09:00,1787731200,2026-08-26T08:00:00+00:00,30,34,34,북서 11km/h,나쁨,N/A,34%,"{""max_uv"": ""0.6 (낮음)"", ""humidity"": ""66%"", ""dew_point"": ""24° C"", ""real_feel"": 34, ""visibility"": ""11km"", ""wind_gusts"": ""22km/h"", ""cloud_cover"": ""98%"", ""cloud_ceiling"": ""5900m"", ""precip_probability"": ""34%"", ""acculumen_brightness"": ""1 (어둡게)""}"
99287,2026-08-26T17:05:19.507042+09:00,2026-08-26T18:00:00+09:00,1787734800,2026-08-26T09:00:00+00:00,29,33,33,북북서 11km/h,나쁨,N/A,22%,"{""max_uv"": ""0.2 (낮음)"", ""humidity"": ""70%"", ""dew_point"": ""23° C"", ""real_feel"": 33, ""visibility"": ""11km"", ""wind_gusts"": ""19km/h"", ""cloud_cover"": ""100%"", ""cloud_ceiling"": ""5900m"", ""precip_probability"": ""22%"", ""acculumen_brightness"": ""0 (어둡게)""}"
99365,2026-08-26T18:02:48.439790+09:00,2026-08-26T19:00:00+09:00,1787738400,2026-08-26T10:00:00+00:00,30,35,35,북서 9km/h,나쁨,N/A,0%,"{""max_uv"": ""0.0 (낮음)"", ""humidity"": ""70%"", ""dew_point"": ""24° C"", ""real_feel"": 35, ""visibility"": ""11km"", ""wind_gusts"": ""17km/h"", ""cloud_cover"": ""95%"", ""cloud_ceiling"": ""7600m"", ""precip_probability"": ""0%"", ""acculumen_brightness"": ""0 (어둡게)""}"
99442,2026-08-26T19:03:39.174291+09:00,2026-08-26T20:00:00+09:00,1787742000,2026-08-26T11:00:00+00:00,29,34,,북북서 7km/h,보통,N/A,0%,"{""humidity"": ""75%"", ""dew_point"": ""24° C"", ""real_feel"": 34, ""visibility"": ""11km"", ""cloud_cover"": ""96%"", ""cloud_ceiling"": ""7600m"", ""precip_probability"": ""0%"", ""acculumen_brightness"": ""0 (어둡게)""}"
99518,2026-08-26T20:05:12.008113+09:00,2026-08-26T21:00:00+09:00,1787745600,2026-08-26T12:00:00+00:00,27,33,,북북동 6km/h,나쁨,N/A,0%,"{""humidity"": ""82%"", ""dew_point"": ""24° C"", ""real_feel"": 33, ""visibility"": ""11km"", ""cloud_cover"": ""97%"", ""cloud_ceiling"": ""7600m"", ""precip_probability"": ""0%"", ""acculumen_brightness"": ""0 (어둡게)""}"
99593,2026-08-26T21:04:21.176468+09:00,2026-08-26T22:00:00+09:00,1787749200,2026-08-26T13:00:00+00:00,27,32,,북동 6km/h,보통,N/A,0%,"{""humidity"": ""86%"", ""dew_point"": ""24° C"", ""real_feel"": 32, ""visibility"": ""11km"", ""cloud_cover"": ""97%"", ""cloud_ceiling"": ""7600m"", ""precip_probability"": ""0%"", ""acculumen_brightness"": ""0 (어둡게)""}"
99667,2026-08-26T22:02:28.368375+09:00,2026-08-26T23:00:00+09:00,1787752800,2026-08-26T14:00:00+00:00,26,31,,북북동 6km/h,보통,N/A,0%,"{""humidity"": ""91%"", ""dew_point"": ""24° C"", ""real_feel"": 31, ""visibility"": ""10km"", ""cloud_cover"": ""97%"", ""cloud_ceiling"": ""7600m"", ""precip_probability"": ""0%"", ""acculumen_brightness"": ""0 (어둡게)""}"
99740,2026-08-26T23:03:44.433219+09:00,2026-08-27T00:00:00+09:00,1787756400,2026-08-26T15:00:00+00:00,26,32,,북북동 4km/h,보통,N/A,0%,"{""humidity"": ""90%"", ""dew_point"": ""24° C"", ""real_feel"": 32, ""visibility"": ""10km"", ""cloud_cover"": ""97%"", ""cloud_ceiling"": ""5900m"", ""precip_probability"": ""0%"", ""acculumen_brightness"": ""0 (어둡게)""}"
99836,2026-08-27T00:07:40.174474+09:00,2026-08-27T01:00:00+09:00,1787760000,2026-08-26T16:00:00+00:00,27,33,,북동 4km/h,보통,N/A,1%,"{""humidity"": ""87%"", ""dew_point"": ""25° C"", ""real_feel"": 33, ""visibility"": ""10km"", ""cloud_cover"": ""98%"", ""cloud_ceiling"": ""5900m"", ""precip_probability"": ""1%"", ""acculumen_brightness"": ""0 (어둡게)""}"
99931,2026-08-27T01:06:00.388861+09:00,2026-08-27T02:00:00+09:00,1787763600,2026-08-26T17:00:00+00:00,27,33,,동북동 4km/h,보통,N/A,1%,"{""humidity"": ""86%"", ""dew_point"": ""25° C"", ""real_feel"": 33, ""visibility"": ""10km"", ""cloud_cover"": ""99%"", ""cloud_ceiling"": ""5900m"", ""precip_probability"": ""1%"", ""acculumen_brightness"": ""0 (어둡게)""}"
100025,2026-08-27T02:02:34.972414+09:00,2026-08-27T03:00:00+09:00,1787767200,2026-08-26T18:00:00+00:00,27,33,,동북동 4km/h,나쁨,N/A,1%,"{""humidity"": ""86%"", ""dew_point"": ""24° C"", ""real_feel"": 33, ""visibility"": ""10km"", ""cloud_cover"": ""100%"", ""cloud_ceiling"": ""5900m"", ""precip_probability"": ""1%"", ""acculumen_brightness"": ""0 (어둡게)""}"
100118,2026-08-27T03:04:37.367220+09:00,2026-08-27T04:00:00+09:00,1787770800,2026-08-26T19:00:00+00:00,25,31,,동북동 4km/h,보통,N/A,1%,"{""dew_point"": ""24° C"", ""real_feel"": 31, ""visibility"": ""10km"", ""cloud_cover"": ""100%"", ""cloud_ceiling"": ""5900m"", ""precip_probability"": ""1%"", ""acculumen_brightness"": ""0 (어둡게)""}"
100210,2026-08-27T04:07:04.252730+09:00,2026-08-27T05:00:00+09:00,1787774400,2026-08-26T20:00:00+00:00,25,31,,북동 4km/h,보통,N/A,1%,"{""dew_point"": ""24° C"", ""real_feel"": 31, ""visibility"": ""11km"", ""cloud_cover"": ""100%"", ""cloud_ceiling"": ""5900m"", ""precip_probability"": ""1%"", ""acculumen_brightness"": ""0 (어둡게)""}"
100301,2026-08-27T05:07:21.151620+09:00,2026-08-27T06:00:00+09:00,1787778000,2026-08-26T21:00:00+00:00,25,30,30,북북동 6km/h,보통,0,1%,"{""humidity"": ""94%"", ""dew_point"": ""24° C"", ""real_feel"": 30, ""visibility"": ""11km"", ""wind_gusts"": ""7km/h"", ""cloud_cover"": ""100%"", ""cloud_ceiling"": ""5900m"", ""precip_probability"": ""1%"", ""acculumen_brightness"": ""0 (어둡게)""}"
100391,2026-08-27T06:05:47.974543+09:00,2026-08-27T07:00:00+09:00,1787781600,2026-08-26T22:00:00+00:00,26,32,32,북동 6km/h,보통,N/A,2%,"{""max_uv"": ""0.6 (낮음)"", ""humidity"": ""90%"", ""dew_point"": ""24° C"", ""real_feel"": 32, ""visibility"": ""11km"", ""wind_gusts"": ""7km/h"", ""cloud_cover"": ""100%"", ""cloud_ceiling"": ""5900m"", ""precip_probability"": ""2%"", ""acculumen_brightness"": ""1 (어둡게)""}"
100480,2026-08-27T07:04:57.924324+09:00,2026-08-27T08:00:00+09:00,1787785200,2026-08-26T23:00:00+00:00,27,33,33,동 6km/h,보통,N/A,2%,"{""max_uv"": ""0.9 (낮음)"", ""humidity"": ""85%"", ""dew_point"": ""24° C"", ""real_feel"": 33, ""visibility"": ""10km"", ""wind_gusts"": ""7km/h"", ""cloud_cover"": ""100%"", ""cloud_ceiling"": ""5900m"", ""precip_probability"": ""2%"", ""acculumen_brightness"": ""1 (어둡게)""}"
100568,2026-08-27T08:03:50.534691+09:00,2026-08-27T09:00:00+09:00,1787788800,2026-08-27T00:00:00+00:00,28,35,32,동남동 6km/h,보통,N/A,2%,"{""max_uv"": ""1.5 (낮음)"", ""humidity"": ""80%"", ""dew_point"": ""24° C"", ""real_feel"": 35, ""visibility"": ""10km"", ""wind_gusts"": ""7km/h"", ""cloud_cover"": ""100%"", ""cloud_ceiling"": ""5900m"", ""precip_probability"": ""2%"", ""acculumen_brightness"": ""1 (어둡게)""}"
100655,2026-08-27T09:02:57.336543+09:00,2026-08-27T10:00:00+09:00,1787792400,2026-08-27T01:00:00+00:00,29,36,33,동남동 6km/h,나쁨,N/A,2%,"{""max_uv"": ""2.1 (낮음)"", ""humidity"": ""77%"", ""dew_point"": ""24° C"", ""real_feel"": 36, ""visibility"": ""11km"", ""wind_gusts"": ""9km/h"", ""cloud_cover"": ""98%"", ""cloud_ceiling"": ""5900m"", ""precip_probability"": ""2%"", ""acculumen_brightness"": ""1 (어둡게)""}"
100741,2026-08-27T10:07:10.370081+09:00,2026-08-27T11:00:00+09:00,1787796000,2026-08-27T02:00:00+00:00,30,37,34,동 7km/h,나쁨,N/A,2%,"{""max_uv"": ""3.0 (보통)"", ""humidity"": ""74%"", ""dew_point"": ""24° C"", ""real_feel"": 37, ""visibility"": ""11km"", ""wind_gusts"": ""11km/h"", ""cloud_cover"": ""96%"", ""cloud_ceiling"": ""5900m"", ""precip_probability"": ""2%"", ""acculumen_brightness"": ""1 (어둡게)""}"
100826,2026-08-27T11:06:12.322979+09:00,2026-08-27T12:00:00+09:00,1787799600,2026-08-27T03:00:00+00:00,30,39,34,북북서 6km/h,나쁨,N/A,2%,"{""max_uv"": ""4.3 (보통)"", ""humidity"": ""71%"", ""dew_point"": ""24° C"", ""real_feel"": 39, ""visibility"": ""16km"", ""wind_gusts"": ""13km/h"", ""cloud_cover"": ""94%"", ""cloud_ceiling"": ""9100m"", ""precip_probability"": ""2%"", ""acculumen_brightness"": ""2 (어둡게)""}"
100910,2026-08-27T12:03:27.816738+09:00,2026-08-27T13:00:00+09:00,1787803200,2026-08-27T04:00:00+00:00,31,39,35,북서 7km/h,나쁨,N/A,2%,"{""max_uv"": ""3.9 (보통)"", ""humidity"": ""68%"", ""dew_point"": ""24° C"", ""real_feel"": 39, ""visibility"": ""16km"", ""wind_gusts"": ""17km/h"", ""cloud_cover"": ""94%"", ""cloud_ceiling"": ""9100m"", ""precip_probability"": ""2%"", ""acculumen_brightness"": ""2 (어둡게)""}"
100993,2026-08-27T13:07:03.051779+09:00,2026-08-27T14:00:00+09:00,1787806800,2026-08-27T05:00:00+00:00,31,38,35,서북서 9km/h,나쁨,N/A,2%,"{""max_uv"": ""2.9 (보통)"", ""humidity"": ""65%"", ""dew_point"": ""24° C"", ""real_feel"": 38, ""visibility"": ""16km"", ""wind_gusts"": ""20km/h"", ""cloud_cover"": ""93%"", ""cloud_ceiling"": ""9100m"", ""precip_probability"": ""2%"", ""acculumen_brightness"": ""2 (어둡게)""}"
101075,2026-08-27T14:05:47.131813+09:00,2026-08-27T15:00:00+09:00,1787810400,2026-08-27T06:00:00+00:00,32,38,36,북서 11km/h,보통,N/A,2%,"{""max_uv"": ""2.2 (낮음)"", ""humidity"": ""62%"", ""dew_point"": ""24° C"", ""real_feel"": 38, ""visibility"": ""16km"", ""wind_gusts"": ""24km/h"", ""cloud_cover"": ""92%"", ""cloud_ceiling"": ""9100m"", ""precip_probability"": ""2%"", ""acculumen_brightness"": ""2 (어둡게)""}"
101156,2026-08-27T15:06:07.031945+09:00,2026-08-27T16:00:00+09:00,1787814000,2026-08-27T07:00:00+00:00,32,37,35,북서 11km/h,보통,N/A,2%,"{""max_uv"": ""1.9 (낮음)"", ""humidity"": ""63%"", ""dew_point"": ""24° C"", ""real_feel"": 37, ""visibility"": ""16km"", ""wind_gusts"": ""24km/h"", ""cloud_cover"": ""78%"", ""cloud_ceiling"": ""9100m"", ""precip_probability"": ""2%"", ""acculumen_brightness"": ""5 (중간)""}"
101236,2026-08-27T16:05:57.321373+09:00,2026-08-27T17:00:00+09:00,1787817600,2026-08-27T08:00:00+00:00,31,37,35,북북서 11km/h,보통,N/A,2%,"{""max_uv"": ""1.4 (낮음)"", ""humidity"": ""65%"", ""dew_point"": ""24° C"", ""real_feel"": 37, ""visibility"": ""16km"", ""wind_gusts"": ""22km/h"", ""cloud_cover"": ""64%"", ""cloud_ceiling"": ""9100m"", ""precip_probability"": ""2%"", ""acculumen_brightness"": ""6 (중간)""}"
101315,2026-08-27T17:04:09.899219+09:00,2026-08-27T18:00:00+09:00,1787821200,2026-08-27T09:00:00+00:00,31,36,36,북북서 9km/h,나쁨,N/A,2%,"{""max_uv"": ""0.5 (낮음)"", ""humidity"": ""66%"", ""dew_point"": ""24° C"", ""real_feel"": 36, ""visibility"": ""16km"", ""wind_gusts"": ""20km/h"", ""cloud_cover"": ""49%"", ""cloud_ceiling"": ""9100m"", ""precip_probability"": ""2%"", ""acculumen_brightness"": ""3 (칙칙함)""}"
101393,2026-08-27T18:05:25.580431+09:00,2026-08-27T19:00:00+09:00,1787824800,2026-08-27T10:00:00+00:00,30,35,35,서북서 9km/h,나쁨,N/A,1%,"{""max_uv"": ""0.0 (낮음)"", ""humidity"": ""71%"", ""dew_point"": ""25° C"", ""real_feel"": 35, ""visibility"": ""11km"", ""wind_gusts"": ""22km/h"", ""cloud_cover"": ""71%"", ""cloud_ceiling"": ""9100m"", ""precip_probability"": ""1%"", ""acculumen_brightness"": ""0 (어둡게)""}"
101470,2026-08-27T19:02:55.447634+09:00,2026-08-27T20:00:00+09:00,1787828400,2026-08-27T11:00:00+00:00,29,35,,서북서 7km/h,보통,N/A,1%,"{""humidity"": ""76%"", ""dew_point"": ""25° C"", ""real_feel"": 35, ""visibility"": ""10km"", ""cloud_cover"": ""67%"", ""cloud_ceiling"": ""9100m"", ""precip_probability"": ""1%"", ""acculumen_brightness"": ""0 (어둡게)""}"
101546,2026-08-27T20:04:52.301108+09:00,2026-08-27T21:00:00+09:00,1787832000,2026-08-27T12:00:00+00:00,28,34,,북서 6km/h,보통,N/A,1%,"{""humidity"": ""81%"", ""dew_point"": ""25° C"", ""real_feel"": 34, ""visibility"": ""8km"", ""cloud_cover"": ""64%"", ""cloud_ceiling"": ""9100m"", ""precip_probability"": ""1%"", ""acculumen_brightness"": ""0 (어둡게)""}"
101621,2026-08-27T21:07:09.182091+09:00,2026-08-27T22:00:00+09:00,1787835600,2026-08-27T13:00:00+00:00,27,34,,북서 4km/h,나쁨,N/A,1%,"{""humidity"": ""85%"", ""dew_point"": ""25° C"", ""real_feel"": 34, ""visibility"": ""8km"", ""cloud_cover"": ""64%"", ""cloud_ceiling"": ""9100m"", ""precip_probability"": ""1%"", ""acculumen_brightness"": ""0 (어둡게)""}"
101695,2026-08-27T22:07:32.323184+09:00,2026-08-27T23:00:00+09:00,1787839200,2026-08-27T14:00:00+00:00,27,33,,서북서 4km/h,나쁨,N/A,1%,"{""humidity"": ""89%"", ""dew_point"": ""25° C"", ""real_feel"": 33, ""visibility"": ""8km"", ""cloud_cover"": ""63%"", ""cloud_ceiling"": ""7600m"", ""precip_probability"": ""1%"", ""acculumen_brightness"": ""0 (어둡게)""}"
101768,2026-08-27T23:05:31.026129+09:00,2026-08-28T00:00:00+09:00,1787842800,2026-08-27T15:00:00+00:00,26,33,,동남동 4km/h,나쁨,N/A,2%,"{""humidity"": ""91%"", ""dew_point"": ""25° C"", ""real_feel"": 33, ""visibility"": ""8km"", ""cloud_cover"": ""63%"", ""cloud_ceiling"": ""7600m"", ""precip_probability"": ""2%"", ""acculumen_brightness"": ""0 (어둡게)""}"
101864,2026-08-28T00:06:58.636945+09:00,2026-08-28T01:00:00+09:00,1787846400,2026-08-27T16:00:00+00:00,26,32,,동 6km/h,나쁨,N/A,5%,"{""dew_point"": ""24° C"", ""real_feel"": 32, ""visibility"": ""8km"", ""cloud_cover"": ""68%"", ""cloud_ceiling"": ""7600m"", ""precip_probability"": ""5%"", ""acculumen_brightness"": ""0 (어둡게)""}"
101959,2026-08-28T01:04:01.725671+09:00,2026-08-28T02:00:00+09:00,1787850000,2026-08-27T17:00:00+00:00,25,31,,동북동 6km/h,나쁨,N/A,5%,"{""dew_point"": ""24° C"", ""real_feel"": 31, ""visibility"": ""8km"", ""cloud_cover"": ""72%"", ""cloud_ceiling"": ""7600m"", ""precip_probability"": ""5%"", ""acculumen_brightness"": ""0 (어둡게)""}"
102053,2026-08-28T02:03:30.507852+09:00,2026-08-28T03:00:00+09:00,1787853600,2026-08-27T18:00:00+00:00,27,32,,동북동 7km/h,나쁨,N/A,6%,"{""humidity"": ""88%"", ""dew_point"": ""24° C"", ""real_feel"": 32, ""visibility"": ""8km"", ""cloud_cover"": ""77%"", ""cloud_ceiling"": ""7600m"", ""precip_probability"": ""6%"", ""acculumen_brightness"": ""0 (어둡게)""}"
102146,2026-08-28T03:06:27.980648+09:00,2026-08-28T04:00:00+09:00,1787857200,2026-08-27T19:00:00+00:00,27,32,,동북동 7km/h,나쁨,N/A,7%,"{""humidity"": ""85%"", ""dew_point"": ""24° C"", ""real_feel"": 32, ""visibility"": ""8km"", ""cloud_cover"": ""81%"", ""cloud_ceiling"": ""7600m"", ""precip_probability"": ""7%"", ""acculumen_brightness"": ""0 (어둡게)""}"
102238,2026-08-28T04:06:37.426626+09:00,2026-08-28T05:00:00+09:00,1787860800,2026-08-27T20:00:00+00:00,25,30,,동북동 7km/h,나쁨,N/A,7%,"{""dew_point"": ""24° C"", ""real_feel"": 30, ""visibility"": ""8km"", ""cloud_cover"": ""84%"", ""cloud_ceiling"": ""5900m"", ""precip_probability"": ""7%"", ""acculumen_brightness"": ""0 (어둡게)""}"
102329,2026-08-28T05:04:00.180677+09:00,2026-08-28T06:00:00+09:00,1787864400,2026-08-27T21:00:00+00:00,25,30,30,동북동 7km/h,보통,0,11%,"{""humidity"": ""97%"", ""dew_point"": ""24° C"", ""real_feel"": 30, ""visibility"": ""8km"", ""wind_gusts"": ""11km/h"", ""cloud_cover"": ""88%"", ""cloud_ceiling"": ""5900m"", ""precip_probability"": ""11%"", ""acculumen_brightness"": ""1 (어둡게)""}"
102419,2026-08-28T06:02:46.831023+09:00,2026-08-28T07:00:00+09:00,1787868000,2026-08-27T22:00:00+00:00,25,31,31,동 9km/h,보통,0,17%,"{""humidity"": ""93%"", ""dew_point"": ""24° C"", ""real_feel"": 31, ""visibility"": ""8km"", ""wind_gusts"": ""13km/h"", ""cloud_cover"": ""92%"", ""cloud_ceiling"": ""5900m"", ""precip_probability"": ""17%"", ""acculumen_brightness"": ""2 (어둡게)""}"
102508,2026-08-28T07:08:01.366665+09:00,2026-08-28T08:00:00+09:00,1787871600,2026-08-27T23:00:00+00:00,27,32,31,동 9km/h,보통,N/A,17%,"{""max_uv"": ""1.0 (낮음)"", ""humidity"": ""85%"", ""dew_point"": ""24° C"", ""real_feel"": 32, ""visibility"": ""8km"", ""wind_gusts"": ""17km/h"", ""cloud_cover"": ""96%"", ""cloud_ceiling"": ""5900m"", ""precip_probability"": ""17%"", ""acculumen_brightness"": ""1 (어둡게)""}"
102596,2026-08-28T08:06:27.309067+09:00,2026-08-28T09:00:00+09:00,1787875200,2026-08-28T00:00:00+00:00,28,34,32,동남동 9km/h,보통,N/A,22%,"{""max_uv"": ""1.4 (낮음)"", ""humidity"": ""78%"", ""dew_point"": ""24° C"", ""real_feel"": 34, ""visibility"": ""8km"", ""wind_gusts"": ""19km/h"", ""cloud_cover"": ""100%"", ""cloud_ceiling"": ""5900m"", ""precip_probability"": ""22%"", ""acculumen_brightness"": ""1 (어둡게)""}"
102683,2026-08-28T09:07:17.672599+09:00,2026-08-28T10:00:00+09:00,1787878800,2026-08-28T01:00:00+00:00,28,33,32,동 9km/h,나쁨,N/A,53%,"{""비"": ""0.1mm"", ""max_uv"": ""1.3 (낮음)"", ""humidity"": ""78%"", ""dew_point"": ""24° C"", ""real_feel"": 33, ""visibility"": ""8km"", ""wind_gusts"": ""22km/h"", ""cloud_cover"": ""100%"", ""cloud_ceiling"": ""2100m"", ""precip_probability"": ""53%"", ""acculumen_brightness"": ""1 (어둡게)""}"
102769,2026-08-28T10:05:00.503677+09:00,2026-08-28T11:00:00+09:00,1787882400,2026-08-28T02:00:00+00:00,28,33,32,동 9km/h,나쁨,N/A,61%,"{""비"": ""3.1mm"", ""max_uv"": ""1.3 (낮음)"", ""humidity"": ""84%"", ""dew_point"": ""25° C"", ""real_feel"": 33, ""visibility"": ""6km"", ""wind_gusts"": ""20km/h"", ""cloud_cover"": ""100%"", ""cloud_ceiling"": ""500m"", ""precip_probability"": ""61%"", ""acculumen_brightness"": ""1 (어둡게)""}"
102854,2026-08-28T11:02:26.915211+09:00,2026-08-28T12:00:00+09:00,1787886000,2026-08-28T03:00:00+00:00,30,36,34,동 9km/h,나쁨,N/A,49%,"{""max_uv"": ""1.8 (낮음)"", ""humidity"": ""73%"", ""dew_point"": ""24° C"", ""real_feel"": 36, ""visibility"": ""10km"", ""wind_gusts"": ""20km/h"", ""cloud_cover"": ""100%"", ""cloud_ceiling"": ""500m"", ""precip_probability"": ""49%"", ""acculumen_brightness"": ""1 (어둡게)""}"
102938,2026-08-28T12:03:38.343925+09:00,2026-08-28T13:00:00+09:00,1787889600,2026-08-28T04:00:00+00:00,31,38,35,동 9km/h,나쁨,N/A,20%,"{""max_uv"": ""1.6 (낮음)"", ""humidity"": ""67%"", ""dew_point"": ""24° C"", ""real_feel"": 38, ""visibility"": ""10km"", ""wind_gusts"": ""19km/h"", ""cloud_cover"": ""100%"", ""cloud_ceiling"": ""500m"", ""precip_probability"": ""20%"", ""acculumen_brightness"": ""1 (어둡게)""}"
103021,2026-08-28T13:02:28.041711+09:00,2026-08-28T14:00:00+09:00,1787893200,2026-08-28T05:00:00+00:00,31,37,35,동북동 7km/h,나쁨,N/A,20%,"{""max_uv"": ""1.2 (낮음)"", ""humidity"": ""69%"", ""dew_point"": ""25° C"", ""real_feel"": 37, ""visibility"": ""8km"", ""wind_gusts"": ""15km/h"", ""cloud_cover"": ""100%"", ""cloud_ceiling"": ""500m"", ""precip_probability"": ""20%"", ""acculumen_brightness"": ""1 (어둡게)""}"
103103,2026-08-28T14:05:13.052077+09:00,2026-08-28T15:00:00+09:00,1787896800,2026-08-28T06:00:00+00:00,30,37,35,동북동 6km/h,보통,N/A,48%,"{""비"": ""0.2mm"", ""max_uv"": ""1.3 (낮음)"", ""humidity"": ""71%"", ""dew_point"": ""25° C"", ""real_feel"": 37, ""visibility"": ""8km"", ""wind_gusts"": ""15km/h"", ""cloud_cover"": ""100%"", ""cloud_ceiling"": ""5900m"", ""precip_probability"": ""48%"", ""acculumen_brightness"": ""1 (어둡게)""}"
103184,2026-08-28T15:02:18.830369+09:00,2026-08-28T16:00:00+09:00,1787900400,2026-08-28T07:00:00+00:00,29,36,36,동 7km/h,보통,N/A,40%,"{""비"": ""0.1mm"", ""max_uv"": ""0.8 (낮음)"", ""humidity"": ""79%"", ""dew_point"": ""25° C"", ""real_feel"": 36, ""visibility"": ""8km"", ""wind_gusts"": ""13km/h"", ""cloud_cover"": ""100%"", ""cloud_ceiling"": ""5900m"", ""precip_probability"": ""40%"", ""acculumen_brightness"": ""1 (어둡게)""}"
103264,2026-08-28T16:04:15.095992+09:00,2026-08-28T17:00:00+09:00,1787904000,2026-08-28T08:00:00+00:00,28,36,36,동남동 9km/h,보통,N/A,37%,"{""max_uv"": ""0.9 (낮음)"", ""humidity"": ""84%"", ""dew_point"": ""26° C"", ""real_feel"": 36, ""visibility"": ""8km"", ""wind_gusts"": ""15km/h"", ""cloud_cover"": ""78%"", ""cloud_ceiling"": ""5900m"", ""precip_probability"": ""37%"", ""acculumen_brightness"": ""4 (칙칙함)""}"
103343,2026-08-28T17:03:04.946251+09:00,2026-08-28T18:00:00+09:00,1787907600,2026-08-28T09:00:00+00:00,27,33,33,남동 9km/h,보통,N/A,45%,"{""비"": ""0.2mm"", ""max_uv"": ""0.2 (낮음)"", ""humidity"": ""91%"", ""dew_point"": ""26° C"", ""real_feel"": 33, ""visibility"": ""8km"", ""wind_gusts"": ""17km/h"", ""cloud_cover"": ""87%"", ""cloud_ceiling"": ""5900m"", ""precip_probability"": ""45%"", ""acculumen_brightness"": ""1 (어둡게)""}"
103421,2026-08-28T18:06:44.553907+09:00,2026-08-28T19:00:00+09:00,1787911200,2026-08-28T10:00:00+00:00,28,33,33,동남동 9km/h,보통,N/A,54%,"{""비"": ""0.7mm"", ""max_uv"": ""0.0 (낮음)"", ""humidity"": ""84%"", ""dew_point"": ""25° C"", ""real_feel"": 33, ""visibility"": ""8km"", ""wind_gusts"": ""13km/h"", ""cloud_cover"": ""97%"", ""cloud_ceiling"": ""500m"", ""precip_probability"": ""54%"", ""acculumen_brightness"": ""0 (어둡게)""}"
103498,2026-08-28T19:02:37.206528+09:00,2026-08-28T20:00:00+09:00,1787914800,2026-08-28T11:00:00+00:00,27,33,,동남동 9km/h,나쁨,N/A,51%,"{""humidity"": ""87%"", ""dew_point"": ""25° C"", ""real_feel"": 33, ""visibility"": ""8km"", ""cloud_cover"": ""95%"", ""cloud_ceiling"": ""500m"", ""precip_probability"": ""51%"", ""acculumen_brightness"": ""0 (어둡게)""}"
103574,2026-08-28T20:05:31.029751+09:00,2026-08-28T21:00:00+09:00,1787918400,2026-08-28T12:00:00+00:00,26,32,,동남동 9km/h,나쁨,N/A,49%,"{""humidity"": ""91%"", ""dew_point"": ""25° C"", ""real_feel"": 32, ""visibility"": ""8km"", ""cloud_cover"": ""93%"", ""cloud_ceiling"": ""500m"", ""precip_probability"": ""49%"", ""acculumen_brightness"": ""0 (어둡게)""}"
103649,2026-08-28T21:06:29.496968+09:00,2026-08-28T22:00:00+09:00,1787922000,2026-08-28T13:00:00+00:00,26,32,,동남동 7km/h,나쁨,N/A,34%,"{""humidity"": ""91%"", ""dew_point"": ""25° C"", ""real_feel"": 32, ""visibility"": ""8km"", ""cloud_cover"": ""95%"", ""cloud_ceiling"": ""500m"", ""precip_probability"": ""34%"", ""acculumen_brightness"": ""0 (어둡게)""}"
103723,2026-08-28T22:04:15.321549+09:00,2026-08-28T23:00:00+09:00,1787925600,2026-08-28T14:00:00+00:00,26,31,,동남동 7km/h,나쁨,N/A,51%,"{""humidity"": ""91%"", ""dew_point"": ""25° C"", ""real_feel"": 31, ""visibility"": ""8km"", ""cloud_cover"": ""97%"", ""cloud_ceiling"": ""500m"", ""precip_probability"": ""51%"", ""acculumen_brightness"": ""0 (어둡게)""}"
103796,2026-08-28T23:07:21.493625+09:00,2026-08-29T00:00:00+09:00,1787929200,2026-08-28T15:00:00+00:00,26,31,,동남동 7km/h,나쁨,N/A,57%,"{""humidity"": ""93%"", ""dew_point"": ""25° C"", ""real_feel"": 31, ""visibility"": ""8km"", ""cloud_cover"": ""99%"", ""cloud_ceiling"": ""500m"", ""precip_probability"": ""57%"", ""acculumen_brightness"": ""0 (어둡게)""}"
103892,2026-08-29T00:06:59.635427+09:00,2026-08-29T01:00:00+09:00,1787932800,2026-08-28T16:00:00+00:00,26,31,,동남동 7km/h,보통,N/A,47%,"{""비"": ""0.1mm"", ""dew_point"": ""25° C"", ""real_feel"": 31, ""visibility"": ""8km"", ""cloud_cover"": ""99%"", ""cloud_ceiling"": ""500m"", ""precip_probability"": ""47%"", ""acculumen_brightness"": ""0 (어둡게)""}"
103987,2026-08-29T01:06:36.912609+09:00,2026-08-29T02:00:00+09:00,1787936400,2026-08-28T17:00:00+00:00,26,31,,동남동 7km/h,보통,N/A,47%,"{""비"": ""0.1mm"", ""dew_point"": ""25° C"", ""real_feel"": 31, ""visibility"": ""6km"", ""cloud_cover"": ""99%"", ""cloud_ceiling"": ""500m"", ""precip_probability"": ""47%"", ""acculumen_brightness"": ""0 (어둡게)""}"
104081,2026-08-29T02:04:57.218617+09:00,2026-08-29T03:00:00+09:00,1787940000,2026-08-28T18:00:00+00:00,25,30,,동남동 7km/h,보통,N/A,40%,"{""dew_point"": ""25° C"", ""real_feel"": 30, ""visibility"": ""6km"", ""cloud_cover"": ""100%"", ""cloud_ceiling"": ""500m"", ""precip_probability"": ""40%"", ""acculumen_brightness"": ""0 (어둡게)""}"
104174,2026-08-29T03:03:16.198082+09:00,2026-08-29T04:00:00+09:00,1787943600,2026-08-28T19:00:00+00:00,25,30,,동남동 7km/h,보통,N/A,40%,"{""비"": ""0.1mm"", ""dew_point"": ""25° C"", ""real_feel"": 30, ""visibility"": ""8km"", ""cloud_cover"": ""100%"", ""cloud_ceiling"": ""500m"", ""precip_probability"": ""40%"", ""acculumen_brightness"": ""0 (어둡게)""}"
104266,2026-08-29T04:06:43.434112+09:00,2026-08-29T05:00:00+09:00,1787947200,2026-08-28T20:00:00+00:00,25,31,,동남동 7km/h,보통,N/A,40%,"{""비"": ""0.1mm"", ""dew_point"": ""25° C"", ""real_feel"": 31, ""visibility"": ""8km"", ""cloud_cover"": ""98%"", ""cloud_ceiling"": ""500m"", ""precip_probability"": ""40%"", ""acculumen_brightness"": ""0 (어둡게)""}"
104357,2026-08-29T05:03:41.101035+09:00,2026-08-29T06:00:00+09:00,1787950800,2026-08-28T21:00:00+00:00,25,30,30,동남동 7km/h,보통,0,40%,"{""humidity"": ""100%"", ""dew_point"": ""25° C"", ""real_feel"": 30, ""visibility"": ""8km"", ""wind_gusts"": ""13km/h"", ""cloud_cover"": ""97%"", ""cloud_ceiling"": ""500m"", ""precip_probability"": ""40%"", ""acculumen_brightness"": ""0 (어둡게)""}"
104447,2026-08-29T06:03:00.514169+09:00,2026-08-29T07:00:00+09:00,1787954400,2026-08-28T22:00:00+00:00,26,32,32,동남동 7km/h,보통,N/A,40%,"{""비"": ""0.1mm"", ""max_uv"": ""0.4 (낮음)"", ""humidity"": ""98%"", ""dew_point"": ""25° C"", ""real_feel"": 32, ""visibility"": ""8km"", ""wind_gusts"": ""15km/h"", ""cloud_cover"": ""92%"", ""cloud_ceiling"": ""500m"", ""precip_probability"": ""40%"", ""acculumen_brightness"": ""2 (어둡게)""}"
104536,2026-08-29T07:06:45.857329+09:00,2026-08-29T08:00:00+09:00,1787958000,2026-08-28T23:00:00+00:00,27,33,33,동남동 7km/h,보통,N/A,40%,"{""비"": ""0.1mm"", ""max_uv"": ""0.7 (낮음)"", ""humidity"": ""93%"", ""dew_point"": ""25° C"", ""real_feel"": 33, ""visibility"": ""8km"", ""wind_gusts"": ""15km/h"", ""cloud_cover"": ""86%"", ""cloud_ceiling"": ""500m"", ""precip_probability"": ""40%"", ""acculumen_brightness"": ""3 (칙칙함)""}"
104624,2026-08-29T08:07:43.911985+09:00,2026-08-29T09:00:00+09:00,1787961600,2026-08-29T00:00:00+00:00,28,35,32,동남동 7km/h,보통,N/A,48%,"{""max_uv"": ""1.1 (낮음)"", ""humidity"": ""89%"", ""dew_point"": ""26° C"", ""real_feel"": 35, ""visibility"": ""8km"", ""wind_gusts"": ""17km/h"", ""cloud_cover"": ""95%"", ""cloud_ceiling"": ""2100m"", ""precip_probability"": ""48%"", ""acculumen_brightness"": ""1 (어둡게)""}"
104711,2026-08-29T09:05:24.650931+09:00,2026-08-29T10:00:00+09:00,1787965200,2026-08-29T01:00:00+00:00,29,36,33,남동 9km/h,보통,N/A,40%,"{""비"": ""0.1mm"", ""max_uv"": ""1.1 (낮음)"", ""humidity"": ""84%"", ""dew_point"": ""26° C"", ""real_feel"": 36, ""visibility"": ""10km"", ""wind_gusts"": ""19km/h"", ""cloud_cover"": ""98%"", ""cloud_ceiling"": ""500m"", ""precip_probability"": ""40%"", ""acculumen_brightness"": ""1 (어둡게)""}"
104797,2026-08-29T10:06:07.321297+09:00,2026-08-29T11:00:00+09:00,1787968800,2026-08-29T02:00:00+00:00,29,38,34,남남서 9km/h,보통,N/A,37%,"{""max_uv"": ""2.2 (낮음)"", ""humidity"": ""80%"", ""dew_point"": ""26° C"", ""real_feel"": 38, ""visibility"": ""10km"", ""wind_gusts"": ""20km/h"", ""cloud_cover"": ""88%"", ""cloud_ceiling"": ""500m"", ""precip_probability"": ""37%"", ""acculumen_brightness"": ""3 (칙칙함)""}"
104882,2026-08-29T11:03:34.298335+09:00,2026-08-29T12:00:00+09:00,1787972400,2026-08-29T03:00:00+00:00,30,38,35,남서 9km/h,보통,N/A,39%,"{""max_uv"": ""2.2 (낮음)"", ""humidity"": ""76%"", ""dew_point"": ""25° C"", ""real_feel"": 38, ""visibility"": ""10km"", ""wind_gusts"": ""24km/h"", ""cloud_cover"": ""93%"", ""cloud_ceiling"": ""500m"", ""precip_probability"": ""39%"", ""acculumen_brightness"": ""2 (어둡게)""}"
104966,2026-08-29T12:05:51.716746+09:00,2026-08-29T13:00:00+09:00,1787976000,2026-08-29T04:00:00+00:00,31,38,35,서남서 9km/h,보통,N/A,49%,"{""max_uv"": ""2.1 (낮음)"", ""humidity"": ""72%"", ""dew_point"": ""25° C"", ""real_feel"": 38, ""visibility"": ""11km"", ""wind_gusts"": ""24km/h"", ""cloud_cover"": ""90%"", ""cloud_ceiling"": ""500m"", ""precip_probability"": ""49%"", ""acculumen_brightness"": ""2 (어둡게)""}"
105049,2026-08-29T13:04:54.203787+09:00,2026-08-29T14:00:00+09:00,1787979600,2026-08-29T05:00:00+00:00,30,35,33,서 11km/h,나쁨,N/A,61%,"{""비"": ""1.5mm"", ""max_uv"": ""1.4 (낮음)"", ""humidity"": ""77%"", ""dew_point"": ""25° C"", ""real_feel"": 35, ""visibility"": ""8km"", ""wind_gusts"": ""26km/h"", ""cloud_cover"": ""88%"", ""cloud_ceiling"": ""1200m"", ""precip_probability"": ""61%"", ""acculumen_brightness"": ""3 (칙칙함)""}"
105131,2026-08-29T14:02:36.699070+09:00,2026-08-29T15:00:00+09:00,1787983200,2026-08-29T06:00:00+00:00,30,34,33,서 11km/h,나쁨,N/A,55%,"{""비"": ""0.2mm"", ""max_uv"": ""1.3 (낮음)"", ""humidity"": ""74%"", ""dew_point"": ""24° C"", ""real_feel"": 34, ""visibility"": ""11km"", ""wind_gusts"": ""28km/h"", ""cloud_cover"": ""85%"", ""cloud_ceiling"": ""2000m"", ""precip_probability"": ""55%"", ""acculumen_brightness"": ""3 (칙칙함)""}"
105212,2026-08-29T15:04:01.669290+09:00,2026-08-29T16:00:00+09:00,1787986800,2026-08-29T07:00:00+00:00,30,35,33,서 11km/h,나쁨,N/A,40%,"{""max_uv"": ""1.8 (낮음)"", ""humidity"": ""72%"", ""dew_point"": ""24° C"", ""real_feel"": 35, ""visibility"": ""11km"", ""wind_gusts"": ""26km/h"", ""cloud_cover"": ""67%"", ""cloud_ceiling"": ""5900m"", ""precip_probability"": ""40%"", ""acculumen_brightness"": ""6 (중간)""}"
105292,2026-08-29T16:03:46.678117+09:00,2026-08-29T17:00:00+09:00,1787990400,2026-08-29T08:00:00+00:00,29,34,33,서북서 11km/h,나쁨,N/A,34%,"{""max_uv"": ""1.4 (낮음)"", ""humidity"": ""73%"", ""dew_point"": ""24° C"", ""real_feel"": 34, ""visibility"": ""10km"", ""wind_gusts"": ""24km/h"", ""cloud_cover"": ""49%"", ""cloud_ceiling"": ""9100m"", ""precip_probability"": ""34%"", ""acculumen_brightness"": ""7 (밝음)""}"
105371,2026-08-29T17:04:33.187307+09:00,2026-08-29T18:00:00+09:00,1787994000,2026-08-29T09:00:00+00:00,29,33,33,북서 11km/h,나쁨,N/A,29%,"{""max_uv"": ""0.4 (낮음)"", ""humidity"": ""75%"", ""dew_point"": ""24° C"", ""real_feel"": 33, ""visibility"": ""10km"", ""wind_gusts"": ""22km/h"", ""cloud_cover"": ""31%"", ""cloud_ceiling"": ""9100m"", ""precip_probability"": ""29%"", ""acculumen_brightness"": ""3 (칙칙함)""}"
105449,2026-08-29T18:03:43.669479+09:00,2026-08-29T19:00:00+09:00,1787997600,2026-08-29T10:00:00+00:00,29,31,31,북서 9km/h,나쁨,N/A,40%,"{""max_uv"": ""0.0 (낮음)"", ""humidity"": ""70%"", ""dew_point"": ""23° C"", ""real_feel"": 31, ""visibility"": ""11km"", ""wind_gusts"": ""20km/h"", ""cloud_cover"": ""91%"", ""cloud_ceiling"": ""3000m"", ""precip_probability"": ""40%"", ""acculumen_brightness"": ""0 (어둡게)""}"
105526,2026-08-29T19:04:14.010042+09:00,2026-08-29T20:00:00+09:00,1788001200,2026-08-29T11:00:00+00:00,28,30,,북북서 9km/h,나쁨,N/A,42%,"{""humidity"": ""71%"", ""dew_point"": ""22° C"", ""real_feel"": 30, ""visibility"": ""11km"", ""cloud_cover"": ""93%"", ""cloud_ceiling"": ""6100m"", ""precip_probability"": ""42%"", ""acculumen_brightness"": ""0 (어둡게)""}"
105602,2026-08-29T20:06:32.403734+09:00,2026-08-29T21:00:00+09:00,1788004800,2026-08-29T12:00:00+00:00,27,29,,북 7km/h,보통,N/A,38%,"{""humidity"": ""76%"", ""dew_point"": ""22° C"", ""real_feel"": 29, ""visibility"": ""10km"", ""cloud_cover"": ""77%"", ""cloud_ceiling"": ""6100m"", ""precip_probability"": ""38%"", ""acculumen_brightness"": ""0 (어둡게)""}"
105677,2026-08-29T21:03:53.106085+09:00,2026-08-29T22:00:00+09:00,1788008400,2026-08-29T13:00:00+00:00,26,28,,북 7km/h,보통,N/A,34%,"{""dew_point"": ""22° C"", ""real_feel"": 28, ""visibility"": ""10km"", ""cloud_cover"": ""52%"", ""cloud_ceiling"": ""9100m"", ""precip_probability"": ""34%"", ""acculumen_brightness"": ""0 (어둡게)""}"
105751,2026-08-29T22:02:42.330057+09:00,2026-08-29T23:00:00+09:00,1788012000,2026-08-29T14:00:00+00:00,25,28,,북북서 7km/h,완벽함,N/A,34%,"{""dew_point"": ""22° C"", ""real_feel"": 28, ""visibility"": ""10km"", ""cloud_cover"": ""65%"", ""cloud_ceiling"": ""2000m"", ""precip_probability"": ""34%"", ""acculumen_brightness"": ""0 (어둡게)""}"
105824,2026-08-29T23:05:38.739892+09:00,2026-08-30T00:00:00+09:00,1788015600,2026-08-29T15:00:00+00:00,25,28,,북북서 6km/h,보통,N/A,34%,"{""dew_point"": ""22° C"", ""real_feel"": 28, ""visibility"": ""8km"", ""cloud_cover"": ""79%"", ""cloud_ceiling"": ""2000m"", ""precip_probability"": ""34%"", ""acculumen_brightness"": ""0 (어둡게)""}"
105920,2026-08-30T00:06:28.219453+09:00,2026-08-30T01:00:00+09:00,1788019200,2026-08-29T16:00:00+00:00,25,28,,북서 6km/h,보통,N/A,34%,"{""dew_point"": ""22° C"", ""real_feel"": 28, ""visibility"": ""8km"", ""cloud_cover"": ""85%"", ""cloud_ceiling"": ""3100m"", ""precip_probability"": ""34%"", ""acculumen_brightness"": ""0 (어둡게)""}"
106015,2026-08-30T01:04:25.473803+09:00,2026-08-30T02:00:00+09:00,1788022800,2026-08-29T17:00:00+00:00,25,27,,북북서 7km/h,보통,N/A,51%,"{""dew_point"": ""22° C"", ""real_feel"": 27, ""visibility"": ""8km"", ""cloud_cover"": ""92%"", ""cloud_ceiling"": ""3100m"", ""precip_probability"": ""51%"", ""acculumen_brightness"": ""0 (어둡게)""}"
106109,2026-08-30T02:04:59.759051+09:00,2026-08-30T03:00:00+09:00,1788026400,2026-08-29T18:00:00+00:00,25,27,,북북서 7km/h,보통,N/A,61%,"{""비"": ""0.5mm"", ""dew_point"": ""22° C"", ""real_feel"": 27, ""visibility"": ""8km"", ""cloud_cover"": ""98%"", ""cloud_ceiling"": ""3100m"", ""precip_probability"": ""61%"", ""acculumen_brightness"": ""0 (어둡게)""}"
106202,2026-08-30T03:06:38.001528+09:00,2026-08-30T04:00:00+09:00,1788030000,2026-08-29T19:00:00+00:00,25,27,,북북서 6km/h,완벽함,N/A,61%,"{""dew_point"": ""22° C"", ""real_feel"": 27, ""visibility"": ""8km"", ""cloud_cover"": ""98%"", ""cloud_ceiling"": ""2100m"", ""precip_probability"": ""61%"", ""acculumen_brightness"": ""0 (어둡게)""}"
106294,2026-08-30T04:07:49.278783+09:00,2026-08-30T05:00:00+09:00,1788033600,2026-08-29T20:00:00+00:00,24,27,,남남동 6km/h,보통,N/A,44%,"{""dew_point"": ""22° C"", ""real_feel"": 27, ""visibility"": ""10km"", ""cloud_cover"": ""99%"", ""cloud_ceiling"": ""3100m"", ""precip_probability"": ""44%"", ""acculumen_brightness"": ""0 (어둡게)""}"
106385,2026-08-30T05:05:55.850743+09:00,2026-08-30T06:00:00+09:00,1788037200,2026-08-29T21:00:00+00:00,24,27,27,남남동 6km/h,보통,0,29%,"{""humidity"": ""93%"", ""dew_point"": ""22° C"", ""real_feel"": 27, ""visibility"": ""10km"", ""wind_gusts"": ""9km/h"", ""cloud_cover"": ""99%"", ""cloud_ceiling"": ""4400m"", ""precip_probability"": ""29%"", ""acculumen_brightness"": ""0 (어둡게)""}"
106475,2026-08-30T06:05:46.689278+09:00,2026-08-30T07:00:00+09:00,1788040800,2026-08-29T22:00:00+00:00,24,28,28,남동 6km/h,보통,0,13%,"{""humidity"": ""94%"", ""dew_point"": ""23° C"", ""real_feel"": 28, ""visibility"": ""10km"", ""wind_gusts"": ""11km/h"", ""cloud_cover"": ""100%"", ""cloud_ceiling"": ""4400m"", ""precip_probability"": ""13%"", ""acculumen_brightness"": ""1 (어둡게)""}"
106564,2026-08-30T07:05:19.172359+09:00,2026-08-30T08:00:00+09:00,1788044400,2026-08-29T23:00:00+00:00,25,30,30,남동 6km/h,보통,0,13%,"{""humidity"": ""90%"", ""dew_point"": ""23° C"", ""real_feel"": 30, ""visibility"": ""10km"", ""wind_gusts"": ""11km/h"", ""cloud_cover"": ""100%"", ""cloud_ceiling"": ""4400m"", ""precip_probability"": ""13%"", ""acculumen_brightness"": ""1 (어둡게)""}"
106652,2026-08-30T08:07:17.654432+09:00,2026-08-30T09:00:00+09:00,1788048000,2026-08-30T00:00:00+00:00,26,31,29,남동 6km/h,보통,1,13%,"{""humidity"": ""86%"", ""dew_point"": ""23° C"", ""real_feel"": 31, ""visibility"": ""10km"", ""wind_gusts"": ""11km/h"", ""cloud_cover"": ""100%"", ""cloud_ceiling"": ""4400m"", ""precip_probability"": ""13%"", ""acculumen_brightness"": ""1 (어둡게)""}"
106739,2026-08-30T09:07:07.949653+09:00,2026-08-30T10:00:00+09:00,1788051600,2026-08-30T01:00:00+00:00,26,32,30,남 7km/h,보통,N/A,13%,"{""max_uv"": ""1.7 (낮음)"", ""humidity"": ""84%"", ""dew_point"": ""23° C"", ""real_feel"": 32, ""visibility"": ""11km"", ""wind_gusts"": ""13km/h"", ""cloud_cover"": ""99%"", ""cloud_ceiling"": ""4400m"", ""precip_probability"": ""13%"", ""acculumen_brightness"": ""1 (어둡게)""}"
106825,2026-08-30T10:04:19.642086+09:00,2026-08-30T11:00:00+09:00,1788055200,2026-08-30T02:00:00+00:00,26,32,30,남남서 9km/h,보통,N/A,13%,"{""max_uv"": ""2.7 (보통)"", ""humidity"": ""82%"", ""dew_point"": ""23° C"", ""real_feel"": 32, ""visibility"": ""11km"", ""wind_gusts"": ""15km/h"", ""cloud_cover"": ""99%"", ""cloud_ceiling"": ""5900m"", ""precip_probability"": ""13%"", ""acculumen_brightness"": ""1 (어둡게)""}"
106910,2026-08-30T11:06:29.212786+09:00,2026-08-30T12:00:00+09:00,1788058800,2026-08-30T03:00:00+00:00,27,33,30,남남서 11km/h,보통,N/A,10%,"{""max_uv"": ""3.1 (보통)"", ""humidity"": ""81%"", ""dew_point"": ""23° C"", ""real_feel"": 33, ""visibility"": ""11km"", ""wind_gusts"": ""17km/h"", ""cloud_cover"": ""98%"", ""cloud_ceiling"": ""5900m"", ""precip_probability"": ""10%"", ""acculumen_brightness"": ""1 (어둡게)""}"
106994,2026-08-30T12:04:25.026618+09:00,2026-08-30T13:00:00+09:00,1788062400,2026-08-30T04:00:00+00:00,27,33,30,남남서 11km/h,보통,N/A,4%,"{""max_uv"": ""2.7 (보통)"", ""humidity"": ""80%"", ""dew_point"": ""23° C"", ""real_feel"": 33, ""visibility"": ""16km"", ""wind_gusts"": ""15km/h"", ""cloud_cover"": ""99%"", ""cloud_ceiling"": ""5900m"", ""precip_probability"": ""4%"", ""acculumen_brightness"": ""1 (어둡게)""}"
107077,2026-08-30T13:04:30.812522+09:00,2026-08-30T14:00:00+09:00,1788066000,2026-08-30T05:00:00+00:00,27,33,31,남남서 11km/h,보통,N/A,4%,"{""max_uv"": ""1.9 (낮음)"", ""humidity"": ""80%"", ""dew_point"": ""24° C"", ""real_feel"": 33, ""visibility"": ""16km"", ""wind_gusts"": ""15km/h"", ""cloud_cover"": ""99%"", ""cloud_ceiling"": ""5800m"", ""precip_probability"": ""4%"", ""acculumen_brightness"": ""1 (어둡게)""}"
107159,2026-08-30T14:04:54.113240+09:00,2026-08-30T15:00:00+09:00,1788069600,2026-08-30T06:00:00+00:00,27,32,31,남남서 11km/h,보통,N/A,4%,"{""max_uv"": ""1.4 (낮음)"", ""humidity"": ""81%"", ""dew_point"": ""24° C"", ""real_feel"": 32, ""visibility"": ""16km"", ""wind_gusts"": ""13km/h"", ""cloud_cover"": ""100%"", ""cloud_ceiling"": ""5800m"", ""precip_probability"": ""4%"", ""acculumen_brightness"": ""1 (어둡게)""}"
107160,2026-08-30T14:04:54.113240+09:00,2026-08-30T16:00:00+09:00,1788073200,2026-08-30T07:00:00+00:00,28,32,32,남남서 11km/h,보통,N/A,4%,"{""max_uv"": ""0.9 (낮음)"", ""humidity"": ""78%"", ""dew_point"": ""24° C"", ""real_feel"": 32, ""visibility"": ""16km"", ""wind_gusts"": ""13km/h"", ""cloud_cover"": ""100%"", ""cloud_ceiling"": ""5800m"", ""precip_probability"": ""4%"", ""acculumen_brightness"": ""1 (어둡게)""}"
107161,2026-08-30T14:04:54.113240+09:00,2026-08-30T17:00:00+09:00,1788076800,2026-08-30T08:00:00+00:00,27,32,32,남서 11km/h,보통,N/A,4%,"{""max_uv"": ""0.5 (낮음)"", ""humidity"": ""80%"", ""dew_point"": ""24° C"", ""real_feel"": 32, ""visibility"": ""16km"", ""wind_gusts"": ""11km/h"", ""cloud_cover"": ""100%"", ""cloud_ceiling"": ""5800m"", ""precip_probability"": ""4%"", ""acculumen_brightness"": ""1 (어둡게)""}"
107162,2026-08-30T14:04:54.113240+09:00,2026-08-30T18:00:00+09:00,1788080400,2026-08-30T09:00:00+00:00,27,31,31,남서 11km/h,보통,N/A,4%,"{""max_uv"": ""0.2 (낮음)"", ""humidity"": ""80%"", ""dew_point"": ""24° C"", ""real_feel"": 31, ""visibility"": ""11km"", ""wind_gusts"": ""11km/h"", ""cloud_cover"": ""100%"", ""cloud_ceiling"": ""5800m"", ""precip_probability"": ""4%"", ""acculumen_brightness"": ""0 (어둡게)""}"
107163,2026-08-30T14:04:54.113240+09:00,2026-08-30T19:00:00+09:00,1788084000,2026-08-30T10:00:00+00:00,27,31,31,남서 9km/h,보통,N/A,5%,"{""max_uv"": ""0.0 (낮음)"", ""humidity"": ""83%"", ""dew_point"": ""24° C"", ""real_feel"": 31, ""visibility"": ""11km"", ""wind_gusts"": ""11km/h"", ""cloud_cover"": ""94%"", ""cloud_ceiling"": ""5900m"", ""precip_probability"": ""5%"", ""acculumen_brightness"": ""0 (어둡게)""}"
107164,2026-08-30T14:04:54.113240+09:00,2026-08-30T20:00:00+09:00,1788087600,2026-08-30T11:00:00+00:00,26,31,,서남서 7km/h,보통,N/A,5%,"{""humidity"": ""84%"", ""dew_point"": ""24° C"", ""real_feel"": 31, ""visibility"": ""11km"", ""cloud_cover"": ""88%"", ""cloud_ceiling"": ""4400m"", ""precip_probability"": ""5%"", ""acculumen_brightness"": ""0 (어둡게)""}"
107165,2026-08-30T14:04:54.113240+09:00,2026-08-30T21:00:00+09:00,1788091200,2026-08-30T12:00:00+00:00,26,30,,서 7km/h,보통,N/A,6%,"{""dew_point"": ""23° C"", ""real_feel"": 30, ""visibility"": ""11km"", ""cloud_cover"": ""82%"", ""cloud_ceiling"": ""5900m"", ""precip_probability"": ""6%"", ""acculumen_brightness"": ""0 (어둡게)""}"
107166,2026-08-30T14:04:54.113240+09:00,2026-08-30T22:00:00+09:00,1788094800,2026-08-30T13:00:00+00:00,25,29,,서북서 7km/h,보통,N/A,7%,"{""dew_point"": ""23° C"", ""real_feel"": 29, ""visibility"": ""11km"", ""cloud_cover"": ""88%"", ""cloud_ceiling"": ""4400m"", ""precip_probability"": ""7%"", ""acculumen_brightness"": ""0 (어둡게)""}"
107167,2026-08-30T14:04:54.113240+09:00,2026-08-30T23:00:00+09:00,1788098400,2026-08-30T14:00:00+00:00,26,29,,북서 7km/h,보통,N/A,7%,"{""dew_point"": ""23° C"", ""real_feel"": 29, ""visibility"": ""11km"", ""cloud_cover"": ""94%"", ""cloud_ceiling"": ""4400m"", ""precip_probability"": ""7%"", ""acculumen_brightness"": ""0 (어둡게)""}"
107168,2026-08-30T14:05:06.160346+09:00,2026-08-31T00:00:00+09:00,1788102000,2026-08-30T15:00:00+00:00,26,29,,북서 7km/h,보통,N/A,11%,"{""dew_point"": ""23° C"", ""real_feel"": 29, ""visibility"": ""8km"", ""cloud_cover"": ""100%"", ""cloud_ceiling"": ""4400m"", ""precip_probability"": ""11%"", ""acculumen_brightness"": ""0 (어둡게)""}"
107169,2026-08-30T14:05:06.160346+09:00,2026-08-31T01:00:00+09:00,1788105600,2026-08-30T16:00:00+00:00,25,28,,북북서 7km/h,보통,N/A,32%,"{""dew_point"": ""23° C"", ""real_feel"": 28, ""visibility"": ""10km"", ""cloud_cover"": ""100%"", ""cloud_ceiling"": ""4400m"", ""precip_probability"": ""32%"", ""acculumen_brightness"": ""0 (어둡게)""}"
107170,2026-08-30T14:05:06.160346+09:00,2026-08-31T02:00:00+09:00,1788109200,2026-08-30T17:00:00+00:00,25,28,,북북동 7km/h,보통,N/A,32%,"{""dew_point"": ""22° C"", ""real_feel"": 28, ""visibility"": ""8km"", ""cloud_cover"": ""100%"", ""cloud_ceiling"": ""4400m"", ""precip_probability"": ""32%"", ""acculumen_brightness"": ""0 (어둡게)""}"
107171,2026-08-30T14:05:06.160346+09:00,2026-08-31T03:00:00+09:00,1788112800,2026-08-30T18:00:00+00:00,24,28,,동북동 7km/h,완벽함,N/A,37%,"{""dew_point"": ""22° C"", ""real_feel"": 28, ""visibility"": ""8km"", ""cloud_cover"": ""100%"", ""cloud_ceiling"": ""4400m"", ""precip_probability"": ""37%"", ""acculumen_brightness"": ""0 (어둡게)""}"
107172,2026-08-30T14:05:06.160346+09:00,2026-08-31T04:00:00+09:00,1788116400,2026-08-30T19:00:00+00:00,24,27,,동 7km/h,완벽함,N/A,49%,"{""dew_point"": ""22° C"", ""real_feel"": 27, ""visibility"": ""8km"", ""cloud_cover"": ""100%"", ""cloud_ceiling"": ""4400m"", ""precip_probability"": ""49%"", ""acculumen_brightness"": ""0 (어둡게)""}"
107173,2026-08-30T14:05:06.160346+09:00,2026-08-31T05:00:00+09:00,1788120000,2026-08-30T20:00:00+00:00,24,25,,동 7km/h,완벽함,N/A,68%,"{""비"": ""3.1mm"", ""dew_point"": ""22° C"", ""real_feel"": 25, ""visibility"": ""6km"", ""cloud_cover"": ""100%"", ""cloud_ceiling"": ""600m"", ""precip_probability"": ""68%"", ""acculumen_brightness"": ""0 (어둡게)""}"
107174,2026-08-30T14:05:06.160346+09:00,2026-08-31T06:00:00+09:00,1788123600,2026-08-30T21:00:00+00:00,24,25,,동 7km/h,완벽함,N/A,65%,"{""비"": ""1.4mm"", ""dew_point"": ""22° C"", ""real_feel"": 25, ""visibility"": ""5km"", ""cloud_cover"": ""100%"", ""cloud_ceiling"": ""1200m"", ""precip_probability"": ""65%"", ""acculumen_brightness"": ""0 (어둡게)""}"
107175,2026-08-30T14:05:06.160346+09:00,2026-08-31T07:00:00+09:00,1788127200,2026-08-30T22:00:00+00:00,24,24,24,동 7km/h,완벽함,0,74%,"{""비"": ""5.7mm"", ""humidity"": ""89%"", ""dew_point"": ""22° C"", ""real_feel"": 24, ""visibility"": ""5km"", ""wind_gusts"": ""13km/h"", ""cloud_cover"": ""100%"", ""cloud_ceiling"": ""600m"", ""precip_probability"": ""74%"", ""acculumen_brightness"": ""1 (어둡게)""}"
107176,2026-08-30T14:05:06.160346+09:00,2026-08-31T08:00:00+09:00,1788130800,2026-08-30T23:00:00+00:00,24,24,24,동 7km/h,완벽함,0,70%,"{""비"": ""3.9mm"", ""humidity"": ""88%"", ""dew_point"": ""22° C"", ""real_feel"": 24, ""visibility"": ""6km"", ""wind_gusts"": ""13km/h"", ""cloud_cover"": ""100%"", ""cloud_ceiling"": ""600m"", ""precip_probability"": ""70%"", ""acculumen_brightness"": ""1 (어둡게)""}"
107177,2026-08-30T14:05:06.160346+09:00,2026-08-31T09:00:00+09:00,1788134400,2026-08-31T00:00:00+00:00,24,27,26,동 9km/h,완벽함,1,49%,"{""humidity"": ""87%"", ""dew_point"": ""22° C"", ""real_feel"": 27, ""visibility"": ""8km"", ""wind_gusts"": ""15km/h"", ""cloud_cover"": ""100%"", ""cloud_ceiling"": ""4400m"", ""precip_probability"": ""49%"", ""acculumen_brightness"": ""1 (어둡게)""}"
107178,2026-08-30T14:05:06.160346+09:00,2026-08-31T10:00:00+09:00,1788138000,2026-08-31T01:00:00+00:00,24,24,24,동북동 9km/h,보통,0,60%,"{""비"": ""6.7mm"", ""humidity"": ""86%"", ""dew_point"": ""21° C"", ""real_feel"": 24, ""visibility"": ""5km"", ""wind_gusts"": ""15km/h"", ""cloud_cover"": ""100%"", ""cloud_ceiling"": ""600m"", ""precip_probability"": ""60%"", ""acculumen_brightness"": ""1 (어둡게)""}"
107179,2026-08-30T14:05:06.160346+09:00,2026-08-31T11:00:00+09:00,1788141600,2026-08-31T02:00:00+00:00,24,28,26,동북동 9km/h,보통,2,49%,"{""humidity"": ""86%"", ""dew_point"": ""21° C"", ""real_feel"": 28, ""visibility"": ""8km"", ""wind_gusts"": ""15km/h"", ""cloud_cover"": ""100%"", ""cloud_ceiling"": ""4400m"", ""precip_probability"": ""49%"", ""acculumen_brightness"": ""1 (어둡게)""}"
107180,2026-08-30T14:05:06.160346+09:00,2026-08-31T12:00:00+09:00,1788145200,2026-08-31T03:00:00+00:00,24,28,26,동북동 9km/h,보통,1,49%,"{""humidity"": ""85%"", ""dew_point"": ""21° C"", ""real_feel"": 28, ""visibility"": ""8km"", ""wind_gusts"": ""15km/h"", ""cloud_cover"": ""100%"", ""cloud_ceiling"": ""1200m"", ""precip_probability"": ""49%"", ""acculumen_brightness"": ""1 (어둡게)""}"
107181,2026-08-30T14:05:06.160346+09:00,2026-08-31T13:00:00+09:00,1788148800,2026-08-31T04:00:00+00:00,24,26,24,동북동 9km/h,보통,1,72%,"{""비"": ""2.3mm"", ""humidity"": ""85%"", ""dew_point"": ""21° C"", ""real_feel"": 26, ""visibility"": ""6km"", ""wind_gusts"": ""17km/h"", ""cloud_cover"": ""100%"", ""cloud_ceiling"": ""1200m"", ""precip_probability"": ""72%"", ""acculumen_brightness"": ""1 (어둡게)""}"
107182,2026-08-30T14:05:06.160346+09:00,2026-08-31T14:00:00+09:00,1788152400,2026-08-31T05:00:00+00:00,25,26,26,동북동 9km/h,보통,0,76%,"{""비"": ""3.3mm"", ""humidity"": ""83%"", ""dew_point"": ""22° C"", ""real_feel"": 26, ""visibility"": ""6km"", ""wind_gusts"": ""19km/h"", ""cloud_cover"": ""100%"", ""cloud_ceiling"": ""600m"", ""precip_probability"": ""76%"", ""acculumen_brightness"": ""1 (어둡게)""}"
107183,2026-08-30T14:05:06.160346+09:00,2026-08-31T15:00:00+09:00,1788156000,2026-08-31T06:00:00+00:00,25,26,26,북동 7km/h,N/A,0,68%,"{""비"": ""0.9mm"", ""humidity"": ""84%"", ""dew_point"": ""22° C"", ""real_feel"": 26, ""visibility"": ""8km"", ""cloud_cover"": ""100%"", ""cloud_ceiling"": ""1200m"", ""precip_probability"": ""68%"", ""acculumen_brightness"": ""1 (어둡게)""}"
107184,2026-08-30T14:05:06.160346+09:00,2026-08-31T16:00:00+09:00,1788159600,2026-08-31T07:00:00+00:00,25,28,28,북북동 7km/h,N/A,0,40%,"{""humidity"": ""84%"", ""dew_point"": ""22° C"", ""real_feel"": 28, ""visibility"": ""8km"", ""cloud_cover"": ""100%"", ""cloud_ceiling"": ""4400m"", ""precip_probability"": ""40%"", ""acculumen_brightness"": ""1 (어둡게)""}"
107185,2026-08-30T14:05:06.160346+09:00,2026-08-31T17:00:00+09:00,1788163200,2026-08-31T08:00:00+00:00,24,27,27,북북동 7km/h,N/A,0,34%,"{""humidity"": ""84%"", ""dew_point"": ""22° C"", ""real_feel"": 27, ""visibility"": ""8km"", ""cloud_cover"": ""100%"", ""cloud_ceiling"": ""4400m"", ""precip_probability"": ""34%"", ""acculumen_brightness"": ""1 (어둡게)""}"
107186,2026-08-30T14:05:06.160346+09:00,2026-08-31T18:00:00+09:00,1788166800,2026-08-31T09:00:00+00:00,24,27,27,북동 7km/h,N/A,0,39%,"{""humidity"": ""83%"", ""dew_point"": ""21° C"", ""real_feel"": 27, ""visibility"": ""8km"", ""cloud_cover"": ""100%"", ""cloud_ceiling"": ""4400m"", ""precip_probability"": ""39%"", ""acculumen_brightness"": ""0 (어둡게)""}"
107187,2026-08-30T14:05:06.160346+09:00,2026-08-31T19:00:00+09:00,1788170400,2026-08-31T10:00:00+00:00,24,26,26,북동 7km/h,N/A,0,49%,"{""humidity"": ""83%"", ""dew_point"": ""21° C"", ""real_feel"": 26, ""visibility"": ""8km"", ""cloud_cover"": ""99%"", ""cloud_ceiling"": ""3100m"", ""precip_probability"": ""49%"", ""acculumen_brightness"": ""0 (어둡게)""}"
107188,2026-08-30T14:05:06.160346+09:00,2026-08-31T20:00:00+09:00,1788174000,2026-08-31T11:00:00+00:00,24,25,,동북동 9km/h,N/A,N/A,49%,"{""real_feel"": 25, ""visibility"": ""8km"", ""cloud_cover"": ""98%"", ""cloud_ceiling"": ""3100m"", ""precip_probability"": ""49%"", ""acculumen_brightness"": ""0 (어둡게)""}"
107189,2026-08-30T14:05:06.160346+09:00,2026-08-31T21:00:00+09:00,1788177600,2026-08-31T12:00:00+00:00,24,23,,동북동 9km/h,N/A,N/A,59%,"{""비"": ""4.0mm"", ""real_feel"": 23, ""visibility"": ""6km"", ""cloud_cover"": ""97%"", ""cloud_ceiling"": ""600m"", ""precip_probability"": ""59%"", ""acculumen_brightness"": ""0 (어둡게)""}"
107190,2026-08-30T14:05:06.160346+09:00,2026-08-31T22:00:00+09:00,1788181200,2026-08-31T13:00:00+00:00,24,25,,동북동 7km/h,N/A,N/A,49%,"{""real_feel"": 25, ""visibility"": ""8km"", ""cloud_cover"": ""98%"", ""cloud_ceiling"": ""600m"", ""precip_probability"": ""49%"", ""acculumen_brightness"": ""0 (어둡게)""}"
107191,2026-08-30T14:05:06.160346+09:00,2026-08-31T23:00:00+09:00,1788184800,2026-08-31T14:00:00+00:00,23,22,,동북동 9km/h,N/A,N/A,64%,"{""비"": ""4.0mm"", ""real_feel"": 22, ""visibility"": ""6km"", ""cloud_cover"": ""99%"", ""cloud_ceiling"": ""600m"", ""precip_probability"": ""64%"", ""acculumen_brightness"": ""0 (어둡게)""}"
107192,2026-08-30T14:05:15.233074+09:00,2026-09-01T00:00:00+09:00,1788188400,2026-08-31T15:00:00+00:00,23,24,,동북동 9km/h,N/A,N/A,49%,"{""real_feel"": 24, ""visibility"": ""8km"", ""cloud_cover"": ""100%"", ""cloud_ceiling"": ""1200m"", ""precip_probability"": ""49%"", ""acculumen_brightness"": ""0 (어둡게)""}"
107193,2026-08-30T14:05:15.233074+09:00,2026-09-01T01:00:00+09:00,1788192000,2026-08-31T16:00:00+00:00,23,24,,동북동 9km/h,N/A,N/A,34%,"{""real_feel"": 24, ""visibility"": ""8km"", ""cloud_cover"": ""100%"", ""cloud_ceiling"": ""4400m"", ""precip_probability"": ""34%"", ""acculumen_brightness"": ""0 (어둡게)""}"
107194,2026-08-30T14:05:15.233074+09:00,2026-09-01T02:00:00+09:00,1788195600,2026-08-31T17:00:00+00:00,23,24,,동북동 9km/h,N/A,N/A,34%,"{""real_feel"": 24, ""visibility"": ""8km"", ""cloud_cover"": ""100%"", ""cloud_ceiling"": ""4400m"", ""precip_probability"": ""34%"", ""acculumen_brightness"": ""0 (어둡게)""}"
107195,2026-08-30T14:05:15.233074+09:00,2026-09-01T03:00:00+09:00,1788199200,2026-08-31T18:00:00+00:00,23,24,,동북동 7km/h,N/A,N/A,39%,"{""real_feel"": 24, ""visibility"": ""8km"", ""cloud_cover"": ""100%"", ""cloud_ceiling"": ""500m"", ""precip_probability"": ""39%"", ""acculumen_brightness"": ""0 (어둡게)""}"
107196,2026-08-30T14:05:15.233074+09:00,2026-09-01T04:00:00+09:00,1788202800,2026-08-31T19:00:00+00:00,23,24,,동북동 7km/h,N/A,N/A,49%,"{""real_feel"": 24, ""visibility"": ""8km"", ""cloud_cover"": ""100%"", ""cloud_ceiling"": ""500m"", ""precip_probability"": ""49%"", ""acculumen_brightness"": ""0 (어둡게)""}"
107197,2026-08-30T14:05:15.233074+09:00,2026-09-01T05:00:00+09:00,1788206400,2026-08-31T20:00:00+00:00,23,23,,동 7km/h,N/A,N/A,59%,"{""비"": ""1.8mm"", ""real_feel"": 23, ""visibility"": ""6km"", ""cloud_cover"": ""100%"", ""cloud_ceiling"": ""500m"", ""precip_probability"": ""59%"", ""acculumen_brightness"": ""0 (어둡게)""}"
107198,2026-08-30T14:05:15.233074+09:00,2026-09-01T06:00:00+09:00,1788210000,2026-08-31T21:00:00+00:00,23,22,,동 7km/h,N/A,N/A,66%,"{""비"": ""8.1mm"", ""real_feel"": 22, ""visibility"": ""3km"", ""cloud_cover"": ""100%"", ""cloud_ceiling"": ""600m"", ""precip_probability"": ""66%"", ""acculumen_brightness"": ""0 (어둡게)""}"
107199,2026-08-30T14:05:15.233074+09:00,2026-09-01T07:00:00+09:00,1788213600,2026-08-31T22:00:00+00:00,24,26,26,동 7km/h,N/A,0,25%,"{""humidity"": ""85%"", ""dew_point"": ""21° C"", ""real_feel"": 26, ""visibility"": ""8km"", ""cloud_cover"": ""100%"", ""cloud_ceiling"": ""1200m"", ""precip_probability"": ""25%"", ""acculumen_brightness"": ""1 (어둡게)""}"
107200,2026-08-30T14:05:15.233074+09:00,2026-09-01T08:00:00+09:00,1788217200,2026-08-31T23:00:00+00:00,24,27,27,동북동 7km/h,N/A,0,20%,"{""humidity"": ""83%"", ""dew_point"": ""21° C"", ""real_feel"": 27, ""visibility"": ""8km"", ""cloud_cover"": ""100%"", ""cloud_ceiling"": ""1200m"", ""precip_probability"": ""20%"", ""acculumen_brightness"": ""1 (어둡게)""}"
107201,2026-08-30T14:05:15.233074+09:00,2026-09-01T09:00:00+09:00,1788220800,2026-09-01T00:00:00+00:00,25,28,27,북동 9km/h,N/A,1,20%,"{""humidity"": ""82%"", ""dew_point"": ""22° C"", ""real_feel"": 28, ""visibility"": ""8km"", ""cloud_cover"": ""100%"", ""cloud_ceiling"": ""2100m"", ""precip_probability"": ""20%"", ""acculumen_brightness"": ""1 (어둡게)""}"
107202,2026-08-30T14:05:15.233074+09:00,2026-09-01T10:00:00+09:00,1788224400,2026-09-01T01:00:00+00:00,26,30,28,동북동 9km/h,N/A,1,20%,"{""humidity"": ""79%"", ""dew_point"": ""22° C"", ""real_feel"": 30, ""visibility"": ""8km"", ""cloud_cover"": ""100%"", ""cloud_ceiling"": ""4400m"", ""precip_probability"": ""20%"", ""acculumen_brightness"": ""1 (어둡게)""}"
107203,2026-08-30T14:05:15.233074+09:00,2026-09-01T11:00:00+09:00,1788228000,2026-09-01T02:00:00+00:00,27,33,30,동 7km/h,N/A,2,20%,"{""humidity"": ""76%"", ""dew_point"": ""23° C"", ""real_feel"": 33, ""visibility"": ""8km"", ""wind_gusts"": ""20km/h"", ""cloud_cover"": ""100%"", ""cloud_ceiling"": ""7600m"", ""precip_probability"": ""20%"", ""acculumen_brightness"": ""1 (어둡게)""}"
107204,2026-08-30T14:05:15.233074+09:00,2026-09-01T12:00:00+09:00,1788231600,2026-09-01T03:00:00+00:00,28,34,32,동남동 7km/h,N/A,1,25%,"{""humidity"": ""74%"", ""dew_point"": ""23° C"", ""real_feel"": 34, ""visibility"": ""10km"", ""wind_gusts"": ""20km/h"", ""cloud_cover"": ""100%"", ""cloud_ceiling"": ""1200m"", ""precip_probability"": ""25%"", ""acculumen_brightness"": ""1 (어둡게)""}"
107205,2026-08-30T14:05:15.233074+09:00,2026-09-01T13:00:00+09:00,1788235200,2026-09-01T04:00:00+00:00,29,32,31,동 7km/h,N/A,1,51%,"{""비"": ""0.8mm"", ""humidity"": ""73%"", ""dew_point"": ""23° C"", ""real_feel"": 32, ""visibility"": ""10km"", ""wind_gusts"": ""20km/h"", ""cloud_cover"": ""100%"", ""cloud_ceiling"": ""1200m"", ""precip_probability"": ""51%"", ""acculumen_brightness"": ""1 (어둡게)""}"
107206,2026-08-30T14:05:15.233074+09:00,2026-09-01T14:00:00+09:00,1788238800,2026-09-01T05:00:00+00:00,28,32,32,북서 9km/h,N/A,1,57%,"{""비"": ""2.4mm"", ""humidity"": ""83%"", ""dew_point"": ""24° C"", ""real_feel"": 32, ""visibility"": ""8km"", ""wind_gusts"": ""22km/h"", ""cloud_cover"": ""100%"", ""cloud_ceiling"": ""1200m"", ""precip_probability"": ""57%"", ""acculumen_brightness"": ""1 (어둡게)""}"
107207,2026-08-30T14:05:15.233074+09:00,2026-09-01T15:00:00+09:00,1788242400,2026-09-01T06:00:00+00:00,28,33,32,북서 9km/h,N/A,1,49%,"{""humidity"": ""74%"", ""dew_point"": ""23° C"", ""real_feel"": 33, ""visibility"": ""10km"", ""wind_gusts"": ""22km/h"", ""cloud_cover"": ""100%"", ""cloud_ceiling"": ""7600m"", ""precip_probability"": ""49%"", ""acculumen_brightness"": ""1 (어둡게)""}"
107208,2026-08-30T14:05:15.233074+09:00,2026-09-01T16:00:00+09:00,1788246000,2026-09-01T07:00:00+00:00,29,34,34,북서 9km/h,N/A,1,47%,"{""humidity"": ""69%"", ""dew_point"": ""23° C"", ""real_feel"": 34, ""visibility"": ""8km"", ""wind_gusts"": ""26km/h"", ""cloud_cover"": ""100%"", ""cloud_ceiling"": ""7600m"", ""precip_probability"": ""47%"", ""acculumen_brightness"": ""1 (어둡게)""}"
107209,2026-08-30T14:05:15.233074+09:00,2026-09-01T17:00:00+09:00,1788249600,2026-09-01T08:00:00+00:00,29,30,30,북서 11km/h,N/A,0,51%,"{""비"": ""0.6mm"", ""humidity"": ""72%"", ""dew_point"": ""23° C"", ""real_feel"": 30, ""visibility"": ""8km"", ""wind_gusts"": ""26km/h"", ""cloud_cover"": ""100%"", ""cloud_ceiling"": ""1200m"", ""precip_probability"": ""51%"", ""acculumen_brightness"": ""1 (어둡게)""}"
107210,2026-08-30T14:05:15.233074+09:00,2026-09-01T18:00:00+09:00,1788253200,2026-09-01T09:00:00+00:00,28,31,31,북북서 11km/h,N/A,0,47%,"{""humidity"": ""73%"", ""dew_point"": ""23° C"", ""real_feel"": 31, ""visibility"": ""8km"", ""wind_gusts"": ""22km/h"", ""cloud_cover"": ""100%"", ""cloud_ceiling"": ""7600m"", ""precip_probability"": ""47%"", ""acculumen_brightness"": ""0 (어둡게)""}"
107211,2026-08-30T14:05:15.233074+09:00,2026-09-01T19:00:00+09:00,1788256800,2026-09-01T10:00:00+00:00,27,30,30,북북서 9km/h,N/A,0,17%,"{""humidity"": ""77%"", ""dew_point"": ""23° C"", ""real_feel"": 30, ""visibility"": ""8km"", ""wind_gusts"": ""20km/h"", ""cloud_cover"": ""99%"", ""cloud_ceiling"": ""7600m"", ""precip_probability"": ""17%"", ""acculumen_brightness"": ""0 (어둡게)""}"
107212,2026-08-30T14:05:15.233074+09:00,2026-09-01T20:00:00+09:00,1788260400,2026-09-01T11:00:00+00:00,27,29,,북북동 9km/h,N/A,N/A,17%,"{""dew_point"": ""22° C"", ""real_feel"": 29, ""visibility"": ""8km"", ""cloud_cover"": ""99%"", ""cloud_ceiling"": ""7600m"", ""precip_probability"": ""17%"", ""acculumen_brightness"": ""0 (어둡게)""}"
107213,2026-08-30T14:05:15.233074+09:00,2026-09-01T21:00:00+09:00,1788264000,2026-09-01T12:00:00+00:00,26,29,,북동 7km/h,N/A,N/A,17%,"{""real_feel"": 29, ""visibility"": ""8km"", ""cloud_cover"": ""99%"", ""cloud_ceiling"": ""7600m"", ""precip_probability"": ""17%"", ""acculumen_brightness"": ""0 (어둡게)""}"
107214,2026-08-30T14:05:15.233074+09:00,2026-09-01T22:00:00+09:00,1788267600,2026-09-01T13:00:00+00:00,25,28,,북동 7km/h,N/A,N/A,17%,"{""real_feel"": 28, ""visibility"": ""8km"", ""cloud_cover"": ""99%"", ""cloud_ceiling"": ""7600m"", ""precip_probability"": ""17%"", ""acculumen_brightness"": ""0 (어둡게)""}"
107215,2026-08-30T14:05:15.233074+09:00,2026-09-01T23:00:00+09:00,1788271200,2026-09-01T14:00:00+00:00,25,28,,북북동 7km/h,N/A,N/A,17%,"{""real_feel"": 28, ""visibility"": ""8km"", ""cloud_cover"": ""99%"", ""cloud_ceiling"": ""5900m"", ""precip_probability"": ""17%"", ""acculumen_brightness"": ""0 (어둡게)""}"
107216,2026-08-30T14:05:29.909512+09:00,2026-09-02T00:00:00+09:00,1788274800,2026-09-01T15:00:00+00:00,25,28,,북북동 6km/h,N/A,N/A,22%,"{""real_feel"": 28, ""visibility"": ""8km"", ""cloud_cover"": ""100%"", ""cloud_ceiling"": ""5900m"", ""precip_probability"": ""22%"", ""acculumen_brightness"": ""0 (어둡게)""}"
107217,2026-08-30T14:05:29.909512+09:00,2026-09-02T01:00:00+09:00,1788278400,2026-09-01T16:00:00+00:00,25,28,,북북동 7km/h,N/A,N/A,43%,"{""real_feel"": 28, ""visibility"": ""8km"", ""cloud_cover"": ""100%"", ""cloud_ceiling"": ""5900m"", ""precip_probability"": ""43%"", ""acculumen_brightness"": ""0 (어둡게)""}"
107218,2026-08-30T14:05:29.909512+09:00,2026-09-02T02:00:00+09:00,1788282000,2026-09-01T17:00:00+00:00,25,27,,북북동 7km/h,N/A,N/A,47%,"{""real_feel"": 27, ""visibility"": ""8km"", ""cloud_cover"": ""100%"", ""cloud_ceiling"": ""7600m"", ""precip_probability"": ""47%"", ""acculumen_brightness"": ""0 (어둡게)""}"
107219,2026-08-30T14:05:29.909512+09:00,2026-09-02T03:00:00+09:00,1788285600,2026-09-01T18:00:00+00:00,24,26,,북북동 7km/h,N/A,N/A,51%,"{""비"": ""0.4mm"", ""real_feel"": 26, ""visibility"": ""6km"", ""cloud_cover"": ""100%"", ""cloud_ceiling"": ""2100m"", ""precip_probability"": ""51%"", ""acculumen_brightness"": ""0 (어둡게)""}"
107220,2026-08-30T14:05:29.909512+09:00,2026-09-02T04:00:00+09:00,1788289200,2026-09-01T19:00:00+00:00,24,25,,북북동 7km/h,N/A,N/A,52%,"{""비"": ""0.6mm"", ""real_feel"": 25, ""visibility"": ""6km"", ""cloud_cover"": ""100%"", ""cloud_ceiling"": ""500m"", ""precip_probability"": ""52%"", ""acculumen_brightness"": ""0 (어둡게)""}"
107221,2026-08-30T14:05:29.909512+09:00,2026-09-02T05:00:00+09:00,1788292800,2026-09-01T20:00:00+00:00,24,27,,북동 7km/h,N/A,N/A,48%,"{""real_feel"": 27, ""visibility"": ""8km"", ""cloud_cover"": ""100%"", ""cloud_ceiling"": ""500m"", ""precip_probability"": ""48%"", ""acculumen_brightness"": ""0 (어둡게)""}"
107222,2026-08-30T14:05:29.909512+09:00,2026-09-02T06:00:00+09:00,1788296400,2026-09-01T21:00:00+00:00,23,26,,동북동 7km/h,N/A,N/A,41%,"{""real_feel"": 26, ""visibility"": ""8km"", ""cloud_cover"": ""100%"", ""cloud_ceiling"": ""500m"", ""precip_probability"": ""41%"", ""acculumen_brightness"": ""0 (어둡게)""}"
107223,2026-08-30T14:05:29.909512+09:00,2026-09-02T07:00:00+09:00,1788300000,2026-09-01T22:00:00+00:00,24,27,27,동 7km/h,N/A,0,34%,"{""humidity"": ""90%"", ""dew_point"": ""22° C"", ""real_feel"": 27, ""visibility"": ""8km"", ""cloud_cover"": ""99%"", ""cloud_ceiling"": ""500m"", ""precip_probability"": ""34%"", ""acculumen_brightness"": ""1 (어둡게)""}"
107224,2026-08-30T14:05:29.909512+09:00,2026-09-02T08:00:00+09:00,1788303600,2026-09-01T23:00:00+00:00,24,27,27,남동 9km/h,N/A,0,34%,"{""humidity"": ""87%"", ""dew_point"": ""22° C"", ""real_feel"": 27, ""visibility"": ""10km"", ""cloud_cover"": ""98%"", ""cloud_ceiling"": ""500m"", ""precip_probability"": ""34%"", ""acculumen_brightness"": ""1 (어둡게)""}"
107225,2026-08-30T14:05:29.909512+09:00,2026-09-02T09:00:00+09:00,1788307200,2026-09-02T00:00:00+00:00,25,29,28,남동 9km/h,N/A,1,39%,"{""humidity"": ""85%"", ""dew_point"": ""22° C"", ""real_feel"": 29, ""visibility"": ""10km"", ""cloud_cover"": ""98%"", ""cloud_ceiling"": ""9100m"", ""precip_probability"": ""39%"", ""acculumen_brightness"": ""1 (어둡게)""}"
107226,2026-08-30T14:05:29.909512+09:00,2026-09-02T10:00:00+09:00,1788310800,2026-09-02T01:00:00+00:00,26,30,29,동남동 9km/h,N/A,1,49%,"{""humidity"": ""84%"", ""dew_point"": ""23° C"", ""real_feel"": 30, ""visibility"": ""11km"", ""cloud_cover"": ""98%"", ""cloud_ceiling"": ""1200m"", ""precip_probability"": ""49%"", ""acculumen_brightness"": ""1 (어둡게)""}"
107227,2026-08-30T14:05:29.909512+09:00,2026-09-02T11:00:00+09:00,1788314400,2026-09-02T02:00:00+00:00,26,30,29,동 9km/h,N/A,1,59%,"{""비"": ""0.4mm"", ""humidity"": ""82%"", ""dew_point"": ""23° C"", ""real_feel"": 30, ""visibility"": ""10km"", ""wind_gusts"": ""15km/h"", ""cloud_cover"": ""99%"", ""cloud_ceiling"": ""1200m"", ""precip_probability"": ""59%"", ""acculumen_brightness"": ""1 (어둡게)""}"
107228,2026-08-30T14:05:29.909512+09:00,2026-09-02T12:00:00+09:00,1788318000,2026-09-02T03:00:00+00:00,27,31,29,동북동 9km/h,N/A,1,65%,"{""비"": ""1.1mm"", ""humidity"": ""81%"", ""dew_point"": ""24° C"", ""real_feel"": 31, ""visibility"": ""8km"", ""wind_gusts"": ""15km/h"", ""cloud_cover"": ""99%"", ""cloud_ceiling"": ""1200m"", ""precip_probability"": ""65%"", ""acculumen_brightness"": ""1 (어둡게)""}"
107229,2026-08-30T14:05:29.909512+09:00,2026-09-02T13:00:00+09:00,1788321600,2026-09-02T04:00:00+00:00,28,34,31,동북동 9km/h,N/A,3,0%,"{""humidity"": ""80%"", ""dew_point"": ""24° C"", ""real_feel"": 34, ""visibility"": ""16km"", ""wind_gusts"": ""17km/h"", ""cloud_cover"": ""98%"", ""cloud_ceiling"": ""9100m"", ""precip_probability"": ""0%"", ""acculumen_brightness"": ""1 (어둡게)""}"
107230,2026-08-30T14:05:29.909512+09:00,2026-09-02T14:00:00+09:00,1788325200,2026-09-02T05:00:00+00:00,28,34,32,동북동 9km/h,N/A,2,0%,"{""humidity"": ""78%"", ""dew_point"": ""24° C"", ""real_feel"": 34, ""visibility"": ""16km"", ""wind_gusts"": ""19km/h"", ""cloud_cover"": ""97%"", ""cloud_ceiling"": ""9100m"", ""precip_probability"": ""0%"", ""acculumen_brightness"": ""1 (어둡게)""}"
107231,2026-08-30T14:05:29.909512+09:00,2026-09-02T15:00:00+09:00,1788328800,2026-09-02T06:00:00+00:00,28,34,31,북동 9km/h,N/A,1,0%,"{""humidity"": ""80%"", ""dew_point"": ""24° C"", ""real_feel"": 34, ""visibility"": ""16km"", ""wind_gusts"": ""19km/h"", ""cloud_cover"": ""96%"", ""cloud_ceiling"": ""9100m"", ""precip_probability"": ""0%"", ""acculumen_brightness"": ""1 (어둡게)""}"
107232,2026-08-30T14:05:29.909512+09:00,2026-09-02T16:00:00+09:00,1788332400,2026-09-02T07:00:00+00:00,27,33,31,북동 9km/h,N/A,1,0%,"{""humidity"": ""82%"", ""dew_point"": ""24° C"", ""real_feel"": 33, ""visibility"": ""16km"", ""wind_gusts"": ""19km/h"", ""cloud_cover"": ""97%"", ""cloud_ceiling"": ""9100m"", ""precip_probability"": ""0%"", ""acculumen_brightness"": ""1 (어둡게)""}"
107233,2026-08-30T14:05:29.909512+09:00,2026-09-02T17:00:00+09:00,1788336000,2026-09-02T08:00:00+00:00,27,32,32,북동 9km/h,N/A,0,0%,"{""humidity"": ""86%"", ""dew_point"": ""24° C"", ""real_feel"": 32, ""visibility"": ""16km"", ""wind_gusts"": ""19km/h"", ""cloud_cover"": ""98%"", ""cloud_ceiling"": ""9100m"", ""precip_probability"": ""0%"", ""acculumen_brightness"": ""1 (어둡게)""}"
107234,2026-08-30T14:05:29.909512+09:00,2026-09-02T18:00:00+09:00,1788339600,2026-09-02T09:00:00+00:00,26,31,31,북동 7km/h,N/A,0,0%,"{""humidity"": ""87%"", ""dew_point"": ""24° C"", ""real_feel"": 31, ""visibility"": ""16km"", ""wind_gusts"": ""19km/h"", ""cloud_cover"": ""100%"", ""cloud_ceiling"": ""9100m"", ""precip_probability"": ""0%"", ""acculumen_brightness"": ""0 (어둡게)""}"
107235,2026-08-30T14:05:29.909512+09:00,2026-09-02T19:00:00+09:00,1788343200,2026-09-02T10:00:00+00:00,25,30,30,동북동 6km/h,N/A,0,0%,"{""humidity"": ""91%"", ""dew_point"": ""24° C"", ""real_feel"": 30, ""visibility"": ""16km"", ""cloud_cover"": ""100%"", ""cloud_ceiling"": ""9100m"", ""precip_probability"": ""0%"", ""acculumen_brightness"": ""0 (어둡게)""}"
107236,2026-08-30T14:05:29.909512+09:00,2026-09-02T20:00:00+09:00,1788346800,2026-09-02T11:00:00+00:00,25,29,,동북동 6km/h,N/A,N/A,0%,"{""real_feel"": 29, ""visibility"": ""16km"", ""cloud_cover"": ""100%"", ""cloud_ceiling"": ""9100m"", ""precip_probability"": ""0%"", ""acculumen_brightness"": ""0 (어둡게)""}"
107237,2026-08-30T14:05:29.909512+09:00,2026-09-02T21:00:00+09:00,1788350400,2026-09-02T12:00:00+00:00,24,28,,동북동 6km/h,N/A,N/A,0%,"{""real_feel"": 28, ""visibility"": ""16km"", ""cloud_cover"": ""100%"", ""cloud_ceiling"": ""9100m"", ""precip_probability"": ""0%"", ""acculumen_brightness"": ""0 (어둡게)""}"
107238,2026-08-30T14:05:29.909512+09:00,2026-09-02T22:00:00+09:00,1788354000,2026-09-02T13:00:00+00:00,24,27,,동북동 6km/h,N/A,N/A,0%,"{""real_feel"": 27, ""visibility"": ""16km"", ""cloud_cover"": ""100%"", ""cloud_ceiling"": ""9100m"", ""precip_probability"": ""0%"", ""acculumen_brightness"": ""0 (어둡게)""}"
107239,2026-08-30T14:05:29.909512+09:00,2026-09-02T23:00:00+09:00,1788357600,2026-09-02T14:00:00+00:00,23,27,,동북동 6km/h,N/A,N/A,0%,"{""real_feel"": 27, ""visibility"": ""16km"", ""cloud_cover"": ""100%"", ""cloud_ceiling"": ""9100m"", ""precip_probability"": ""0%"", ""acculumen_brightness"": ""0 (어둡게)""}"
